date,store_id,department,weekly_sales,pred_linear_regression,pred_random_forest,pred_xgboost
2024-06-01,1,1,61506.45,71673.59673231779,49918.51744353697,56895.516
2024-06-08,1,1,9295.16,81758.78748970872,68526.90567357653,57803.527
2024-06-15,1,1,25812.38,75779.83145209897,62705.0418924121,63832.953
2024-06-22,1,1,55422.76,72353.38634870946,63798.40117354397,60761.516
2024-06-29,1,1,58450.43,72323.46344748465,58611.4548076772,56329.79
2024-07-06,1,1,41974.22,72555.18555898542,83606.7682278804,70692.78
2024-07-13,1,1,97841.93,74480.28656751907,45248.7375847376,54023.16
2024-07-20,1,1,98812.46,68117.01121072346,53320.92143304194,55137.92
2024-07-27,1,1,16870.24,68177.77909029563,52177.604152887565,48568.21
2024-08-03,1,1,32390.74,71753.87307337427,54525.982905058445,57150.184
2024-08-10,1,1,48321.53,73006.29077928275,60178.25266002826,59292.63
2024-08-17,1,1,51703.46,68323.23723560755,59286.81978286026,60098.918
2024-08-24,1,1,33274.53,68427.52248150104,63465.524716356835,56352.117
2024-08-31,1,1,25620.7,74435.93266942917,46990.456176690794,56919.797
2024-06-01,1,2,51428.06,73190.6715440854,65020.570962455095,62555.445
2024-06-08,1,2,37809.71,81498.84150461762,61651.30028469019,68066.42
2024-06-15,1,2,97206.88,76470.1210411656,62589.822081409206,62814.543
2024-06-22,1,2,82876.59,75424.91699025955,59934.03979751881,67930.23
2024-06-29,1,2,16729.99,74134.20990482054,60513.047351956404,55968.44
2024-07-06,1,2,79576.89,72871.39289081638,92146.82067816146,73092.83
2024-07-13,1,2,37816.06,79984.23507607362,64807.01831555496,60886.16
2024-07-20,1,2,52491.22,68390.85469324433,64570.67870795492,61525.992
2024-07-27,1,2,83178.25,69272.9641570494,61071.83560983475,65874.555
2024-08-03,1,2,21573.73,75859.68426973504,61009.8629085847,61073.777
2024-08-10,1,2,12001.59,72603.17750109645,59034.398033537145,58829.082
2024-08-17,1,2,93085.33,62300.119728517435,66916.31998853246,69425.59
2024-08-24,1,2,97165.88,69895.62226775519,64728.93129496979,63496.527
2024-08-31,1,2,62875.87,83157.40724412847,65515.68903578975,68623.52
2024-06-01,1,3,50539.8,68834.52207623082,69149.7422344397,71597.33
2024-06-08,1,3,102527.05,76688.29568905264,66845.43968462682,66371.85
2024-06-15,1,3,35686.47,72497.94469694706,69606.31150032174,66400.6
2024-06-22,1,3,55517.92,70889.23947770253,65973.12411084697,67494.85
2024-06-29,1,3,11296.65,68718.98717732562,67039.34939406632,60085.22
2024-07-06,1,3,17674.18,73718.01908266699,95580.45092938404,77891.03
2024-07-13,1,3,72330.9,69547.91223659707,62744.37984548143,61678.277
2024-07-20,1,3,45204.08,64796.49815881166,67766.36151432894,63029.703
2024-07-27,1,3,110318.14,65546.01232085662,68540.43566377599,67766.1
2024-08-03,1,3,19137.37,74829.68121109827,68456.99741655818,63171.67
2024-08-10,1,3,80873.25,67299.15338204362,67267.83803967567,67576.1
2024-08-17,1,3,107118.33,64303.97940904396,71576.7778056111,60805.113
2024-08-24,1,3,33737.14,73347.45155296955,69212.30379357288,61186.996
2024-08-31,1,3,49564.58,82418.57954213797,71340.7858401951,72074.82
2024-06-01,1,4,85724.73,78375.87982053478,68034.40259330602,66446.82
2024-06-08,1,4,19789.83,90514.05282602672,69878.35910043158,55861.156
2024-06-15,1,4,108902.25,82153.94516550362,69303.35364654745,70717.95
2024-06-22,1,4,106912.03,82997.20554250194,72623.35944058932,69082.71
2024-06-29,1,4,91995.35,87819.97581247846,72741.41236393308,62660.633
2024-07-06,1,4,65646.3,87924.41792576277,92136.3823829403,99317.23
2024-07-13,1,4,14687.37,86439.03444694201,71403.65937590411,66947.99
2024-07-20,1,4,37040.44,80413.72308028323,70292.50398380987,72798.234
2024-07-27,1,4,80613.91,76600.03782521645,69552.04832367942,69420.07
2024-08-03,1,4,57169.79,80697.5318677827,68820.16064723142,66736.57
2024-08-10,1,4,10991.14,79308.17856623724,72382.72759002821,75647.984
2024-08-17,1,4,45809.13,66638.50153389215,67690.34451253442,63233.508
2024-08-24,1,4,74613.45,67751.56493776813,66616.4561899817,64350.035
2024-08-31,1,4,70761.18,75069.64228655555,65998.2909552866,64301.676
2024-06-01,1,5,24718.26,83280.7945739674,80735.22568449414,67048.305
2024-06-08,1,5,67090.39,88891.25636098094,76089.03029036235,77178.836
2024-06-15,1,5,121405.82,79211.06118391606,75926.03261905168,74685.26
2024-06-22,1,5,41328.84,81120.93424849119,75609.88488671157,75040.46
2024-06-29,1,5,106870.36,81231.47549463107,76480.61771262197,75148.086
2024-07-06,1,5,97141.48,82809.40854797242,86332.27380655821,97518.97
2024-07-13,1,5,29042.87,87178.94694314347,74914.16225718732,69300.31
2024-07-20,1,5,15694.93,76890.51513963583,67549.21426670784,67213.73
2024-07-27,1,5,93954.13,76396.4255606542,71296.61332587677,70011.83
2024-08-03,1,5,21860.54,85962.73712600107,76842.41885922015,72105.28
2024-08-10,1,5,102823.28,78604.71549478467,69933.44198303805,75346.98
2024-08-17,1,5,82495.44,72240.09268711577,67566.21129417262,72232.375
2024-08-24,1,5,16503.56,77725.33533374895,72154.44683191938,67564.586
2024-08-31,1,5,37874.84,80705.55104465992,72233.36451891268,76078.52
2024-06-01,1,6,107356.29,74647.1321944418,75555.91766898363,78807.87
2024-06-08,1,6,104420.72,85429.44571872131,75512.36926407572,71941.21
2024-06-15,1,6,99663.18,80099.23708832398,76386.89906922687,75047.84
2024-06-22,1,6,101080.76,82119.56156455635,81277.8718576012,76433.73
2024-06-29,1,6,38850.66,89481.73004714373,78433.34785665051,71317.54
2024-07-06,1,6,127776.49,96611.16074026105,109878.62893807689,96741.164
2024-07-13,1,6,79470.29,103905.67250114988,80302.1544760548,70301.32
2024-07-20,1,6,31593.57,92641.25008363585,79743.26331431992,72592.03
2024-07-27,1,6,126201.61,86917.12440231221,82534.34731682624,76286.5
2024-08-03,1,6,64116.7,94268.640817195,83105.19890547017,68987.28
2024-08-10,1,6,41983.76,87881.48066589495,76861.37814294336,74084.42
2024-08-17,1,6,89225.41,77703.64478398731,78716.34398657484,72478.125
2024-08-24,1,6,74409.51,81882.8817271681,76298.20734265284,64991.855
2024-08-31,1,6,47179.39,89679.41316200569,76890.12920003828,75219.76
2024-06-01,1,7,14250.4,80930.56720591831,77701.2300959601,88562.55
2024-06-08,1,7,122371.05,86501.11728515365,76948.09172616318,86512.6
2024-06-15,1,7,11890.4,84319.07209858237,81637.67347654706,83259.32
2024-06-22,1,7,31100.93,76889.22910970994,74580.06474041347,79630.875
2024-06-29,1,7,40628.41,73997.30790964261,70242.05537920726,80296.836
2024-07-06,1,7,37409.59,79741.82863975954,75899.93404882244,101380.14
2024-07-13,1,7,91040.19,74459.03452502182,63018.5438687512,79306.39
2024-07-20,1,7,22479.27,69927.2078631401,67621.77888397427,77393.13
2024-07-27,1,7,59163.04,64154.25589902684,70630.7441736252,76140.06
2024-08-03,1,7,117224.87,71340.99760996999,70735.01144006425,73833.13
2024-08-10,1,7,25754.08,71330.37069782006,66436.75933519712,75175.38
2024-08-17,1,7,13611.12,65580.82108480606,77822.95020865164,76173.75
2024-08-24,1,7,23133.03,69907.07725344787,69522.98244455196,77671.625
2024-08-31,1,7,28256.12,79984.78494962212,71727.32971665607,78549.9
2024-06-01,1,8,85574.74,80738.07902360937,79216.78009547353,76529.63
2024-06-08,1,8,83207.48,87881.55796325725,75650.87557687616,75752.65
2024-06-15,1,8,42200.66,82583.4260092004,78660.3068775131,74413.61
2024-06-22,1,8,124597.42,77160.66267976584,75782.74245599279,80537.65
2024-06-29,1,8,133759.67,86906.1330962501,76339.30419598125,77251.41
2024-07-06,1,8,40098.08,93143.11433873061,105819.34800362063,103878.62
2024-07-13,1,8,79971.83,96446.33650046101,82418.48043966734,85368.266
2024-07-20,1,8,74778.77,85763.29921587562,77848.4671265937,77419.51
2024-07-27,1,8,117100.97,85724.08114564378,76796.79462896196,73078.86
2024-08-03,1,8,111113.81,90220.57082435672,80181.46071610835,78369.555
2024-08-10,1,8,64898.09,87962.13825123568,79664.02726936934,79255.29
2024-08-17,1,8,67614.86,83520.27157158902,79763.2968527025,77358.79
2024-08-24,1,8,54021.79,85169.83620701393,79414.6281205206,74439.164
2024-08-31,1,8,111047.37,89503.01617707155,76059.44845485559,79967.36
2024-06-01,1,9,41912.56,85786.28122179746,80498.98216451146,80879.08
2024-06-08,1,9,32292.57,93025.20938407938,80466.05686066755,83489.84
2024-06-15,1,9,47506.8,82665.65546041491,78020.24159986518,80512.11
2024-06-22,1,9,15667.09,74426.17444992377,69862.63684791415,76321.89
2024-06-29,1,9,99333.41,70230.23199373262,69091.73864209423,72850.92
2024-07-06,1,9,147741.39,79248.04782292855,74630.76848796329,93696.49
2024-07-13,1,9,105802.18,92225.69340811833,82562.6477113374,83768.74
2024-07-20,1,9,142251.1,78748.20507227152,81434.6106884888,86574.86
2024-07-27,1,9,65147.68,77921.95929955959,84903.69528888924,78491.67
2024-08-03,1,9,89405.84,87548.42708797328,78608.04821157822,80416.516
2024-08-10,1,9,86428.31,88903.58400997799,81336.4887837503,78968.53
2024-08-17,1,9,125874.97,86989.79889635567,85525.08442178248,79237.414
2024-08-24,1,9,126589.54,96505.09105344585,88441.22128047515,86046.67
2024-08-31,1,9,21221.04,105807.50554299692,90669.45012579871,84710.98
2024-06-01,1,10,104666.3,78681.12856736331,77649.09443677,82695.96
2024-06-08,1,10,142487.35,92001.47453654849,78249.59099558735,76964.08
2024-06-15,1,10,87413.1,90078.08587721182,81949.03812416662,83978.125
2024-06-22,1,10,75610.0,84807.71977051412,80800.38900239163,83188.89
2024-06-29,1,10,35515.51,85439.5252373266,76859.56947382409,77361.04
2024-07-06,1,10,32640.57,92485.74344258566,111550.85326976633,107023.64
2024-07-13,1,10,122017.38,94776.51424609486,77393.2298355579,81705.58
2024-07-20,1,10,121258.11,91143.42640824721,81687.21037931913,82551.33
2024-07-27,1,10,71249.81,90297.35652734945,86699.54524933868,84752.305
2024-08-03,1,10,129976.42,89940.7841560345,82250.0164478008,80544.49
2024-08-10,1,10,55263.6,85029.29357328147,78588.82408795514,79883.95
2024-08-17,1,10,143238.24,78976.0875963803,76833.73158727345,77940.29
2024-08-24,1,10,135939.62,88721.44076013862,81988.85406785434,82575.305
2024-08-31,1,10,64404.09,104237.30692968963,83404.82510205278,84638.984
2024-06-01,1,11,88127.02,82176.4945744685,81279.22546149603,82717.29
2024-06-08,1,11,120224.48,88795.21092300484,79663.59838992446,80088.59
2024-06-15,1,11,35492.63,84276.68386013809,81704.9382408374,83905.836
2024-06-22,1,11,73188.2,81158.08833860804,77588.38725764462,84506.44
2024-06-29,1,11,77107.22,83219.98004441874,75880.18157065682,82450.734
2024-07-06,1,11,102568.56,90007.40667373803,104721.35835254306,103000.94
2024-07-13,1,11,36935.85,91222.76221177078,76286.94234404269,80400.18
2024-07-20,1,11,99062.67,82833.12880869035,76689.71296727558,80930.94
2024-07-27,1,11,107172.37,81349.55687483164,76104.08380816695,76955.12
2024-08-03,1,11,27157.52,87735.62929860616,76325.24021905163,77630.89
2024-08-10,1,11,30242.79,80110.96471399663,77437.40554110224,86191.484
2024-08-17,1,11,141729.49,75249.99777737077,70019.99150790244,76800.54
2024-08-24,1,11,122811.43,87114.68809040185,83137.27766562247,84322.12
2024-08-31,1,11,77180.33,97361.52927773973,81840.9139766632,89675.195
2024-06-01,1,12,161657.03,78686.91775979329,77770.77507580578,85002.03
2024-06-08,1,12,71972.42,96760.09228174618,85945.46841071932,85199.44
2024-06-15,1,12,24693.19,87512.59004400569,83796.81818372945,89675.79
2024-06-22,1,12,105840.15,78837.36017776071,82788.3403561484,88207.555
2024-06-29,1,12,148396.77,89140.85431404252,78805.45536153261,81653.15
2024-07-06,1,12,73394.72,96996.27931671537,105864.76934843729,106774.29
2024-07-13,1,12,111159.12,95858.15904350096,78881.19970410039,88522.695
2024-07-20,1,12,85477.91,88592.35595037683,81268.04986926302,86941.19
2024-07-27,1,12,51298.59,91380.80839654649,82392.10050480936,81133.41
2024-08-03,1,12,103706.28,87440.80221695159,76360.74327032988,85358.266
2024-08-10,1,12,15950.44,88771.79145119566,81918.10598588557,82861.016
2024-08-17,1,12,157670.12,84135.31978655909,82048.70434934316,85712.45
2024-08-24,1,12,67820.39,94867.53901940156,89541.57187961241,85762.086
2024-08-31,1,12,42210.65,97996.66027264699,81245.08418260464,85143.93
2024-06-01,1,13,146069.09,82886.3700768023,79375.08469727737,87255.69
2024-06-08,1,13,56204.13,98716.52954585821,80457.34954145041,86540.3
2024-06-15,1,13,40755.93,91541.6840885767,81915.03570637014,87711.0
2024-06-22,1,13,81375.06,88080.18480601048,85574.7064291785,91839.07
2024-06-29,1,13,109046.64,87388.308068277,79622.25287214479,85857.125
2024-07-06,1,13,121810.76,90776.1513065345,99969.87278997974,112111.305
2024-07-13,1,13,100053.73,98057.44153060103,80795.84812208169,88421.76
2024-07-20,1,13,108433.74,87399.56554631708,80326.41205961192,83552.81
2024-07-27,1,13,166097.93,85110.46505234967,79956.34686881157,81726.86
2024-08-03,1,13,31434.41,94743.55557725113,84584.35306363305,89665.99
2024-08-10,1,13,121733.85,95189.5673748973,89133.71876629975,92015.35
2024-08-17,1,13,113939.14,95378.26141948905,91248.18275668066,89656.484
2024-08-24,1,13,102529.27,102983.39392061988,91401.2472558247,85897.98
2024-08-31,1,13,72760.47,107161.66828104443,90948.50779497219,90541.94
2024-06-01,1,14,67517.04,90546.22399757698,89498.97539358611,92405.234
2024-06-08,1,14,21698.71,89079.41774792798,80855.50899769708,91918.82
2024-06-15,1,14,66045.23,82412.05938074001,84196.95743863609,93414.125
2024-06-22,1,14,107535.8,80375.32571842705,83603.5870498311,92224.35
2024-06-29,1,14,78750.84,81748.10851348474,86616.1880227305,94622.766
2024-07-06,1,14,105844.73,79611.43500384674,86879.72464737082,113834.02
2024-07-13,1,14,32779.14,86961.91781645318,83492.1295566297,90315.516
2024-07-20,1,14,73764.4,79533.10366999818,84839.65005490211,89124.59
2024-07-27,1,14,66343.31,76167.79678948369,71422.03855460613,83472.586
2024-08-03,1,14,90592.49,81791.03874920504,73187.61625926547,88586.77
2024-08-10,1,14,154708.6,82282.24119880388,83022.84001597318,90573.04
2024-08-17,1,14,51050.43,83872.02386304745,85840.81850802487,88378.7
2024-08-24,1,14,49651.63,84583.1646372026,83098.32411478304,94131.02
2024-08-31,1,14,80434.81,92672.22665569768,82183.00142944942,90340.49
2024-06-01,1,15,101067.69,103226.72231951426,95188.1202225989,95191.164
2024-06-08,1,15,45909.87,110291.74994266167,95380.53052160313,94012.984
2024-06-15,1,15,22635.63,102333.72775929802,90893.23434804774,97860.875
2024-06-22,1,15,155598.62,96820.49120751029,87745.94071276553,93260.75
2024-06-29,1,15,39298.87,105102.6932528441,91187.15338444803,99230.16
2024-07-06,1,15,98975.15,99683.7677767227,109292.60022648776,132595.44
2024-07-13,1,15,51993.22,98402.12872975745,86729.69665231883,100810.47
2024-07-20,1,15,43774.94,88283.85265596712,88653.81205262954,89344.97
2024-07-27,1,15,34686.68,75942.92857365767,93215.07162104914,92878.77
2024-08-03,1,15,90427.28,77740.54985328094,74555.0322606367,86704.375
2024-08-10,1,15,31032.6,77872.42262935979,71605.31336256383,90064.53
2024-08-17,1,15,108742.75,71806.59735028027,73695.10347279707,91082.85
2024-08-24,1,15,125593.11,74635.29086768732,72636.63022394667,83105.875
2024-08-31,1,15,51293.77,89115.31206367357,88711.82523776646,94596.8
2024-06-01,1,16,68651.41,90722.94381845093,98407.64928778101,97517.055
2024-06-08,1,16,146234.99,104116.4999723685,94614.71671882145,97078.13
2024-06-15,1,16,47993.31,105301.55452419896,95298.84677771115,94767.66
2024-06-22,1,16,38995.07,99844.59705470814,91010.89085290256,97150.41
2024-06-29,1,16,137516.89,95479.58569862673,89494.35759426866,93016.055
2024-07-06,1,16,189695.14,103823.39325308747,115381.74918976625,122225.83
2024-07-13,1,16,85835.65,114970.6217754035,96517.12568070967,102679.62
2024-07-20,1,16,114533.91,100510.33572305777,94452.1263610119,104086.16
2024-07-27,1,16,69451.43,94792.1266053573,95200.78654546273,101051.72
2024-08-03,1,16,59767.73,102741.51245907901,92999.74322873625,89603.41
2024-08-10,1,16,53943.61,90502.39027087603,96946.70695036415,97229.4
2024-08-17,1,16,86084.48,86688.68329158495,93448.60915470748,92522.14
2024-08-24,1,16,73643.69,91558.96415109464,90040.61514785708,95778.78
2024-08-31,1,16,122882.0,95238.95723518432,92298.1414286642,93588.945
2024-06-01,1,17,142127.5,106120.29745490046,96069.12195633187,97958.03
2024-06-08,1,17,34360.82,119396.46216364345,99276.49921288056,105276.2
2024-06-15,1,17,44594.59,99762.56697476303,96592.4292956731,107531.69
2024-06-22,1,17,57910.18,91564.48073647628,100390.96801201293,108346.88
2024-06-29,1,17,63508.3,90576.44275251846,86712.41161435476,100387.02
2024-07-06,1,17,142873.58,83118.27258151336,98886.3393142214,137313.98
2024-07-13,1,17,165580.46,89007.96031358498,94059.64985261718,105267.45
2024-07-20,1,17,107253.42,89430.26839417405,97180.33218311315,106669.78
2024-07-27,1,17,164226.4,88734.30487664731,101921.98391171456,99001.51
2024-08-03,1,17,159688.97,92989.20604459904,94195.17884109158,104018.29
2024-08-10,1,17,18999.76,99897.23372632079,96511.19657361227,108020.27
2024-08-17,1,17,60430.77,98747.3788020653,96476.04832348412,103415.62
2024-08-24,1,17,53887.61,106691.26153910055,97862.45003199816,98542.86
2024-08-31,1,17,20846.04,114541.36079456296,97612.8407053821,96949.75
2024-06-01,1,18,91476.52,95631.93781320655,99499.82469469955,105975.31
2024-06-08,1,18,39078.63,104539.52928513318,100025.33652075808,101527.09
2024-06-15,1,18,154058.11,93008.08501757807,103524.87617680858,117172.57
2024-06-22,1,18,159505.43,102009.88851679323,104281.20998371478,113829.92
2024-06-29,1,18,117138.48,109630.17595428095,106946.16078309495,109699.95
2024-07-06,1,18,139197.02,106018.03256205496,107309.77284687143,121222.58
2024-07-13,1,18,54746.69,105521.92683715853,106914.77834423691,107929.21
2024-07-20,1,18,184848.93,102858.15209340688,104029.93508227316,104687.59
2024-07-27,1,18,72075.91,105058.24349639504,105340.11052186707,107455.81
2024-08-03,1,18,56749.94,110015.24449660152,104509.55431262597,104006.055
2024-08-10,1,18,174213.71,108483.78974016802,103997.97046832625,108332.83
2024-08-17,1,18,154134.43,106065.86882600526,104227.78288618203,104485.28
2024-08-24,1,18,120546.96,106890.8057999051,107680.93407490333,107388.18
2024-08-31,1,18,51266.41,113063.2233740855,114445.52584213256,114298.18
2024-06-01,1,19,37614.76,105112.79487911786,106708.54106802288,106523.04
2024-06-08,1,19,52417.24,115560.60624030759,114875.51143809882,112630.8
2024-06-15,1,19,47570.06,111084.73540866942,107150.39127347856,107819.266
2024-06-22,1,19,58325.97,105792.61057982015,106390.18518064423,114706.15
2024-06-29,1,19,126748.3,91652.29207856001,99574.15934725499,101997.875
2024-07-06,1,19,234230.58,95187.70404274942,101159.34346222831,126490.734
2024-07-13,1,19,50024.97,117485.96457599208,113576.57764560542,123120.59
2024-07-20,1,19,135886.44,97479.80112690746,98018.61095753219,103920.28
2024-07-27,1,19,128810.74,93558.00351717105,97316.67734782379,107658.22
2024-08-03,1,19,117876.19,106873.00319697478,102247.54400394765,117682.65
2024-08-10,1,19,98170.97,101753.19539411901,105805.27861649363,109767.19
2024-08-17,1,19,132091.97,96129.04989572181,107957.7444204001,103010.13
2024-08-24,1,19,36946.21,105410.57158501816,111869.89207541232,111998.8
2024-08-31,1,19,131149.74,112379.84034129168,104626.41403322891,110704.28
2024-06-01,1,20,141699.46,94566.49041009552,108002.21076917258,108871.945
2024-06-08,1,20,91539.17,109777.60701978474,113221.2625268459,108120.49
2024-06-15,1,20,166402.56,101944.35442380825,108663.03717966459,106508.57
2024-06-22,1,20,187965.01,100965.89508525975,105563.67943055496,112142.26
2024-06-29,1,20,121792.27,107729.6551095267,124034.52096681611,110011.664
2024-07-06,1,20,83687.35,106532.98129214306,128445.98129983046,144187.81
2024-07-13,1,20,153064.67,112678.5025910633,123772.61048378116,115354.35
2024-07-20,1,20,162980.78,107398.96958614749,104919.90767667218,109005.1
2024-07-27,1,20,193570.58,113144.34573628884,112600.29652162187,108445.05
2024-08-03,1,20,107963.03,121550.78230214654,123140.39686519421,112792.625
2024-08-10,1,20,191657.42,118514.03733461566,124110.81725089434,122289.11
2024-08-17,1,20,166131.35,115067.8547068788,103686.98960055436,106000.56
2024-08-24,1,20,146592.46,118603.25504167695,121467.1913248348,117698.234
2024-08-31,1,20,135411.73,127591.4188008348,133194.83598482082,125179.97
2024-06-01,2,1,1413.56,3058.697081636372,6206.322342002628,4860.9614
2024-06-08,2,1,7696.63,-2370.4881888459804,5866.743699815863,5054.8315
2024-06-15,2,1,5907.52,-662.8434842060924,6019.0163223380405,5081.6543
2024-06-22,2,1,7201.8,4907.32947872876,6293.660681957656,4944.6855
2024-06-29,2,1,2720.46,1611.335629112884,6259.832329909092,4971.2056
2024-07-06,2,1,8027.63,34127.51564601822,8648.393642387176,6999.124
2024-07-13,2,1,2128.06,2862.2287372317005,6164.563897114192,4886.123
2024-07-20,2,1,5538.36,5201.967983458486,6162.341132763183,4863.078
2024-07-27,2,1,985.49,1144.5935335999457,6406.178249586705,4957.2925
2024-08-03,2,1,1257.69,4046.3210837846527,6375.378203908056,4863.078
2024-08-10,2,1,3635.09,-172.43201581849644,6419.799305304408,4865.1987
2024-08-17,2,1,3076.54,1814.661938333662,6260.780065312638,5238.5776
2024-08-24,2,1,9161.08,7365.410756755529,6091.822313523231,4892.304
2024-08-31,2,1,2071.58,2084.145935786106,6517.225262866883,5123.561
2024-06-01,2,2,2339.22,2875.9618601443,6244.487851534339,4781.3345
2024-06-08,2,2,1591.59,-2674.4142198640184,6061.196105536351,5029.445
2024-06-15,2,2,2850.6,-1508.6916832673505,6345.602403004122,4890.586
2024-06-22,2,2,3103.57,3658.425768018409,6426.033780278043,4865.0586
2024-06-29,2,2,8048.32,83.44032995282396,6346.789463416757,5044.146
2024-07-06,2,2,9481.02,33667.540079011276,7929.357516052431,7628.072
2024-07-13,2,2,7249.56,2464.151138795831,6332.076173088771,4915.4453
2024-07-20,2,2,8825.64,4773.823040449879,6487.485243994617,4783.45
2024-07-27,2,2,6613.26,890.8433774917685,6145.960015329429,4831.5396
2024-08-03,2,2,7342.48,4077.4898495972884,6349.283404481255,5036.3857
2024-08-10,2,2,819.66,813.9932698861048,6371.243490509125,4794.9937
2024-08-17,2,2,3342.69,3273.3403967586783,6439.463552859239,5112.8247
2024-08-24,2,2,1413.54,9281.063874639378,6721.126284258398,4857.4956
2024-08-31,2,2,877.96,2945.5816342759317,6758.65560123992,5218.1216
2024-06-01,2,3,3576.15,4041.5096673916887,6655.682842431166,4784.2646
2024-06-08,2,3,7576.19,-1744.1857301281925,6501.746923638092,4897.6787
2024-06-15,2,3,2880.18,-408.1410292435721,6645.6094680552105,4921.8555
2024-06-22,2,3,860.58,4696.321683481976,6640.690062080841,4926.3906
2024-06-29,2,3,10330.36,786.9941413686538,6539.7443544488215,4894.508
2024-07-06,2,3,6450.43,34186.46250537514,9257.655785059354,8277.559
2024-07-13,2,3,9383.28,2686.1974067001393,6811.167730687765,4812.914
2024-07-20,2,3,2791.2,5253.91995385171,6811.504203781707,4786.3804
2024-07-27,2,3,3340.22,1393.5008901230285,6920.506992468709,4848.053
2024-08-03,2,3,8891.47,4142.4971349966945,6919.7910996795745,4786.3804
2024-08-10,2,3,4228.3,803.6252496642264,7098.218968255615,4697.5566
2024-08-17,2,3,9832.52,2788.3845120600927,6804.946979683122,4744.4854
2024-08-24,2,3,4697.08,9381.635892077524,6921.004264254989,4874.0093
2024-08-31,2,3,9679.8,3033.1955164475767,6915.699829495228,4847.1426
2024-06-01,2,4,5199.88,3543.5427635350497,6660.560902950383,5250.9995
2024-06-08,2,4,7078.34,-1607.2942056398006,6500.272219391782,5487.641
2024-06-15,2,4,6281.84,-176.53836650200174,6700.487645873795,5332.707
2024-06-22,2,4,10521.81,4827.050151361229,6582.277599554173,5468.4404
2024-06-29,2,4,5734.02,1996.8560850860085,6816.174368441079,5494.9595
2024-07-06,2,4,5126.71,34960.86797903201,8326.439915342966,6973.1113
2024-07-13,2,4,3316.83,3185.4733535904998,6747.219579022592,5438.117
2024-07-20,2,4,9070.81,5596.139451531144,6808.921279224212,5495.9814
2024-07-27,2,4,8440.86,1902.4005904340265,6731.6444525915385,5390.103
2024-08-03,2,4,8966.11,4880.20776839873,6937.382505907098,5386.832
2024-08-10,2,4,3906.55,1309.6657980668242,7076.242413530813,5298.0083
2024-08-17,2,4,4017.76,3214.741882597238,6812.82325747428,5983.5137
2024-08-24,2,4,5888.61,8924.21410513761,6909.57017080719,5282.3423
2024-08-31,2,4,5719.91,3009.9871628362125,6952.04223140966,5403.32
2024-06-01,2,5,9920.07,3549.916608990745,6746.432699280664,5158.167
2024-06-08,2,5,1587.12,-1474.9744214377515,6901.198493023433,5386.9478
2024-06-15,2,5,3387.66,-132.23031810406974,6831.439235764844,5904.176
2024-06-22,2,5,6274.72,5297.955386926969,6694.137939326481,5367.747
2024-06-29,2,5,3129.97,2244.997852269673,6736.128786896473,5394.267
2024-07-06,2,5,12326.36,34588.46290565769,9053.530294339389,8838.976
2024-07-13,2,5,6124.31,3580.0157833164158,6904.437965838106,5501.843
2024-07-20,2,5,3700.47,5881.649333473557,6872.825992849666,5286.1396
2024-07-27,2,5,4387.19,1603.909458295373,6810.782685126748,5163.5547
2024-08-03,2,5,7470.44,4172.275631457254,7465.450907534255,5286.1396
2024-08-10,2,5,1977.35,608.9389814907408,6993.668792017303,5197.316
2024-08-17,2,5,7028.0,2649.1243334434985,6752.051510457613,5551.402
2024-08-24,2,5,3370.44,8766.872783302231,7149.87202786491,5189.5107
2024-08-31,2,5,11212.93,2863.021623952707,7138.33450330853,5622.1978
2024-06-01,2,6,6822.15,3796.7158713237695,6675.552959232718,5840.177
2024-06-08,2,6,6761.49,-1315.0217184973226,6683.177383809705,5641.9014
2024-06-15,2,6,2176.83,53.29206845939916,6870.707492918464,5668.724
2024-06-22,2,6,1841.25,5068.595145876785,6673.634539610951,5740.2573
2024-06-29,2,6,10215.89,1617.8562325809726,6622.922317125734,5649.2197
2024-07-06,2,6,13495.27,35053.09689992316,8150.028683924119,9195.98
2024-07-13,2,6,7277.01,4156.5300463821695,7180.148856832438,5985.2544
2024-07-20,2,6,8176.12,6241.620218958895,7338.391812460397,5995.139
2024-07-27,2,6,5647.1,2029.07977041274,7050.283294161512,5544.3623
2024-08-03,2,6,11536.38,4970.320202662653,7912.947942778382,5541.0923
2024-08-10,2,6,3137.8,1545.4505537571276,7509.669200106121,5541.6924
2024-08-17,2,6,5770.83,3900.6684457142037,7413.367624483688,5915.0713
2024-08-24,2,6,11026.3,10156.225355778748,8757.02067081584,6551.4326
2024-08-31,2,6,5911.55,4403.806366795528,8237.371340541542,6440.218
2024-06-01,2,7,6380.63,5067.418916525166,7534.795266261797,6466.889
2024-06-08,2,7,1552.8,-154.1034476013665,7694.514980627266,6611.5503
2024-06-15,2,7,5656.11,1243.7951882918278,7726.985226599956,6596.6377
2024-06-22,2,7,2193.23,6163.871232940892,6856.150779641692,6057.42
2024-06-29,2,7,5497.52,2019.479868347702,6634.155322628966,6083.94
2024-07-06,2,7,5535.9,34677.81857958398,8018.974840087262,9934.065
2024-07-13,2,7,5454.05,3157.2206611600013,6810.6466500400475,6083.4854
2024-07-20,2,7,3784.89,4965.816904941203,6848.724228924067,5975.8125
2024-07-27,2,7,9774.63,493.2265162637341,6577.316037496731,5834.1
2024-08-03,2,7,1030.91,3789.0888880567763,6979.149651687814,5975.8125
2024-08-10,2,7,12168.16,314.537673027844,7006.277585218315,5742.0054
2024-08-17,2,7,1902.2,3055.9405641414887,7319.173504576507,6451.8755
2024-08-24,2,7,2015.56,9164.708875636083,7212.353822991535,6266.93
2024-08-31,2,7,7731.92,2889.139947941512,7323.782297026753,6311.8306
2024-06-01,2,8,3319.39,3877.8435763774687,6747.277453890951,6419.641
2024-06-08,2,8,1817.34,-1356.0045013303697,6965.330497383922,6522.567
2024-06-15,2,8,1670.64,-1162.8696117317231,6678.104986637266,6310.089
2024-06-22,2,8,6201.36,4028.7684856630876,6525.226772089176,6503.365
2024-06-29,2,8,4282.94,1134.773756465096,6565.9840931295885,6529.8853
2024-07-06,2,8,10170.25,33873.43723599122,9114.250849495304,11072.402
2024-07-13,2,8,11965.53,2350.8763191755934,6775.3163751602915,6529.4307
2024-07-20,2,8,2411.44,5119.8444724486435,6978.378369025467,6421.758
2024-07-27,2,8,11684.7,1314.7446359037676,7036.837050871556,6425.028
2024-08-03,2,8,4838.21,4748.879144854498,7329.219534087352,6421.758
2024-08-10,2,8,4367.89,1499.982974348448,7813.310585511024,6448.898
2024-08-17,2,8,12308.21,3560.720018568649,6792.030526706133,6706.313
2024-08-24,2,8,6128.29,10128.001627328966,7966.8895516659295,7130.896
2024-08-31,2,8,9865.65,4084.459707837901,8327.829030284785,6989.1284
2024-06-01,2,9,12902.12,4173.425653261733,6838.608646202075,6972.396
2024-06-08,2,9,1726.5,-587.3000926715104,7040.535895358331,7075.322
2024-06-15,2,9,12238.3,624.1961043415795,6935.182581370014,7438.634
2024-06-22,2,9,9653.14,6275.230652786911,7457.579749189726,7482.035
2024-06-29,2,9,7132.12,2903.061562070503,7870.766288218532,7419.1294
2024-07-06,2,9,7330.73,35886.34437192296,8539.031905945372,10920.433
2024-07-13,2,9,6776.44,4139.903999525322,8095.032542371892,7762.0967
2024-07-20,2,9,9268.66,6203.814875140026,7498.237884190042,7654.423
2024-07-27,2,9,3343.3,2577.2483244882133,8271.958652044008,7837.1196
2024-08-03,2,9,4911.96,4985.748110555123,7020.745245051453,6974.5127
2024-08-10,2,9,7473.52,1617.7769287242554,7255.676827114525,6975.113
2024-08-17,2,9,3726.93,3453.7474934266684,6805.131676130912,7259.068
2024-08-24,2,9,3375.76,8878.3386163785,6942.438859090662,7003.739
2024-08-31,2,9,4552.38,2691.4385055137172,7045.239086017546,7101.273
2024-06-01,2,10,12743.83,4738.876743616864,6884.807247249962,7141.778
2024-06-08,2,10,4401.34,-71.6474437981633,7558.904098051056,7244.7036
2024-06-15,2,10,6906.31,647.8439862110499,6862.1541583395365,7182.1025
2024-06-22,2,10,6205.06,5715.366718289046,6823.527008884178,7136.079
2024-06-29,2,10,12070.4,2506.6497373652273,7128.965731004036,7162.598
2024-07-06,2,10,6145.13,35438.20210385393,7919.935224837015,10318.004
2024-07-13,2,10,13692.49,3881.3214650380105,6982.369196239888,7251.5674
2024-07-20,2,10,8737.49,6774.514519355354,8794.496809572058,7734.382
2024-07-27,2,10,4923.18,3117.3358742335913,8446.998217533031,8217.146
2024-08-03,2,10,5605.07,5451.462651072783,7797.879736983665,7734.382
2024-08-10,2,10,8155.56,2121.4735748169805,8475.222360424832,7645.558
2024-08-17,2,10,4557.87,3978.24346549833,8166.20886789973,8018.937
2024-08-24,2,10,9852.05,9764.607423585934,8526.534531542358,7763.609
2024-08-31,2,10,2835.42,3785.319619136193,7491.621471971696,7270.655
2024-06-01,2,11,11986.04,6195.025997088753,9213.620765208054,9243.461
2024-06-08,2,11,11796.58,871.2980514118644,9162.029227564371,9236.542
2024-06-15,2,11,1353.33,2074.1106667962667,8689.316014173884,9026.35
2024-06-22,2,11,12040.0,7660.0110222703115,9325.63618647901,9200.879
2024-06-29,2,11,4265.22,4381.618874992189,9142.654059867926,9464.385
2024-07-06,2,11,14902.98,36747.930413705515,10444.935751452405,12443.477
2024-07-13,2,11,5088.9,5907.434665797624,9381.751944672053,9900.064
2024-07-20,2,11,6496.19,7680.107395651619,9201.53984014585,9245.576
2024-07-27,2,11,1237.2,3170.37625625078,8666.852175924434,8469.518
2024-08-03,2,11,11773.01,5571.971816049732,8130.201022249379,7827.434
2024-08-10,2,11,8595.58,1749.947807462715,7394.907356338113,7165.1333
2024-08-17,2,11,6175.25,4224.41874924587,8157.036813915732,8455.413
2024-08-24,2,11,10515.1,9731.694671664856,7422.581744655806,7706.707
2024-08-31,2,11,9934.29,3921.667774633839,8441.684425977852,8528.694
2024-06-01,2,12,5651.62,5613.779972138211,8779.442326452598,9299.3125
2024-06-08,2,12,6190.42,424.17155618339893,8566.79951994423,8825.445
2024-06-15,2,12,4301.31,1133.876057343139,8370.254865169753,8949.566
2024-06-22,2,12,5732.61,5844.71545162256,7067.773853918209,8242.249
2024-06-29,2,12,7031.87,2238.581821337655,6996.516585723634,8250.148
2024-07-06,2,12,5663.65,34926.40637522974,8618.440068046295,10797.535
2024-07-13,2,12,2225.72,2724.812014761763,6746.26344325605,8158.44
2024-07-20,2,12,1724.46,4883.2934097246325,6834.679475607744,8050.768
2024-07-27,2,12,12964.2,1045.5913352246425,6808.451253125582,7983.2354
2024-08-03,2,12,6040.2,4721.539355875415,7289.938653045259,8387.26
2024-08-10,2,12,1870.4,970.7565370285629,7395.071669566416,8021.709
2024-08-17,2,12,8055.94,2840.7189977701382,7051.059740861229,10117.3955
2024-08-24,2,12,13182.76,9073.739448435612,7660.445638181297,7732.4688
2024-08-31,2,12,8222.52,3479.241758680626,7363.387997950788,8177.53
2024-06-01,2,13,9224.98,4893.757631436154,7108.656680674196,8711.452
2024-06-08,2,13,10329.46,-620.7203663164619,6935.982239982488,8420.313
2024-06-15,2,13,14841.45,875.4954680526898,7634.814181459695,9399.512
2024-06-22,2,13,1909.74,6509.774168588836,8826.868088330422,9283.368
2024-06-29,2,13,7560.92,3039.2538469202846,7816.063276057818,9158.185
2024-07-06,2,13,17081.53,35991.22113751232,8581.92357067786,9992.562
2024-07-13,2,13,9414.08,5674.626530295096,10557.37057298121,10415.782
2024-07-20,2,13,8000.89,8031.6700067789025,9372.427790756601,9970.276
2024-07-27,2,13,14689.92,3707.573672924311,9242.935218299572,10101.851
2024-08-03,2,13,8735.27,6969.42585081622,9742.11331379254,9687.115
2024-08-10,2,13,12199.64,2971.015212963499,9652.772573824655,9918.17
2024-08-17,2,13,3308.65,4894.24859659074,9200.767943842637,10383.137
2024-08-24,2,13,7060.88,11423.648743390386,9980.387856858006,10278.534
2024-08-31,2,13,12984.13,5248.427276277907,9457.434428365224,10301.285
2024-06-01,2,14,6998.97,5328.749124365371,8353.511372267001,9549.602
2024-06-08,2,14,3133.11,-282.8651212263212,7864.249726097656,9978.346
2024-06-15,2,14,8573.8,1353.883898134376,8509.282453934307,10005.169
2024-06-22,2,14,1426.28,6081.174312283267,7178.944977176023,9368.657
2024-06-29,2,14,13499.5,2548.7392914219927,7097.121731858451,9206.31
2024-07-06,2,14,9954.07,36376.44655185266,8999.603234347169,12848.122
2024-07-13,2,14,13361.5,4842.7043599357785,8714.859079773207,10596.088
2024-07-20,2,14,3482.46,7016.771347342274,9169.28789430689,10445.144
2024-07-27,2,14,5396.95,2608.6116049143966,7404.10100113918,8836.765
2024-08-03,2,14,10295.13,5366.043022785663,7429.546711844773,9232.085
2024-08-10,2,14,11999.72,2365.3707027639357,8552.00064841757,9740.963
2024-08-17,2,14,10529.38,4476.409003829551,8749.014963810312,10393.213
2024-08-24,2,14,12655.24,10760.997393034824,9363.658280407306,10338.18
2024-08-31,2,14,1964.84,4468.16796710786,8855.421809733736,10948.172
2024-06-01,2,15,7434.91,5443.150192613524,8894.446463692158,11287.165
2024-06-08,2,15,15442.95,56.09511318448858,9055.730060704174,10897.289
2024-06-15,2,15,6769.66,1854.3441403203506,9009.256662417663,11314.294
2024-06-22,2,15,14333.5,7325.185364396199,9116.295590744938,11101.732
2024-06-29,2,15,11561.57,4684.972452915277,9778.352142188189,11773.149
2024-07-06,2,15,18527.08,37588.65796963843,14774.833618673678,17262.51
2024-07-13,2,15,7215.46,6508.08058361489,10212.766317081469,12024.927
2024-07-20,2,15,6778.46,8550.555422006211,9980.46513142446,11737.5
2024-07-27,2,15,7157.49,4603.9737783396085,10670.973643472234,12035.462
2024-08-03,2,15,14121.02,7612.394934608859,10504.304655072898,12001.51
2024-08-10,2,15,16112.77,3516.723987625959,9737.944396478495,10931.913
2024-08-17,2,15,9124.14,6247.895664740645,9760.465781573253,12614.818
2024-08-24,2,15,9651.18,11698.626768283768,10125.986289592081,12053.69
2024-08-31,2,15,9578.49,5555.498553969508,9517.957284100214,12029.283
2024-06-01,2,16,2511.84,4962.280512746711,9179.549272522176,11126.9
2024-06-08,2,16,9243.35,-522.9886942264638,7152.8506797549335,10415.745
2024-06-15,2,16,6297.05,808.0640580407489,7323.326992084883,10427.755
2024-06-22,2,16,16724.36,6413.532639071069,7599.3106954370405,9774.586
2024-06-29,2,16,13546.78,4128.256999725218,10330.96805819255,11739.041
2024-07-06,2,16,18892.08,36885.905636955984,12544.048722889518,16453.125
2024-07-13,2,16,4271.68,5994.798379663971,10418.228245776405,12558.075
2024-07-20,2,16,10520.1,8213.913759703588,10004.38495344208,11201.573
2024-07-27,2,16,8070.55,4322.915505771067,9947.860034383546,11923.4
2024-08-03,2,16,10982.21,7679.692775443331,10591.987599692995,12390.462
2024-08-10,2,16,4265.33,3579.326001681882,10344.167968241776,11899.751
2024-08-17,2,16,6108.53,5529.711314161286,9809.033343221046,12423.365
2024-08-24,2,16,14041.92,10825.146180856616,9734.966005827926,11563.771
2024-08-31,2,16,4281.91,5161.815884757874,9260.203485338196,11075.383
2024-06-01,2,17,3676.91,7116.052435281879,10022.104818620615,12232.877
2024-06-08,2,17,1824.45,1696.642791704311,10956.185518413275,12707.573
2024-06-15,2,17,8120.35,2861.239789518462,9688.195506340307,12180.022
2024-06-22,2,17,3560.64,7194.398717684398,8679.576930747535,11095.769
2024-06-29,2,17,12555.6,2876.147513782311,7650.117060857909,10143.496
2024-07-06,2,17,21060.29,36082.127389181354,8913.413095824793,18168.629
2024-07-13,2,17,13275.31,5547.147632572778,10016.02843841656,11720.593
2024-07-20,2,17,16502.28,7472.238617960684,10006.553680198163,11341.305
2024-07-27,2,17,8004.52,3555.6120807362204,10267.778473809143,11616.999
2024-08-03,2,17,7548.1,7113.580442931769,10124.858791374474,11968.33
2024-08-10,2,17,10315.72,3793.92310074898,10623.359164821028,11836.769
2024-08-17,2,17,12543.82,6182.041020456829,9688.56998787426,12514.673
2024-08-24,2,17,2799.76,12399.210373364629,10264.498171205274,9994.474
2024-08-31,2,17,11335.03,6023.901250998624,10365.244030653907,12175.929
2024-06-01,2,18,17343.18,7509.648259720318,10236.463008136388,12538.68
2024-06-08,2,18,10345.62,2691.1365805453097,11002.914616259031,12730.823
2024-06-15,2,18,4968.31,4453.662493994747,9784.472463412074,12786.778
2024-06-22,2,18,2495.93,8996.261304952539,9476.872329385813,12673.126
2024-06-29,2,18,11258.28,5174.138582120289,9802.830114133392,12197.936
2024-07-06,2,18,9255.89,37397.873501722934,13832.269171622322,9366.631
2024-07-13,2,18,5944.56,5232.885044197203,10293.907204847636,11681.829
2024-07-20,2,18,9914.72,6688.924333347841,9934.63073472316,10611.183
2024-07-27,2,18,7958.98,3035.9799011589203,10087.813474902927,11317.291
2024-08-03,2,18,12943.69,5110.144826989988,8138.613054790674,10260.715
2024-08-10,2,18,14745.06,1824.5409662715138,9479.064465702126,10659.44
2024-08-17,2,18,9960.43,4545.057746293132,10370.92089491363,11654.019
2024-08-24,2,18,9124.34,10944.106475008233,9966.200533265826,11787.461
2024-08-31,2,18,14028.55,4864.82315229129,9758.355321534755,11616.1455
2024-06-01,2,19,11872.5,7233.108045670026,9864.456574910204,12581.2
2024-06-08,2,19,4646.47,2196.0433267044646,10438.769860466162,11899.688
2024-06-15,2,19,14233.49,2846.51625423563,9788.136715327846,12643.092
2024-06-22,2,19,17040.01,8411.90466832192,9640.753541570844,13173.93
2024-06-29,2,19,3761.44,5828.874781936334,10179.7027869422,13109.234
2024-07-06,2,19,19938.27,38103.152131377596,15899.973209648928,20882.049
2024-07-13,2,19,14583.47,6761.461314603541,10854.995784197155,12978.457
2024-07-20,2,19,4820.57,9501.070314245935,10225.442427762224,12761.887
2024-07-27,2,19,9593.59,4998.756765152721,10480.668874257175,13151.475
2024-08-03,2,19,10267.04,7720.96392942013,10665.76416869667,13063.715
2024-08-10,2,19,3624.53,4143.808260383681,10447.566736739911,12379.289
2024-08-17,2,19,15788.19,5297.1496217424465,9852.424510458415,12476.488
2024-08-24,2,19,4069.66,11554.60449434238,10324.239014007495,13297.046
2024-08-31,2,19,5979.09,5682.034260783203,10236.697932185987,12330.15
2024-06-01,2,20,1664.83,7056.076913943336,10659.511791588828,12881.756
2024-06-08,2,20,4971.28,1694.1938557934554,10818.733399103114,11849.263
2024-06-15,2,20,10423.47,2112.070304020759,9507.506483402674,13771.407
2024-06-22,2,20,3312.7,7125.95790785494,8996.147252425988,12101.232
2024-06-29,2,20,16087.74,2775.774371067975,7190.69828836211,10846.007
2024-07-06,2,20,12050.44,35986.697741903925,9235.532549054089,15251.236
2024-07-13,2,20,6131.63,4416.0495420534135,8595.064062851709,12162.822
2024-07-20,2,20,18064.16,6585.512494334565,8025.815733752261,11205.364
2024-07-27,2,20,4237.9,3555.6521494938424,11079.344196003789,11982.593
2024-08-03,2,20,10774.11,6682.158246616469,10588.78760365742,12725.752
2024-08-10,2,20,15330.89,3406.1567034737454,10569.880722362323,12708.198
2024-08-17,2,20,16479.54,5972.006198140891,10098.898343069875,12628.483
2024-08-24,2,20,15344.58,12506.977522723606,10353.698203811753,13379.822
2024-08-31,2,20,9960.82,5937.757242703392,10024.962956361904,13875.405
2024-06-01,3,1,33405.71,21552.21904026353,20667.920170413563,20005.47
2024-06-08,3,1,31104.82,19825.23016280561,24662.598769213255,20989.223
2024-06-15,3,1,26974.73,27148.675958757514,24848.862704919957,21328.15
2024-06-22,3,1,16496.77,30472.661873979603,24944.438335673196,22804.424
2024-06-29,3,1,29924.64,26264.39163379,25453.84058294319,22262.926
2024-07-06,3,1,24689.16,45365.82438354523,35106.04644816972,29525.504
2024-07-13,3,1,8400.05,32699.782596471516,24442.849960610816,22449.654
2024-07-20,3,1,7962.37,27468.271335869293,25031.76607339595,22963.168
2024-07-27,3,1,21194.36,31295.906368425007,25293.24093977473,22777.53
2024-08-03,3,1,32564.37,27418.905358812604,24550.8343619417,21841.586
2024-08-10,3,1,15343.61,25283.84005281767,25201.593012612,21294.61
2024-08-17,3,1,13576.85,24441.86078537297,25057.786172075543,21489.635
2024-08-24,3,1,34968.96,28032.71780174125,24772.683645071957,20837.219
2024-08-31,3,1,23659.2,24792.28153845125,24367.826270632562,21514.125
2024-06-01,3,2,16555.68,26816.01828871797,26457.045652975692,24630.027
2024-06-08,3,2,19529.88,23062.558747557145,26600.61423326355,24826.773
2024-06-15,3,2,24028.44,29313.38338569017,26471.77902593158,24818.805
2024-06-22,3,2,22114.94,32372.479927975102,26280.19996919927,24752.172
2024-06-29,3,2,39556.73,27121.58014757507,26196.665159170185,24373.2
2024-07-06,3,2,35464.13,46976.10325593003,37628.06981482641,33209.12
2024-07-13,3,2,40101.54,34904.072045611516,26235.103185630865,24254.445
2024-07-20,3,2,39640.29,29702.92174556235,26078.31288033692,25134.902
2024-07-27,3,2,18310.28,32820.10837127487,26972.769663148487,24388.441
2024-08-03,3,2,26222.89,31602.29953610382,26994.86977692519,25561.889
2024-08-10,3,2,21680.68,30122.434629650605,29678.645856655032,26547.006
2024-08-17,3,2,24916.99,30544.5438835096,29202.884213056794,26318.057
2024-08-24,3,2,27568.52,33577.105800356054,30499.50870392137,26431.547
2024-08-31,3,2,33495.76,28359.249155886595,26666.47771346499,25515.717
2024-06-01,3,3,37137.05,25563.117929319415,26410.90922770563,23048.387
2024-06-08,3,3,28688.39,21195.697052571362,27564.241409656526,22509.852
2024-06-15,3,3,38012.4,26771.065071432735,26560.276508005132,23264.803
2024-06-22,3,3,26594.74,31858.962289264826,26821.65546262838,24746.293
2024-06-29,3,3,6794.72,28344.475591944632,26221.74264916461,24251.178
2024-07-06,3,3,14839.63,48053.2656149085,34171.73194352711,32622.162
2024-07-13,3,3,24813.27,36718.5343040147,27313.956378996983,24617.465
2024-07-20,3,3,22122.93,30012.459137007972,26692.006117497374,24515.988
2024-07-27,3,3,20534.03,31863.462366803542,25838.09106137832,23950.928
2024-08-03,3,3,21036.55,27187.039155918574,24830.734728790205,23796.162
2024-08-10,3,3,15589.85,23946.746476939494,25416.11379486444,23169.973
2024-08-17,3,3,38690.55,23125.265801343856,24858.750978467626,22158.125
2024-08-24,3,3,26692.2,29137.663326253394,26022.839930253485,22423.434
2024-08-31,3,3,19672.61,26004.987913893638,25346.02981542103,24742.793
2024-06-01,3,4,38487.27,25023.885528870436,26458.261687489277,24786.35
2024-06-08,3,4,34429.37,23304.719542156294,28214.656876114528,26199.715
2024-06-15,3,4,17281.46,30506.524006102736,27435.581139515318,26049.91
2024-06-22,3,4,34299.16,32217.58611394559,27714.709074166538,26142.14
2024-06-29,3,4,20048.12,28552.72534852175,27716.090032337965,25134.814
2024-07-06,3,4,12482.9,46443.571790112015,38428.2982891569,33080.07
2024-07-13,3,4,4765.21,35068.14619029641,27674.650306556712,26077.584
2024-07-20,3,4,7443.34,28720.79714946462,26282.36939501337,25286.207
2024-07-27,3,4,30625.8,30156.36861197198,26101.54315833815,23778.598
2024-08-03,3,4,33876.21,27478.442309829406,25374.328388735918,23896.86
2024-08-10,3,4,19417.25,25175.280500043882,26101.288049897477,23755.602
2024-08-17,3,4,29204.77,24792.765286937713,25589.427342537943,23628.94
2024-08-24,3,4,44619.2,27734.918065185077,26225.028456399414,22615.54
2024-08-31,3,4,31362.34,25916.247172288073,26955.06720936265,25559.473
2024-06-01,3,5,29914.49,30681.313883045746,31293.999087626875,27076.543
2024-06-08,3,5,6919.79,25932.303567010786,28658.06343321769,26891.451
2024-06-15,3,5,24495.33,31273.983308613948,27935.520220212293,26251.354
2024-06-22,3,5,4868.48,32671.15171390411,27458.50443401216,26931.871
2024-06-29,3,5,42817.42,26561.358483769844,26120.13675149273,25455.014
2024-07-06,3,5,15516.67,45944.229099052434,31789.000587499253,33478.86
2024-07-13,3,5,18965.94,33986.385779794145,25519.68405196242,25775.553
2024-07-20,3,5,28747.1,26741.788327263108,26319.562897454347,24543.365
2024-07-27,3,5,40212.93,30762.06216038837,25843.873813857976,25065.662
2024-08-03,3,5,6007.79,28214.05246558058,25731.360973973773,26110.164
2024-08-10,3,5,7080.49,26190.197751844964,26075.11362894597,25714.396
2024-08-17,3,5,30632.17,26368.831267257825,26615.39219823726,25508.936
2024-08-24,3,5,26095.24,32492.925357376153,26948.955905683906,24942.559
2024-08-31,3,5,27199.1,26010.031308052938,26458.93197769694,27121.574
2024-06-01,3,6,19567.64,30099.72942791938,30246.461260608652,29235.115
2024-06-08,3,6,34414.67,25504.268724368085,31422.444240122964,29876.473
2024-06-15,3,6,38246.82,33060.78962115201,31121.401419972502,30409.172
2024-06-22,3,6,9222.9,36911.54763537572,31047.828879355347,29849.979
2024-06-29,3,6,36876.63,30848.70075100547,30623.935214719913,28339.838
2024-07-06,3,6,31867.37,49582.10328315551,40374.07351015022,37261.934
2024-07-13,3,6,48201.28,37476.2846738914,28362.05075952437,28286.727
2024-07-20,3,6,30050.38,33308.01696805688,33031.593728438456,30810.477
2024-07-27,3,6,18430.11,34606.337521522095,30802.460539163152,29363.957
2024-08-03,3,6,38130.25,32478.656738270933,32360.830399983333,29854.38
2024-08-10,3,6,20725.44,30832.27915342519,32693.75845324779,28515.732
2024-08-17,3,6,37718.11,29637.5153192874,28389.1409820959,28655.465
2024-08-24,3,6,12084.73,35532.2698015963,32605.58813366774,30068.668
2024-08-31,3,6,26560.62,30253.835699951174,28478.39475601167,28053.908
2024-06-01,3,7,32007.45,24460.444018506583,26699.25411385611,25680.938
2024-06-08,3,7,10755.12,21764.314640586592,25944.85174148478,26956.65
2024-06-15,3,7,37911.11,29317.495352011632,26244.90455195028,27355.309
2024-06-22,3,7,11612.95,33387.64058480591,28345.249418786116,28172.877
2024-06-29,3,7,45113.86,28016.95150965074,26758.807878033047,26704.725
2024-07-06,3,7,18327.62,47874.004595262195,34329.41305126413,37689.438
2024-07-13,3,7,46644.28,35925.99045222962,28275.280166793586,27899.469
2024-07-20,3,7,6018.4,30907.74570539604,28059.39037415146,28824.54
2024-07-27,3,7,29228.8,34228.23736446894,29943.433048178536,29137.176
2024-08-03,3,7,44512.1,30856.646654572593,28637.680709486776,28758.275
2024-08-10,3,7,25981.08,31210.194513045426,29790.946053819913,29561.766
2024-08-17,3,7,39963.04,29861.598572818708,28704.66336494627,29702.9
2024-08-24,3,7,50908.45,34487.94095035592,31645.514189332353,29582.55
2024-08-31,3,7,50521.58,31109.02502198489,31593.425604813634,29669.346
2024-06-01,3,8,48736.95,29721.40853376304,30380.636722145882,30882.672
2024-06-08,3,8,13619.64,28339.181760677187,34138.255833013245,32823.01
2024-06-15,3,8,31914.85,35131.653793908765,34379.398408011686,33068.938
2024-06-22,3,8,13703.64,37956.642030742274,33806.1701174643,31546.46
2024-06-29,3,8,49573.56,32363.353266223618,32911.12900439522,31399.414
2024-07-06,3,8,11499.55,51084.08713061097,48166.628275998024,43866.086
2024-07-13,3,8,11768.88,37167.91583432183,28717.291964229,30261.365
2024-07-20,3,8,4896.8,32135.153434996428,28049.674214132792,29836.936
2024-07-27,3,8,46203.5,33437.943923937775,29126.838527859876,29018.768
2024-08-03,3,8,18090.72,30031.062982019088,27958.104573290828,28922.367
2024-08-10,3,8,45158.51,27391.501242832157,27255.339619559425,28091.28
2024-08-17,3,8,48910.94,28708.312908679974,29827.35205578827,30510.07
2024-08-24,3,8,20211.34,34065.75266830866,28706.41178969384,28248.885
2024-08-31,3,8,5222.25,27896.42239219974,28945.079200734734,30235.836
2024-06-01,3,9,36946.39,32881.259849121576,34190.717006750994,33018.457
2024-06-08,3,9,28019.57,29212.35957238698,33389.32737086747,32551.12
2024-06-15,3,9,18392.73,36704.52286084889,33778.733478765025,32583.389
2024-06-22,3,9,6078.35,38186.261987381964,31324.88805320666,33451.13
2024-06-29,3,9,25545.35,33458.785108702075,33079.15907686244,31591.67
2024-07-06,3,9,60478.03,50190.081268210495,45247.15950628655,42163.895
2024-07-13,3,9,48069.59,41038.23445210428,35510.444213527364,34241.125
2024-07-20,3,9,55253.52,34358.459463396786,34272.68772044257,33983.848
2024-07-27,3,9,13086.91,36972.885303476425,34277.43380996189,32542.455
2024-08-03,3,9,19893.75,34125.37914374065,34853.11775407846,33036.156
2024-08-10,3,9,20942.07,31758.394392799804,33989.154988787544,33678.863
2024-08-17,3,9,12790.92,32913.5618996707,33254.48415528326,33683.63
2024-08-24,3,9,8987.68,34779.51922858652,32813.69731553066,32432.465
2024-08-31,3,9,25647.61,29601.66330843154,30067.305293245812,31900.094
2024-06-01,3,10,49102.67,31832.16338236544,33930.212800181616,33102.484
2024-06-08,3,10,56471.85,28043.11182651334,34133.3788776123,33747.906
2024-06-15,3,10,20259.96,36062.03243628314,34850.507234851524,32670.225
2024-06-22,3,10,53354.78,36230.71197508852,33952.33038657726,34385.75
2024-06-29,3,10,41368.26,34976.68640624414,34417.16655448103,33751.94
2024-07-06,3,10,73462.75,54484.43556673146,45891.88610703079,49048.453
2024-07-13,3,10,37391.34,46675.40117923503,39192.65505793434,35986.086
2024-07-20,3,10,25324.65,39318.31529139199,36028.252767973725,35615.53
2024-07-27,3,10,56477.38,43578.95195417173,36278.528705913646,36439.082
2024-08-03,3,10,10153.52,42065.80320222745,36792.21191330398,35590.516
2024-08-10,3,10,9388.7,36418.765683913036,35356.67279914392,35837.715
2024-08-17,3,10,56745.62,36633.91094628119,34714.55438315029,35303.92
2024-08-24,3,10,42595.99,42268.30553933418,36265.123194127875,34830.727
2024-08-31,3,10,53867.76,36546.11893166324,38244.546327089796,35769.504
2024-06-01,3,11,23760.85,34134.149801861146,36095.19272532511,34259.83
2024-06-08,3,11,57042.6,30132.225319213154,35666.07250847489,34849.684
2024-06-15,3,11,45486.24,40954.13121733241,36030.78904729535,35518.184
2024-06-22,3,11,13766.92,44421.69906805599,35517.78373266066,35461.91
2024-06-29,3,11,43740.32,37848.13251320816,38342.68433624168,37191.613
2024-07-06,3,11,59233.72,56608.8574277081,49441.8782403137,50231.285
2024-07-13,3,11,6072.22,45962.99525604969,37246.324388424895,36082.355
2024-07-20,3,11,18328.1,37862.39441112325,35126.41485783818,34960.867
2024-07-27,3,11,46002.49,38971.88328152013,35937.45697427891,35310.434
2024-08-03,3,11,51769.1,38198.38987692869,35569.369369649015,34938.69
2024-08-10,3,11,46471.69,34154.302192366646,35357.328106458706,34842.832
2024-08-17,3,11,22895.57,33144.81240190722,33965.07145433624,34256.82
2024-08-24,3,11,29317.01,37554.05485136654,34184.285594951565,32335.22
2024-08-31,3,11,55727.34,32882.64587485476,36811.92985854291,32504.746
2024-06-01,3,12,21632.34,27038.227867360518,29490.653285601515,31319.11
2024-06-08,3,12,56226.53,24594.295166915574,29542.88964704083,31307.518
2024-06-15,3,12,5379.63,33925.65183180681,33433.54342573756,35714.31
2024-06-22,3,12,9230.32,36486.69172531299,34025.85491279318,35455.27
2024-06-29,3,12,40830.86,29869.09178784005,29480.82393755331,32617.297
2024-07-06,3,12,33242.69,50348.36792031633,37843.07344130025,40440.625
2024-07-13,3,12,48011.84,36915.592846419655,29177.888112310626,31937.553
2024-07-20,3,12,36118.3,31523.915943712265,30116.16094716956,32818.723
2024-07-27,3,12,25818.12,34388.846932014785,30923.809886211562,32717.01
2024-08-03,3,12,50874.8,32200.434107632493,31693.52870295536,32781.453
2024-08-10,3,12,26358.18,30317.998378796925,32222.219012178433,32426.314
2024-08-17,3,12,21023.09,32232.765627956156,32267.785327362457,33249.7
2024-08-24,3,12,27060.8,37224.92675416321,33905.525991222654,33358.715
2024-08-31,3,12,47460.79,32613.386417239773,33580.9337022083,33468.734
2024-06-01,3,13,20231.29,31786.017375812233,34272.61561257807,34113.457
2024-06-08,3,13,7239.51,25772.52463854727,33702.41735616571,33587.88
2024-06-15,3,13,43508.31,31823.883997149504,28263.664441853398,32559.252
2024-06-22,3,13,32892.33,36757.77554276036,34568.05446130488,34321.07
2024-06-29,3,13,24332.43,30861.98895960291,28724.36781807059,32041.346
2024-07-06,3,13,15940.52,48359.920864780805,36793.711638159395,41288.883
2024-07-13,3,13,29438.55,36343.2705790186,28076.207780242243,30861.088
2024-07-20,3,13,5715.13,29782.69903303576,27871.953397541412,30808.797
2024-07-27,3,13,27229.99,31019.106592267308,28203.17214704801,30198.006
2024-08-03,3,13,30164.36,28860.921253013614,27543.871801925303,30193.309
2024-08-10,3,13,58911.22,28068.777174181567,28115.07557989321,30541.209
2024-08-17,3,13,35124.59,30506.66737070184,31345.08705131472,33436.586
2024-08-24,3,13,42269.27,33145.074441004894,28460.720010952038,31419.762
2024-08-31,3,13,39940.81,29754.864613325626,33513.245759086494,32859.914
2024-06-01,3,14,35159.57,31808.23582280906,34063.39859221349,35244.977
2024-06-08,3,14,57065.29,27057.28010218768,35377.78287763898,34335.75
2024-06-15,3,14,20439.43,33539.41068442081,34127.69441213346,35300.246
2024-06-22,3,14,62417.57,35473.81136217295,33772.032904770655,34703.844
2024-06-29,3,14,55813.22,34117.998707077306,34970.91525236364,35650.184
2024-07-06,3,14,61504.9,55954.46297212886,46665.94136910729,51760.11
2024-07-13,3,14,29397.48,45106.31499848183,37655.156062598704,38924.367
2024-07-20,3,14,6179.65,40246.06482607814,36144.36564186645,37175.344
2024-07-27,3,14,17838.91,43066.915674902804,36785.59183916896,37782.297
2024-08-03,3,14,28281.55,39660.79092139875,36430.42570816443,37036.043
2024-08-10,3,14,63499.13,33418.62264460366,32418.010036690954,35301.996
2024-08-17,3,14,21414.01,38116.60947060653,37128.84524503571,38557.906
2024-08-24,3,14,8600.34,38171.29822687367,35319.06748857748,36523.246
2024-08-31,3,14,47251.53,31267.10437475591,31121.848113889224,34967.62
2024-06-01,3,15,32576.09,34359.92485669437,35744.59491040811,37348.914
2024-06-08,3,15,54093.42,30807.130475424055,37433.425605574856,37294.367
2024-06-15,3,15,47643.56,39423.49815312693,36071.08563201301,37966.74
2024-06-22,3,15,65860.15,41782.793207843766,36269.57351973192,39289.19
2024-06-29,3,15,53639.01,36172.46046230088,38272.605185610744,38005.016
2024-07-06,3,15,82608.41,53303.08824669917,46085.78886901911,48321.938
2024-07-13,3,15,29501.81,44431.26161734119,40389.8595812146,38442.05
2024-07-20,3,15,12621.24,41823.83165062411,38096.24400494157,39411.4
2024-07-27,3,15,22319.68,46961.959106953436,37616.7097183957,40281.527
2024-08-03,3,15,32297.93,44840.87677881086,39131.216429483684,40458.637
2024-08-10,3,15,60075.34,37251.1358710498,36583.59343441829,38015.77
2024-08-17,3,15,20131.4,39683.728041933675,38699.00747030487,40693.33
2024-08-24,3,15,49220.69,39845.31563440551,36402.21473367984,37725.98
2024-08-31,3,15,21382.62,34979.99698761957,38730.277245682155,38566.18
2024-06-01,3,16,60797.01,37039.79433819343,36887.35418648036,39729.984
2024-06-08,3,16,37889.13,33350.378224340275,37964.88809011299,39122.734
2024-06-15,3,16,17791.04,38059.52220151866,36280.59337403564,38939.01
2024-06-22,3,16,49336.74,39274.73981978355,36754.958300646744,38100.188
2024-06-29,3,16,34436.71,36730.00782452081,38213.86348275006,38150.43
2024-07-06,3,16,30125.76,55601.05330108855,44690.3500434745,46062.52
2024-07-13,3,16,44190.82,41280.520169822215,35818.8030977466,37978.754
2024-07-20,3,16,57465.26,36844.86768539183,35733.50794868031,38460.2
2024-07-27,3,16,43577.05,40777.475427447374,36886.06464581396,38535.883
2024-08-03,3,16,32834.05,36319.05870678435,36998.0123414843,38294.484
2024-08-10,3,16,20350.2,33679.18504439882,36020.30866837745,37116.89
2024-08-17,3,16,68053.09,35740.75363137436,35999.66769976749,38601.855
2024-08-24,3,16,38189.93,41840.06541092132,37258.78046115582,39374.137
2024-08-31,3,16,37219.79,37482.071217039775,37618.108271134915,40663.22
2024-06-01,3,17,13390.16,32912.22044077323,36406.94838410202,37711.805
2024-06-08,3,17,27518.01,26066.607292895045,32884.9466222037,35928.8
2024-06-15,3,17,30904.39,32827.3858022275,32960.75856030185,35760.94
2024-06-22,3,17,17754.6,34691.668422063645,33525.79180694778,34089.234
2024-06-29,3,17,33860.34,26601.771342089938,27293.37424100591,31615.64
2024-07-06,3,17,16548.31,45939.650092078264,37164.93339362921,42287.36
2024-07-13,3,17,53326.9,35095.36306438754,31882.582976537396,33654.97
2024-07-20,3,17,22394.72,33060.43101215547,34100.91527419516,37431.55
2024-07-27,3,17,6163.45,33923.12176539952,34148.02091227394,34724.58
2024-08-03,3,17,34434.48,31242.39353033508,34392.97008704246,35071.066
2024-08-10,3,17,22763.94,29992.555144697457,33896.91449429656,34500.375
2024-08-17,3,17,12818.73,28443.795139593705,29827.612010551566,34168.934
2024-08-24,3,17,38458.94,31879.418477717474,33674.194840006094,32977.848
2024-08-31,3,17,41500.55,28158.54368953123,29986.048067142136,33901.293
2024-06-01,3,18,43938.04,32286.85042862771,38108.31004570311,38803.4
2024-06-08,3,18,57706.62,28135.242750832353,38989.526323085585,38339.992
2024-06-15,3,18,57585.55,36931.244549023955,36193.95179859785,38899.234
2024-06-22,3,18,6346.91,40925.25040577119,37095.741206875195,41108.52
2024-06-29,3,18,6824.29,38787.39678792754,39108.04996298204,40768.734
2024-07-06,3,18,13616.96,57911.358010167976,55531.32536309754,55413.676
2024-07-13,3,18,50332.15,44795.34004010889,36944.67937689128,39511.434
2024-07-20,3,18,40481.93,38426.34234873482,40059.27908204469,42569.875
2024-07-27,3,18,7669.8,38749.4760014341,39816.49523860334,40742.996
2024-08-03,3,18,16044.22,33075.81850836341,36569.921572478415,37803.613
2024-08-10,3,18,60339.11,28498.928783487572,33794.483032829325,35713.38
2024-08-17,3,18,73716.86,30085.742952557077,39001.39672457734,37954.016
2024-08-24,3,18,67574.6,39011.185079122224,38005.4365839045,42390.625
2024-08-31,3,18,10440.81,36911.34068284654,41186.75151739115,43165.473
2024-06-01,3,19,34599.11,31803.055932518393,36659.431538243996,39572.734
2024-06-08,3,19,13778.65,27447.553051102062,34899.22173450567,37665.76
2024-06-15,3,19,59312.62,35327.02903379917,36295.33141171615,39413.55
2024-06-22,3,19,29795.83,38855.70075106461,37606.314121454845,40293.11
2024-06-29,3,19,65511.68,34719.50850425227,36179.032757996494,39995.246
2024-07-06,3,19,54315.43,57058.81053648126,53291.78034378497,53312.344
2024-07-13,3,19,23243.61,44440.491194737886,39093.52070970643,40969.7
2024-07-20,3,19,21969.22,38890.46043787279,39269.37392237938,42139.65
2024-07-27,3,19,75559.69,40805.49046495513,38543.6493584493,40426.066
2024-08-03,3,19,7206.64,41746.45440042712,41466.538908993454,42731.043
2024-08-10,3,19,37599.01,38946.59834397109,38753.74821369899,43156.008
2024-08-17,3,19,49988.84,37919.29452276272,37466.16097906357,41878.297
2024-08-24,3,19,64652.28,43715.23165412071,37650.36388898881,41449.41
2024-08-31,3,19,67111.69,37712.1480825735,40763.70313608232,42052.926
2024-06-01,3,20,74109.05,32793.42502404199,37091.43228942551,38278.395
2024-06-08,3,20,53383.31,31309.314955921494,40216.3693574744,42458.094
2024-06-15,3,20,21568.27,40365.87610976635,38648.73735365649,43953.566
2024-06-22,3,20,15488.01,43892.17808766271,37194.09445478513,43447.434
2024-06-29,3,20,26931.07,40090.20089063839,43307.719240173086,43217.92
2024-07-06,3,20,83387.08,54636.23019362358,45227.856427262646,52722.35
2024-07-13,3,20,57451.48,48255.59949927549,40507.069113631704,45844.926
2024-07-20,3,20,45759.68,43158.04692312132,36915.11159567964,43868.703
2024-07-27,3,20,23433.5,44604.18184185122,36949.791166761606,43624.51
2024-08-03,3,20,61467.11,39636.14348458088,41833.13491346092,41898.863
2024-08-10,3,20,27928.48,36988.77410743297,40198.94177899372,42844.785
2024-08-17,3,20,75625.6,38028.44188528783,39362.4592076464,42628.04
2024-08-24,3,20,44803.82,46921.43703131394,44201.393563963065,44764.004
2024-08-31,3,20,39397.41,42944.96385645496,42095.47887965185,44422.273
2024-06-01,4,1,7845.75,24193.420681283664,21623.99844459942,17908.85
2024-06-08,4,1,13210.11,19644.986496588812,19266.319450037656,17624.207
2024-06-15,4,1,17518.93,14744.632469248783,19376.051491282076,17161.967
2024-06-22,4,1,32565.4,22844.061195436305,21029.05208006089,17830.418
2024-06-29,4,1,29994.25,20851.22437257524,17990.585941362067,17487.03
2024-07-06,4,1,13440.96,33011.651020998404,35419.19339400161,21359.479
2024-07-13,4,1,27756.95,17726.72021062229,15859.424942087584,17046.88
2024-07-20,4,1,6974.92,17704.78450963732,19679.70582733178,18046.95
2024-07-27,4,1,21526.22,20692.8471668673,19964.825640900675,18173.785
2024-08-03,4,1,17394.51,24934.31509259608,20130.45218221101,18581.64
2024-08-10,4,1,14652.72,27442.720988878937,21194.451008973316,18677.922
2024-08-17,4,1,27790.77,25904.21153896911,20426.725495725797,19394.555
2024-08-24,4,1,4833.06,21108.910948108714,20790.432902484317,18178.568
2024-08-31,4,1,11108.42,27103.554334220687,21165.16179020793,18688.549
2024-06-01,4,2,20031.81,24062.180581532928,23062.762125012454,18465.68
2024-06-08,4,2,6270.5,19764.32504797232,21143.187906025014,19421.389
2024-06-15,4,2,5966.0,16883.467607403618,21096.07717659348,19157.201
2024-06-22,4,2,23853.1,22921.21177373213,23460.18799472792,18796.902
2024-06-29,4,2,6390.43,21320.489776987393,19547.93738949087,18629.912
2024-07-06,4,2,32257.46,31368.834027010227,29550.06113104136,23722.07
2024-07-13,4,2,33830.31,19015.145236745346,19273.147807909678,17947.64
2024-07-20,4,2,28587.71,17406.20899479177,18133.551265136077,18162.688
2024-07-27,4,2,26598.9,20677.511856124067,20784.037695949435,18872.227
2024-08-03,4,2,9086.96,23481.047791146208,20621.713643941144,18338.86
2024-08-10,4,2,12747.21,27341.823651380393,20243.530448997215,19697.48
2024-08-17,4,2,4429.43,27305.40819855962,20940.896973851857,20065.459
2024-08-24,4,2,20645.23,21939.866213558547,21288.3907156278,19866.215
2024-08-31,4,2,25593.49,29312.262339947505,21301.142632415456,20502.492
2024-06-01,4,3,29873.82,25043.932443210208,21490.944748774826,20295.139
2024-06-08,4,3,28244.71,20929.67318009521,21964.597806822214,20176.975
2024-06-15,4,3,35583.37,16720.949498369904,21966.600302180912,20152.084
2024-06-22,4,3,14266.87,25730.017225586576,22753.097938711013,20594.596
2024-06-29,4,3,32493.71,22986.18964187199,21841.66010868233,20424.455
2024-07-06,4,3,19477.74,36578.47697245812,31003.25578754725,25885.332
2024-07-13,4,3,9277.42,23526.119692157765,23466.67566352347,20800.82
2024-07-20,4,3,14384.59,20740.218309518816,22411.475275201006,21758.85
2024-07-27,4,3,30260.18,22992.47533666825,22381.918813521937,21077.113
2024-08-03,4,3,26120.41,26459.134747727745,22032.204283752297,20543.648
2024-08-10,4,3,10256.63,28113.455556480905,22314.194113177375,20967.822
2024-08-17,4,3,25275.77,25699.468076520105,22112.024941335894,20464.824
2024-08-24,4,3,13622.58,22111.23941170572,22361.825966082026,20092.012
2024-08-31,4,3,11240.79,27918.961551629138,22251.876504225285,21148.28
2024-06-01,4,4,5132.19,30026.057722995516,26172.311354733618,23131.814
2024-06-08,4,4,30911.82,23482.660079117217,22932.408743147527,22136.414
2024-06-15,4,4,13751.59,20072.533948422184,22820.230262103425,21162.137
2024-06-22,4,4,23277.81,25942.246531106604,22822.748769859805,20092.125
2024-06-29,4,4,20134.09,21755.741239159004,22033.36606340679,20998.668
2024-07-06,4,4,11078.49,33057.981892424825,33867.78303979758,23168.703
2024-07-13,4,4,35648.68,18986.29265383983,22334.22224210368,20234.318
2024-07-20,4,4,7352.19,19753.13733346222,22740.56423525038,20638.496
2024-07-27,4,4,7520.0,20674.64163021782,22816.889590636,20977.727
2024-08-03,4,4,10794.93,24607.297592182265,22794.47140566018,20850.186
2024-08-10,4,4,34740.9,25957.83025626617,22292.804417190822,19942.262
2024-08-17,4,4,8859.48,26339.19205839309,22904.491298087727,21250.844
2024-08-24,4,4,17105.76,20591.40396010122,20704.887106929127,20498.842
2024-08-31,4,4,19424.3,27244.88208609156,20768.663261021877,20741.04
2024-06-01,4,5,7941.31,26224.691696028596,22946.474655747086,21514.246
2024-06-08,4,5,25103.4,22389.272944404576,23105.012498354845,21511.59
2024-06-15,4,5,21044.35,18310.198149494776,23170.873911412535,21407.771
2024-06-22,4,5,30877.43,25143.36761483305,23268.24404782268,21601.287
2024-06-29,4,5,10182.65,23261.24553450491,23221.567267824248,21156.617
2024-07-06,4,5,30955.86,34328.25257586126,28800.23643170156,24955.71
2024-07-13,4,5,35178.62,20712.51916831942,22992.43564760808,21121.906
2024-07-20,4,5,20267.38,20831.4343591371,23601.39779089024,22216.43
2024-07-27,4,5,30847.42,22315.9461509053,23334.41205711212,22979.395
2024-08-03,4,5,11863.28,26859.054437765793,26211.998231939502,23505.904
2024-08-10,4,5,17887.88,29027.533644503572,23763.046433946867,22288.107
2024-08-17,4,5,6596.3,27796.95795677387,23578.706812203647,22413.701
2024-08-24,4,5,26729.46,22583.49539753804,23500.63499109558,21980.664
2024-08-31,4,5,23290.22,30262.14604931773,23655.80951068174,23150.797
2024-06-01,4,6,24734.13,29268.4088093775,26795.313639787386,25113.756
2024-06-08,4,6,19778.14,24774.84619352161,26790.740002207356,24324.766
2024-06-15,4,6,22361.14,20415.099414374417,26032.54258591768,23368.156
2024-06-22,4,6,9571.8,27168.110163413054,23683.567149624163,22857.69
2024-06-29,4,6,32236.29,24776.100575293247,23850.487301079706,23085.984
2024-07-06,4,6,34699.88,38185.15110308701,31800.131371690764,30239.738
2024-07-13,4,6,41680.74,24089.638652223322,26373.633501165797,24015.975
2024-07-20,4,6,21109.21,23000.057831854545,27381.609950641887,25057.486
2024-07-27,4,6,40006.53,23339.54045202933,26840.462113936715,24457.78
2024-08-03,4,6,41398.54,28335.07024550499,26716.49399091659,24598.61
2024-08-10,4,6,31212.15,32095.627717178693,28396.578603687816,26119.537
2024-08-17,4,6,17286.25,31747.389663317168,30192.456701537794,27159.174
2024-08-24,4,6,26252.6,28385.194137078033,30512.973835595454,26493.504
2024-08-31,4,6,29652.76,35226.21466656791,29819.37062725012,26856.516
2024-06-01,4,7,4778.35,27442.975696015434,23267.6419019878,23293.465
2024-06-08,4,7,28323.1,23843.49858699125,23530.66471147815,23422.184
2024-06-15,4,7,18711.24,20976.19354229918,23962.52972780204,23596.828
2024-06-22,4,7,25140.59,28541.86631340148,25053.938423984513,23917.45
2024-06-29,4,7,15175.01,24458.939366670093,23554.040364136206,23258.197
2024-07-06,4,7,30376.25,34606.78100608851,29260.35837322286,26711.057
2024-07-13,4,7,16615.0,19952.758618099317,23196.759558870235,21625.191
2024-07-20,4,7,14838.45,18167.333947796134,23217.63050649585,21538.496
2024-07-27,4,7,27252.33,20217.35576683712,23458.414371559775,22043.627
2024-08-03,4,7,7675.17,25602.136414488872,23199.763331843773,23022.59
2024-08-10,4,7,31078.45,26336.03415121828,23430.96944503681,22193.21
2024-08-17,4,7,18123.9,26906.141794735988,23386.116704553377,22596.367
2024-08-24,4,7,10439.59,22052.532264836096,23647.91760692173,22302.6
2024-08-31,4,7,14168.57,28531.932382617713,23721.02070835982,22665.99
2024-06-01,4,8,39057.09,24248.201223991542,22721.475745787175,22758.852
2024-06-08,4,8,41826.82,22417.55692625213,23131.83760449676,22630.621
2024-06-15,4,8,10194.89,21128.915055697027,24449.25036862948,24757.668
2024-06-22,4,8,25243.45,28705.73578717933,25362.510149554135,25152.088
2024-06-29,4,8,32488.32,25904.297868516864,24487.64650411773,24129.906
2024-07-06,4,8,22142.12,38925.01005366382,31424.56952131415,34020.49
2024-07-13,4,8,43338.49,23455.368449030386,26774.08371110671,25579.518
2024-07-20,4,8,17624.83,22937.55175150068,26968.821747091948,25586.064
2024-07-27,4,8,29386.58,25826.780010141498,27012.547015060267,26070.92
2024-08-03,4,8,19837.77,28719.0711647891,26747.17628171503,25890.096
2024-08-10,4,8,6191.85,29931.26326753865,26591.647440314577,25564.316
2024-08-17,4,8,29210.65,28663.31388058611,24937.562536627618,24519.754
2024-08-24,4,8,44851.06,24955.27553866648,25789.905738055983,25322.002
2024-08-31,4,8,28985.67,33434.52393087968,27202.12830228339,27365.059
2024-06-01,4,9,42367.63,29609.156275147267,27204.70509022983,26283.5
2024-06-08,4,9,19674.67,26383.306100581445,27230.317469477704,27826.744
2024-06-15,4,9,34932.33,21298.119546361246,27043.17298876652,26664.459
2024-06-22,4,9,20502.68,29909.269925508583,27210.8473959724,26363.94
2024-06-29,4,9,38745.38,27187.338540412573,26918.289765966463,26498.336
2024-07-06,4,9,47815.05,39711.338564258156,32761.028449049623,34854.6
2024-07-13,4,9,11827.27,28306.558217283433,29168.881948929302,27632.443
2024-07-20,4,9,37774.26,25817.600104683654,30577.15691208911,29172.047
2024-07-27,4,9,45984.92,27916.853021826,30015.731618240803,29023.549
2024-08-03,4,9,28353.71,32289.051842981222,30016.018578923868,29593.525
2024-08-10,4,9,42652.95,34053.71347603119,30483.269853091286,28758.56
2024-08-17,4,9,28818.65,32994.33250819369,28929.22045577313,27647.256
2024-08-24,4,9,5186.71,29540.292483356337,29517.132718304576,27503.008
2024-08-31,4,9,30186.83,35418.58454329656,31381.936044525384,29558.04
2024-06-01,4,10,37722.16,28005.827335651855,23563.283827183463,24684.303
2024-06-08,4,10,19347.62,25004.260505608814,27047.45345903564,27318.326
2024-06-15,4,10,13006.17,20232.226944757247,25345.792726112417,25181.928
2024-06-22,4,10,38213.67,29021.297709200735,26880.256614724396,26110.379
2024-06-29,4,10,30090.99,27108.756022899084,27027.81253373373,26227.367
2024-07-06,4,10,34586.1,38817.38267089324,31959.363308313237,32557.367
2024-07-13,4,10,12078.02,26000.967403083756,27275.21600023564,27673.592
2024-07-20,4,10,33262.42,23174.539455445825,26893.77958957689,26391.576
2024-07-27,4,10,43805.9,24917.6396259342,26727.544325436455,26511.043
2024-08-03,4,10,8998.4,29532.35683576228,27471.63253945732,26939.736
2024-08-10,4,10,26307.27,31185.60749930281,27717.85339776082,27944.357
2024-08-17,4,10,35511.96,31358.672492363476,27415.278220960052,27082.975
2024-08-24,4,10,19764.92,27115.37602082656,27526.267354412175,27797.936
2024-08-31,4,10,42690.43,32372.61313752267,26510.85001873425,26630.617
2024-06-01,4,11,43178.65,32608.061411981274,29634.36433761267,28263.139
2024-06-08,4,11,33721.57,29568.34950680694,31268.70897490304,28934.428
2024-06-15,4,11,36544.84,24991.168874270676,28567.37362537147,28329.316
2024-06-22,4,11,30987.33,31718.38064719588,28691.161781461105,29415.846
2024-06-29,4,11,41456.09,30374.219890070155,29427.26417276889,28878.559
2024-07-06,4,11,14198.34,43135.18619346985,43321.70762098292,40832.637
2024-07-13,4,11,9289.64,27940.167797896596,29530.995757356974,28721.79
2024-07-20,4,11,14390.19,25308.05517313521,28036.217961611088,28433.736
2024-07-27,4,11,30639.54,26648.796311966762,27482.774522515196,27954.7
2024-08-03,4,11,6066.15,28409.28453963693,26585.264264082885,26901.701
2024-08-10,4,11,14811.37,28620.228148645314,24151.13965826579,25357.615
2024-08-17,4,11,12469.25,26469.229150149484,23732.2985097366,24097.31
2024-08-24,4,11,42184.7,21076.492048229586,23359.44010029703,23818.344
2024-08-31,4,11,30373.24,28747.49419741329,24203.544027625594,25782.295
2024-06-01,4,12,37314.15,30331.79125109005,27106.66105218143,28883.26
2024-06-08,4,12,37899.03,25614.02675633356,26424.059365390865,28715.428
2024-06-15,4,12,43709.32,22862.83883918079,28112.384911742716,29818.63
2024-06-22,4,12,38647.34,30404.904744707943,29322.000798746707,29034.48
2024-06-29,4,12,50229.22,27164.82528571081,29002.65370097793,29789.025
2024-07-06,4,12,15556.57,41376.50834339206,42257.52449214761,36428.418
2024-07-13,4,12,25350.19,29324.576360070103,30225.410206410837,30271.814
2024-07-20,4,12,50873.57,28803.130813920747,30690.961899899,31012.088
2024-07-27,4,12,41931.04,31847.238023607533,31989.735157525847,31763.871
2024-08-03,4,12,30969.02,34867.40579341875,30736.650317645617,31665.135
2024-08-10,4,12,52389.17,35495.45740559311,30906.843051539767,29451.05
2024-08-17,4,12,47081.4,35483.74370997367,30532.41000703945,28800.697
2024-08-24,4,12,46104.09,31312.758526804377,33410.67361247951,30093.229
2024-08-31,4,12,18842.21,37937.5628777486,32409.90768299249,29984.865
2024-06-01,4,13,11714.28,30339.479314206015,27660.786664508443,28739.512
2024-06-08,4,13,27734.71,25543.513804115624,27643.214840266974,28579.89
2024-06-15,4,13,5692.47,21958.662719261847,27142.741374609574,27920.936
2024-06-22,4,13,34744.37,29438.8502210479,25822.8615722522,27276.441
2024-06-29,4,13,32433.75,27619.87896853297,27365.09565207728,28783.918
2024-07-06,4,13,38586.48,40821.50188671291,34393.99369959493,37120.87
2024-07-13,4,13,5137.14,25747.82639427176,27727.242876536096,29371.176
2024-07-20,4,13,19973.84,21604.101368767704,24575.480590367988,26556.33
2024-07-27,4,13,13693.86,22977.059098956284,24216.59041148321,26147.957
2024-08-03,4,13,10329.34,27067.766024708697,24500.336915663593,26403.826
2024-08-10,4,13,42716.76,26575.33075449815,24146.94975769794,24960.049
2024-08-17,4,13,48068.23,29658.37684296554,25568.516556488074,27127.893
2024-08-24,4,13,44955.07,26330.63259752211,28325.16246688532,29569.508
2024-08-31,4,13,31028.97,33186.09109646926,28861.76056843486,30111.375
2024-06-01,4,14,6232.31,29958.195519598434,27521.923518723554,28607.889
2024-06-08,4,14,49699.56,24876.56170342578,27218.797136932713,28462.963
2024-06-15,4,14,43005.37,22332.250710186832,27692.392645773725,29360.47
2024-06-22,4,14,45580.53,29464.429120289256,29071.286781403865,29566.336
2024-06-29,4,14,12650.64,27795.830754162176,29731.925819607404,30828.836
2024-07-06,4,14,50233.94,39633.001896586444,33927.956795839506,38113.977
2024-07-13,4,14,24646.31,28456.338935492582,30059.049500411948,31934.967
2024-07-20,4,14,32614.36,27082.718656056524,30743.212178751197,32098.725
2024-07-27,4,14,26310.69,28658.629310388344,31310.468661973995,31222.697
2024-08-03,4,14,17826.65,33332.50674403291,29545.628837866963,30809.059
2024-08-10,4,14,36978.03,32318.74583134675,28975.65011059964,30479.02
2024-08-17,4,14,15998.47,31732.832996487617,29190.56304424279,29502.754
2024-08-24,4,14,24182.93,25605.67871862698,27763.035111077726,28529.11
2024-08-31,4,14,10288.34,33186.20178816413,27656.996615833392,29263.887
2024-06-01,4,15,50665.1,28545.75890894465,24651.34389714103,27227.43
2024-06-08,4,15,23862.14,26820.459673588637,27672.75954981521,30953.133
2024-06-15,4,15,39309.63,23240.13637781699,28163.128741256198,30342.756
2024-06-22,4,15,39087.88,29511.683775914695,27613.473134227377,29213.91
2024-06-29,4,15,43178.66,27051.64055843056,28228.67794528286,30368.514
2024-07-06,4,15,41134.49,40628.283863406155,43781.32797669759,41232.316
2024-07-13,4,15,38655.12,27085.941946865263,28335.70872105605,31342.447
2024-07-20,4,15,35692.31,27026.75914292228,31631.38438455471,32505.904
2024-07-27,4,15,43492.62,29596.110333137556,32967.474385390415,32977.504
2024-08-03,4,15,31700.08,32957.901484403745,28134.76664609006,32136.143
2024-08-10,4,15,58249.34,35824.41123817019,32137.68950354168,32333.334
2024-08-17,4,15,30418.9,37447.35496411845,35078.04158848671,34567.82
2024-08-24,4,15,41221.58,32598.940510891676,35064.88732073104,33142.188
2024-08-31,4,15,37672.44,39397.86911544561,34515.294244223696,33253.074
2024-06-01,4,16,44378.05,31779.70243189499,29248.277512562065,30271.422
2024-06-08,4,16,40686.13,27413.947182245465,29979.47203599425,31687.953
2024-06-15,4,16,15877.17,24713.074356095916,30931.354492154405,32704.117
2024-06-22,4,16,42738.43,32266.402234135407,31192.66906694238,32088.875
2024-06-29,4,16,27820.65,29546.793038231095,30450.78745164264,31694.992
2024-07-06,4,16,18573.36,40578.09080180037,35344.48918538896,40440.94
2024-07-13,4,16,9327.96,26368.323730349708,29711.071035863006,31115.877
2024-07-20,4,16,16874.39,25172.582459001445,30576.536923644915,30947.965
2024-07-27,4,16,21049.67,24830.69880827985,30602.04516735969,29690.945
2024-08-03,4,16,24333.16,26435.499504969674,25975.586118741438,28138.602
2024-08-10,4,16,47132.67,27463.098159066452,25664.29034972141,28663.992
2024-08-17,4,16,32164.53,29679.734480195126,30853.96591958709,30073.203
2024-08-24,4,16,47562.54,23911.546724936154,27149.987349125724,28700.652
2024-08-31,4,16,56024.46,32066.504624078698,30905.97628234229,30406.188
2024-06-01,4,17,27988.69,35494.71786363492,31779.077096497425,31848.88
2024-06-08,4,17,43449.67,27963.554255350195,29961.96835482934,31954.596
2024-06-15,4,17,40717.06,25984.89399855995,29634.8195489926,31635.69
2024-06-22,4,17,18059.83,33009.249855664944,29614.343497267415,31611.42
2024-06-29,4,17,35614.36,28907.200542442144,30319.326288474072,32457.883
2024-07-06,4,17,20354.81,40615.87919776438,35140.00928758483,38696.234
2024-07-13,4,17,52099.31,26497.47692397749,28504.566962721474,30587.984
2024-07-20,4,17,21832.86,27188.57898669116,30202.765198607958,32875.65
2024-07-27,4,17,31170.97,28249.086157328435,30383.90023271685,32739.553
2024-08-03,4,17,45904.28,31891.916874093353,30328.21626398947,32188.521
2024-08-10,4,17,12069.45,34355.806872994275,30261.539886974268,31443.668
2024-08-17,4,17,57998.35,31771.330277655987,31903.17339454172,31177.44
2024-08-24,4,17,38292.33,30876.06067541634,31919.85614601599,33156.543
2024-08-31,4,17,35528.69,38125.44438826245,32044.538730410437,33615.28
2024-06-01,4,18,52338.48,29801.384180507957,32813.723001318605,31473.424
2024-06-08,4,18,22681.11,27271.450043698787,31844.88573159697,33382.07
2024-06-15,4,18,30121.9,25223.157142938588,32916.313719540914,34539.16
2024-06-22,4,18,55235.09,32313.62755449026,33916.59961423989,35678.477
2024-06-29,4,18,42294.21,33027.41081066276,33830.65420380031,33201.715
2024-07-06,4,18,9106.44,44323.21430824732,42666.5182290942,45854.953
2024-07-13,4,18,22557.08,29499.99449780654,33090.535807561806,35400.26
2024-07-20,4,18,33661.88,27264.170647162726,33385.36004306225,36476.32
2024-07-27,4,18,15468.37,29321.300841923607,32859.358643564796,34021.137
2024-08-03,4,18,62122.53,29573.289359080787,34068.524331994144,33632.23
2024-08-10,4,18,63817.61,35727.67300567458,34430.5159743967,35817.84
2024-08-17,4,18,58764.91,37243.85720187815,33952.95251687929,36059.223
2024-08-24,4,18,45378.14,32146.15023957823,33862.21603314588,35040.02
2024-08-31,4,18,22524.47,37454.32754064515,33723.18231253505,36349.414
2024-06-01,4,19,8649.89,39322.5837837132,36236.43531737632,36492.395
2024-06-08,4,19,6558.41,31386.873112227608,35239.04115190973,36725.57
2024-06-15,4,19,10552.04,28295.81502822468,33136.39179197413,36389.19
2024-06-22,4,19,14851.91,35527.642974440496,33982.78000487448,37082.15
2024-06-29,4,19,48999.71,26006.992836068457,28997.9774871238,31488.773
2024-07-06,4,19,76325.93,39612.47749875806,31446.2099962282,39445.246
2024-07-13,4,19,8235.32,30476.42788391192,32899.67515327127,36509.42
2024-07-20,4,19,20984.33,26155.910101125497,31762.304416242972,36336.76
2024-07-27,4,19,59953.28,26070.278460028516,28726.41659613388,33669.035
2024-08-03,4,19,51168.4,34425.63349899139,32533.792340809516,38209.254
2024-08-10,4,19,41716.49,37385.26583911734,34139.36946313282,37293.098
2024-08-17,4,19,9511.76,37190.82439217276,35334.71711513265,36568.66
2024-08-24,4,19,39045.02,33839.44963788533,36104.253917301845,37250.375
2024-08-31,4,19,30048.26,39896.067453719756,38636.26457578788,36796.92
2024-06-01,4,20,25479.64,38970.837156550646,36155.12784288443,36876.03
2024-06-08,4,20,57159.61,32376.133762978265,33514.17550770101,36170.74
2024-06-15,4,20,38250.99,30193.694095991807,34295.96879415815,37468.14
2024-06-22,4,20,26773.65,38388.012273067274,37875.994129561164,37486.367
2024-06-29,4,20,45498.27,33532.217599462594,35359.90692688714,35982.496
2024-07-06,4,20,55529.58,47232.38879521183,45967.55744383624,49349.793
2024-07-13,4,20,28945.6,32068.409815711893,35416.88656907885,35647.35
2024-07-20,4,20,24639.63,30988.14099205884,39011.61357575103,39513.684
2024-07-27,4,20,61470.12,30930.130271859853,32459.332733313575,36154.85
2024-08-03,4,20,67982.03,37911.17214777201,38516.88757703602,38290.867
2024-08-10,4,20,24253.06,40703.631175711256,39120.49750386443,38384.977
2024-08-17,4,20,65362.75,38946.866184092854,36319.49660381974,39064.625
2024-08-24,4,20,8992.18,37053.70514148147,37612.83031124114,39180.67
2024-08-31,4,20,61856.47,43610.633620393695,37891.80923560344,40218.684
2024-06-01,5,1,83506.62,60744.88441866988,53017.83863426639,55814.492
2024-06-08,5,1,57455.25,58991.1474407,49377.86795596876,53219.26
2024-06-15,5,1,58770.04,69416.18116536221,51971.98439186112,48934.984
2024-06-22,5,1,101505.73,68045.6821803017,51401.242083618585,49799.97
2024-06-29,5,1,85380.37,69757.9368569949,51713.730521947786,52006.242
2024-07-06,5,1,34245.5,85740.76398499747,83855.19231256796,62160.625
2024-07-13,5,1,57505.46,77630.80728877013,50365.718663114734,54467.64
2024-07-20,5,1,60100.71,78474.00419632316,53653.14657306079,51035.367
2024-07-27,5,1,14063.13,77483.11841387322,54211.07036847409,53813.59
2024-08-03,5,1,30231.53,75391.99071702009,54135.336505078754,57993.156
2024-08-10,5,1,86311.72,77777.0707501065,55150.4014586802,53406.03
2024-08-17,5,1,32360.85,70399.81555587475,59696.04667452359,56085.89
2024-08-24,5,1,80725.92,68364.6165414621,53687.11225266295,57226.992
2024-08-31,5,1,80056.39,68227.94431190676,54684.050685346,51192.047
2024-06-01,5,2,39577.52,79577.42478402541,62468.594097453024,65144.055
2024-06-08,5,2,39818.14,67652.85614264716,67966.72396045824,63785.06
2024-06-15,5,2,85141.67,71500.57524972726,64716.10499991904,66355.82
2024-06-22,5,2,80705.9,69333.40630043825,62793.08556827412,62297.867
2024-06-29,5,2,32185.25,67049.03664589662,58578.080880504334,56677.805
2024-07-06,5,2,108001.04,75918.05291452649,82124.0516830465,78846.25
2024-07-13,5,2,60349.0,73249.33683043512,62291.039771688425,59409.6
2024-07-20,5,2,101784.26,74220.57557298153,62781.802231098314,61858.477
2024-07-27,5,2,42853.36,78721.93207674389,62554.07496699612,60771.523
2024-08-03,5,2,10646.74,81802.44344381246,58843.76040092853,57875.953
2024-08-10,5,2,25825.87,84649.41745068182,66548.57077160121,66584.26
2024-08-17,5,2,19906.46,71823.8926224533,69385.20414039488,63759.2
2024-08-24,5,2,92306.62,67645.38013316088,68274.48761034262,64900.613
2024-08-31,5,2,95923.59,75008.25843365883,61542.47372717769,65043.668
2024-06-01,5,3,102382.45,68980.98661830203,66600.4530900127,65242.13
2024-06-08,5,3,79230.25,68837.97316398312,64727.10444802096,60466.613
2024-06-15,5,3,19393.51,76465.83248328685,64918.5922408713,59939.086
2024-06-22,5,3,56986.02,74574.86270473947,65759.08593376706,63900.73
2024-06-29,5,3,101081.06,74342.9864631804,60078.44308937454,58617.473
2024-07-06,5,3,68715.35,91491.02745710875,77391.5096707691,87207.38
2024-07-13,5,3,15546.55,80745.15789553995,70972.3259978745,63568.027
2024-07-20,5,3,33666.89,78588.54637794165,63312.2617419657,60903.13
2024-07-27,5,3,74130.5,76263.54523732275,63885.99027348494,61050.188
2024-08-03,5,3,96229.99,75681.3982030352,59450.92428286075,59202.16
2024-08-10,5,3,96756.44,80635.75205962377,64257.124801401915,63273.617
2024-08-17,5,3,94530.85,72753.81861565413,60454.3278269984,57954.3
2024-08-24,5,3,69819.47,75555.319709589,72908.91281190413,62492.53
2024-08-31,5,3,107711.39,74854.3215025996,63749.741867315555,59600.316
2024-06-01,5,4,107601.49,78867.57071257755,70868.10290545906,66169.195
2024-06-08,5,4,66303.85,76433.65786816485,69929.56998693336,63498.7
2024-06-15,5,4,66686.94,87675.96139327009,71214.82650662704,61621.035
2024-06-22,5,4,104587.14,81947.5635308011,71967.78950444395,69680.01
2024-06-29,5,4,80427.53,82565.21404416402,70773.35884919179,53963.36
2024-07-06,5,4,43018.99,92083.60284607278,88210.4297615124,80072.24
2024-07-13,5,4,18667.73,80223.0111043251,67729.1818279373,64924.953
2024-07-20,5,4,119546.59,79250.020340646,70833.05226464322,70446.58
2024-07-27,5,4,104311.45,85964.01351118306,73099.2456893774,66489.07
2024-08-03,5,4,106814.39,87848.40828279793,75250.6494965116,68160.19
2024-08-10,5,4,60778.5,92071.00527311704,74696.00125855322,68807.28
2024-08-17,5,4,82688.35,78239.06664187976,70102.08173080227,53321.223
2024-08-24,5,4,17895.68,80619.60341498343,70066.36860595737,63634.03
2024-08-31,5,4,19753.67,80907.01605154292,69918.84961971872,65597.195
2024-06-01,5,5,107172.64,89935.21121942272,78926.5064571887,71665.79
2024-06-08,5,5,57045.22,83501.9335219124,79018.77808080042,61021.047
2024-06-15,5,5,117187.36,89259.72711113229,77614.5935424455,67212.74
2024-06-22,5,5,30815.1,87187.86748323517,76610.02017232441,67235.18
2024-06-29,5,5,54361.41,85465.08714255589,76596.89138368765,66558.16
2024-07-06,5,5,66985.34,97350.5994449651,90157.99679024644,93020.02
2024-07-13,5,5,121792.48,90419.97510900028,75504.50871553457,66089.12
2024-07-20,5,5,20876.13,88023.54873585247,77096.18246817234,75092.74
2024-07-27,5,5,42636.46,81871.57840327403,76733.2599684414,73791.12
2024-08-03,5,5,52581.0,81201.19148082883,68604.07186322582,66398.84
2024-08-10,5,5,69259.97,85653.97973266512,74342.30697157084,65102.79
2024-08-17,5,5,104287.55,67238.94217332348,67789.72571704224,71642.766
2024-08-24,5,5,52475.76,76375.5718422764,68724.11464676379,63990.082
2024-08-31,5,5,91446.77,75905.6383297932,68270.28311021384,62827.21
2024-06-01,5,6,47927.3,72062.58166967612,69969.04198392679,72319.05
2024-06-08,5,6,75171.49,61921.32701776509,67791.75661764764,70472.67
2024-06-15,5,6,113761.23,74107.68254259427,69092.46592880605,63601.95
2024-06-22,5,6,57791.64,74232.18960094385,70544.70194396668,72057.02
2024-06-29,5,6,89002.16,71796.08104177829,68426.08400117872,69685.55
2024-07-06,5,6,95729.74,88477.85829397757,89223.09964873799,101074.375
2024-07-13,5,6,124276.65,82560.10747223994,76057.75529797486,67663.23
2024-07-20,5,6,124333.21,81460.18709362292,76298.80590120995,75948.414
2024-07-27,5,6,11736.57,87438.01785668795,78187.87115734693,76663.13
2024-08-03,5,6,95472.72,93684.83898493712,84912.65448879279,75164.92
2024-08-10,5,6,127772.93,99837.95224792653,86968.90621112785,73266.68
2024-08-17,5,6,97539.55,90803.73698129866,86877.07178710346,68949.02
2024-08-24,5,6,11221.9,94402.65050943085,85755.99693459607,76355.984
2024-08-31,5,6,86846.24,90539.94144324632,84909.93344411568,73972.97
2024-06-01,5,7,93845.75,78214.28921164016,71343.36231916223,80080.92
2024-06-08,5,7,131362.18,73443.0431610817,70841.53430857141,72381.68
2024-06-15,5,7,78566.16,91219.97182945491,77081.862021651,74287.24
2024-06-22,5,7,48355.68,84168.47821557039,76701.46622645245,79051.64
2024-06-29,5,7,128135.4,78339.04679694597,75269.6537415533,74551.05
2024-07-06,5,7,50135.71,94069.75323736406,87219.07392652282,101057.47
2024-07-13,5,7,13521.48,83443.25966749029,76138.05473074285,76171.62
2024-07-20,5,7,13473.12,82663.06239698513,78328.4868453574,80419.41
2024-07-27,5,7,34776.82,85324.25819777689,80604.75361995025,78982.13
2024-08-03,5,7,19408.66,78094.58179768894,71933.48618221156,76130.03
2024-08-10,5,7,122854.04,72342.6966183343,64442.72666068128,69068.44
2024-08-17,5,7,74861.18,70383.10045636151,68812.01122710174,72775.7
2024-08-24,5,7,86204.89,73627.35845421167,70560.85169862738,70044.125
2024-08-31,5,7,86825.72,69899.45562152978,63854.70774201346,69602.34
2024-06-01,5,8,70890.35,84580.00708562581,79973.37855901843,78383.4
2024-06-08,5,8,20772.68,80119.8158607423,78562.78226894734,74150.87
2024-06-15,5,8,29212.6,85993.74041126453,77682.49227312063,80783.805
2024-06-22,5,8,142240.84,85002.37909071436,77482.95218397111,84510.07
2024-06-29,5,8,141285.07,91740.9749327522,88032.77551253466,80448.984
2024-07-06,5,8,129120.26,107524.07557509007,104567.66981417529,100003.984
2024-07-13,5,8,82567.37,94133.8884883665,85805.98411394787,77427.12
2024-07-20,5,8,32955.84,87261.74575873118,82354.69342633252,76864.35
2024-07-27,5,8,67469.47,87953.20625143731,79562.66220883398,77198.48
2024-08-03,5,8,128243.34,90694.89150701801,77027.69534866473,78672.02
2024-08-10,5,8,57296.58,101298.64713999032,82901.81543115959,86190.53
2024-08-17,5,8,135075.03,90864.44673014706,82749.34762069023,77087.11
2024-08-24,5,8,139564.4,93569.36632394668,82015.13552763776,75078.81
2024-08-31,5,8,30759.61,93807.5468811692,83022.42919808254,78151.305
2024-06-01,5,9,85611.8,82771.64248372253,76019.48537283405,79751.164
2024-06-08,5,9,138110.46,78737.9879951145,78160.13483339209,74364.26
2024-06-15,5,9,33421.67,96041.51489959366,80308.077593264,80213.56
2024-06-22,5,9,134991.91,91330.19303152442,80921.87681020069,83121.914
2024-06-29,5,9,50514.74,94717.8000402087,84863.17897832987,78104.734
2024-07-06,5,9,96242.97,108585.990922697,112945.90807882544,107872.375
2024-07-13,5,9,20988.5,94911.12528546955,83306.90526411946,80388.25
2024-07-20,5,9,145254.89,89306.37196774923,77973.74379054182,79166.48
2024-07-27,5,9,20483.92,93278.36676348437,87332.36693333501,81653.836
2024-08-03,5,9,135766.24,92539.90532310479,80920.56496184088,80165.766
2024-08-10,5,9,141576.98,96445.18484135286,88018.04978207765,85008.766
2024-08-17,5,9,114877.8,91669.03443357995,89714.21909841032,78110.64
2024-08-24,5,9,124901.23,91538.052233561,87425.50338558959,82763.836
2024-08-31,5,9,117554.41,90411.56665977652,81495.42603895263,80540.484
2024-06-01,5,10,70581.59,78521.74880650578,72694.23908985271,76619.15
2024-06-08,5,10,30485.73,74786.33682083321,75988.31560369315,80986.484
2024-06-15,5,10,80153.97,77802.32372626825,71999.12166368145,79051.13
2024-06-22,5,10,87051.7,75933.20496951515,70924.67593548335,75870.26
2024-06-29,5,10,141246.07,76402.81635964065,69249.76999836613,73084.35
2024-07-06,5,10,55585.89,95167.69036620331,85340.85436836054,103094.38
2024-07-13,5,10,124842.0,83890.90703800236,76871.88918616717,80383.53
2024-07-20,5,10,50265.96,88543.1888512338,81739.36949528614,81296.93
2024-07-27,5,10,18598.7,87365.96360248301,79219.55132439265,82632.336
2024-08-03,5,10,34802.8,86579.2632670202,77975.72525389394,83935.54
2024-08-10,5,10,27201.18,92551.90346229455,78648.76823205822,81045.87
2024-08-17,5,10,13815.36,72869.64856081689,70264.37880302314,80434.52
2024-08-24,5,10,81412.79,70454.69957613375,77039.2707852742,76147.51
2024-08-31,5,10,57264.82,70340.93036777317,83767.80279848301,74422.66
2024-06-01,5,11,13655.48,89101.223639981,78924.53305985645,81678.805
2024-06-08,5,11,43341.02,80696.52157036861,81950.73175146057,89003.27
2024-06-15,5,11,103624.06,84015.18125982073,73715.39935762818,81167.99
2024-06-22,5,11,75268.67,87951.33634190707,78207.67101066442,82772.78
2024-06-29,5,11,18730.35,80957.05721337124,79611.43365291068,89959.37
2024-07-06,5,11,84069.99,84894.56890984435,73429.03600190436,91597.23
2024-07-13,5,11,20295.23,78321.59861487418,73958.58171658113,74961.016
2024-07-20,5,11,14112.22,74170.53768721665,70592.31157723488,79360.82
2024-07-27,5,11,71979.9,68316.3844325266,88680.92456199814,87542.3
2024-08-03,5,11,127570.03,76216.15457526891,72718.97677264252,81717.086
2024-08-10,5,11,16911.47,86436.02560730124,76487.75771939928,83417.555
2024-08-17,5,11,116371.36,68728.22891957304,75678.61376437315,87888.85
2024-08-24,5,11,116948.55,75361.87129246793,74072.78442022232,80476.945
2024-08-31,5,11,45662.95,83188.07189908018,80961.27931532759,81676.664
2024-06-01,5,12,15046.6,101146.50875332052,94302.00038437491,92496.59
2024-06-08,5,12,162227.27,90869.12585500898,88990.57952656648,86842.74
2024-06-15,5,12,162141.71,103673.25749112759,87890.74402726094,94068.13
2024-06-22,5,12,165101.78,100848.004367986,89689.4933404093,87891.33
2024-06-29,5,12,14636.38,98620.83302079691,90508.04144723814,89705.97
2024-07-06,5,12,77839.65,110274.21460460188,121869.69142031064,120859.77
2024-07-13,5,12,96948.88,97895.85668685663,87651.32432943356,90685.75
2024-07-20,5,12,147935.3,100965.09076583735,90591.97907409264,86724.19
2024-07-27,5,12,111916.28,102242.96274229724,92445.36332968331,91047.76
2024-08-03,5,12,85397.46,105838.87698966765,93870.92408566414,89874.99
2024-08-10,5,12,94416.72,103477.39137717689,88231.42338749528,89997.12
2024-08-17,5,12,96163.52,89264.47311273453,82617.8195223883,82552.79
2024-08-24,5,12,126191.23,86623.00306528044,81720.7062096079,82857.78
2024-08-31,5,12,120936.05,95361.87205674849,85412.69613074003,88468.71
2024-06-01,5,13,135356.63,89130.25827210749,80953.0900582124,94633.11
2024-06-08,5,13,141197.82,89743.05786714773,90410.62561699002,85949.555
2024-06-15,5,13,144534.31,96100.9876875995,86765.96812827917,94942.27
2024-06-22,5,13,46394.0,91603.63944520452,88526.998033395,92302.46
2024-06-29,5,13,108467.39,84761.81331582565,80980.269714322,87070.54
2024-07-06,5,13,78366.56,103443.828616535,103094.91188595591,106199.875
2024-07-13,5,13,111239.66,92186.15977071575,83134.17031625228,87405.93
2024-07-20,5,13,157517.97,93761.9431188307,83233.27309539837,95128.516
2024-07-27,5,13,125566.59,103380.14760418425,91612.1469559071,88859.016
2024-08-03,5,13,120936.43,104030.020342342,91871.95049080484,89987.94
2024-08-10,5,13,134893.16,103771.02559990028,89232.82376653906,94512.55
2024-08-17,5,13,35710.76,92960.31097374568,92380.18618570906,87714.57
2024-08-24,5,13,107402.66,101410.03693522906,90612.62968803397,88192.1
2024-08-31,5,13,47811.52,102805.0120259033,90268.86385208968,89337.125
2024-06-01,5,14,167968.23,89244.72888168911,86239.40167375625,95138.86
2024-06-08,5,14,71506.31,90125.46348988698,93845.0508514102,94293.31
2024-06-15,5,14,81669.47,100011.70821452633,85687.50218150008,93602.336
2024-06-22,5,14,80617.89,101392.1998566713,89305.60971767873,95159.914
2024-06-29,5,14,92582.63,98527.10809249335,87975.35454920639,85284.63
2024-07-06,5,14,37995.22,101684.82852074655,92437.7666863798,129094.8
2024-07-13,5,14,30035.73,93547.57385818043,81241.46347156733,90748.555
2024-07-20,5,14,135206.34,89801.29576794244,83003.16131296482,93380.94
2024-07-27,5,14,100880.9,92646.89003442274,88158.69011718995,93203.67
2024-08-03,5,14,91453.92,89592.82549299713,83156.93308187071,91355.914
2024-08-10,5,14,50293.33,91972.16134831804,81927.08932542057,93446.28
2024-08-17,5,14,85036.78,79064.26296019851,85712.95372425878,85227.44
2024-08-24,5,14,158105.72,81659.21241352882,84135.40322665489,88130.2
2024-08-31,5,14,95354.5,90352.82325852144,87319.55643853899,92192.1
2024-06-01,5,15,53348.97,104092.22965705939,91473.22242299507,98795.07
2024-06-08,5,15,82661.24,90034.56128723398,87122.1718970623,95208.33
2024-06-15,5,15,73529.48,91936.66736487864,81072.22968040199,100496.5
2024-06-22,5,15,134057.19,87111.11635358908,80229.8424158221,92076.38
2024-06-29,5,15,93451.3,86927.04067853029,81343.26254808155,90165.67
2024-07-06,5,15,145258.02,96299.5694412367,117708.30889205534,116729.03
2024-07-13,5,15,114406.39,93800.80504282101,83245.30335028985,90927.305
2024-07-20,5,15,172185.95,91971.87255650418,82398.98640953009,91172.67
2024-07-27,5,15,87875.66,98685.89512903671,91269.71635321494,96048.19
2024-08-03,5,15,28082.76,104407.06320979612,92901.29182335011,95045.54
2024-08-10,5,15,28356.12,109019.47229580715,90460.59209362885,94967.26
2024-08-17,5,15,102655.2,99147.4538939751,89398.89042887866,92744.13
2024-08-24,5,15,68787.98,96556.7814654528,83048.74535645296,91393.22
2024-08-31,5,15,68065.18,93409.55911751953,83900.24747949943,91865.73
2024-06-01,5,16,109307.64,78201.16770044813,82394.84611889649,86386.68
2024-06-08,5,16,66993.79,72887.86546843007,76207.38920189503,98466.164
2024-06-15,5,16,17704.44,82823.71381101129,86505.94247437836,102113.1
2024-06-22,5,16,136833.98,76436.70237949063,88901.89862430548,102123.54
2024-06-29,5,16,55768.67,82580.87556973196,88584.39973054398,100157.67
2024-07-06,5,16,47528.51,87150.8579163398,93595.65055140932,123959.14
2024-07-13,5,16,177877.48,78172.58498820511,75933.41564299776,88344.016
2024-07-20,5,16,61222.64,90328.2999272889,82715.34002304317,92133.2
2024-07-27,5,16,18629.88,90796.19738485993,85404.66787229148,95922.0
2024-08-03,5,16,160338.61,88775.99748388657,86936.96269485951,95737.51
2024-08-10,5,16,161282.05,102193.09882674602,88550.48067297037,107891.516
2024-08-17,5,16,96215.81,98000.91104467522,94737.24677786123,93413.52
2024-08-24,5,16,131579.33,96416.74934155453,94720.92407721661,104800.28
2024-08-31,5,16,157480.35,97579.49067175415,96184.13296505086,109386.6
2024-06-01,5,17,70234.53,95958.63787781654,101497.29380893827,108842.19
2024-06-08,5,17,55860.65,87504.9303416028,102430.42060151543,107001.04
2024-06-15,5,17,17209.67,95983.3413991532,92313.9816086702,92908.555
2024-06-22,5,17,117905.58,78197.26453558484,71715.6907553413,98812.3
2024-06-29,5,17,122032.21,85507.71764177043,83675.52335352916,102243.18
2024-07-06,5,17,47231.87,101877.06966161542,105137.07538116569,138594.36
2024-07-13,5,17,33140.04,89199.39797787677,93030.29554224732,110916.72
2024-07-20,5,17,130535.57,78295.54830423644,77605.09750126512,107744.67
2024-07-27,5,17,62511.54,85809.37943435923,88008.42964196212,106257.7
2024-08-03,5,17,31077.53,85795.69692447598,85646.5025251741,105398.76
2024-08-10,5,17,191148.07,87999.09820333286,83076.19663139195,103653.97
2024-08-17,5,17,93045.53,93597.33371674572,97637.62684588847,92383.984
2024-08-24,5,17,27329.08,93615.71896175749,98601.15491551562,102459.414
2024-08-31,5,17,185470.61,88555.14411844662,92364.06237569297,108922.11
2024-06-01,5,18,103651.53,114719.07718597414,103257.70141328288,112088.53
2024-06-08,5,18,27435.23,106858.10356257664,102195.36860807733,108891.445
2024-06-15,5,18,103083.47,110593.1389702723,104263.9408013772,108077.79
2024-06-22,5,18,190418.13,107100.10305901483,110062.24641606347,117222.56
2024-06-29,5,18,19398.93,108998.92388693613,102073.50233967218,97316.055
2024-07-06,5,18,235344.04,114892.16539979458,110602.99260851025,152192.28
2024-07-13,5,18,141538.18,113489.44571769424,105691.62463817382,117433.055
2024-07-20,5,18,152089.18,114151.04674101263,107940.11687401112,109124.78
2024-07-27,5,18,138832.32,112406.79054106315,106652.8438795268,103641.16
2024-08-03,5,18,82178.24,113083.64977980792,109922.48515693097,120822.23
2024-08-10,5,18,143303.09,118232.22041601193,109797.29287612684,109029.51
2024-08-17,5,18,131754.93,110713.75481516655,112170.17200814844,117098.914
2024-08-24,5,18,41588.15,110786.74760485406,113350.5212146818,110094.89
2024-08-31,5,18,167138.07,114754.31674280166,117475.2530227199,109045.305
2024-06-01,5,19,38984.42,92043.89904913126,97909.19600969784,108083.94
2024-06-08,5,19,23094.07,87141.3545022993,102152.01877868599,107628.07
2024-06-15,5,19,29793.53,93451.21832954575,102992.81366464196,108283.0
2024-06-22,5,19,63176.85,78434.87778171609,106839.44395145893,110833.53
2024-06-29,5,19,98359.21,70923.84316178091,81517.74837223858,87373.234
2024-07-06,5,19,137477.69,89937.20202051388,85547.73595362791,109149.305
2024-07-13,5,19,67782.54,83260.45148784696,110351.20110880828,111377.47
2024-07-20,5,19,199891.72,72913.84932004832,79909.6304138364,99611.13
2024-07-27,5,19,101320.4,88326.09789622371,98617.63558087758,94112.375
2024-08-03,5,19,202215.62,95267.34575247703,95441.45022908467,102066.77
2024-08-10,5,19,200203.95,111544.81793468122,104231.89583162931,102888.664
2024-08-17,5,19,140640.69,109789.65058156886,113268.12180059242,101754.75
2024-08-24,5,19,193280.76,117303.92415892894,113463.30412164575,103415.56
2024-08-31,5,19,91412.89,122058.12227523769,122242.65884804154,112880.52
2024-06-01,5,20,157423.68,108698.62947360208,129419.03104737223,125131.18
2024-06-08,5,20,114167.38,112536.83774579986,121240.87068601511,123256.83
2024-06-15,5,20,47442.63,121112.40585453284,132749.85748128462,145242.14
2024-06-22,5,20,127122.58,124054.43579050104,113294.07233972102,116046.08
2024-06-29,5,20,88141.23,121208.70935748762,111252.89415450097,122796.93
2024-07-06,5,20,65357.67,125327.13641063558,105858.82584842433,155131.94
2024-07-13,5,20,70104.81,105131.58761265641,117639.8412360875,115925.02
2024-07-20,5,20,190808.9,98700.6495876048,114118.61164097552,134006.14
2024-07-27,5,20,68270.17,103845.01808225471,111099.51550647509,127612.26
2024-08-03,5,20,99688.66,99561.88090969023,103637.50863368485,120672.01
2024-08-10,5,20,178155.83,101459.09634805849,97204.57410895324,129525.484
2024-08-17,5,20,152035.05,101092.55114803443,117495.80661523566,114932.24
2024-08-24,5,20,122183.5,103161.82455347772,119181.08786603295,132496.94
2024-08-31,5,20,48685.17,103127.67601121328,121715.11576882964,138183.28
2024-06-01,6,1,74035.21,57283.47030645479,51139.68037641587,51278.266
2024-06-08,6,1,93556.24,65101.17808959944,51210.888238034684,51960.32
2024-06-15,6,1,48759.79,68064.56505963192,53803.015927013366,59244.016
2024-06-22,6,1,25408.88,69857.52556334887,53942.9938642536,52500.645
2024-06-29,6,1,90004.02,64001.63607853883,54965.249876428985,53160.414
2024-07-06,6,1,117748.57,90104.26020913417,70264.4859583537,67831.016
2024-07-13,6,1,45875.13,72335.20177274628,71019.12684973604,63049.75
2024-07-20,6,1,69185.64,72604.1847963329,69394.12283641583,59415.918
2024-07-27,6,1,85107.1,78374.54755086487,72159.1526630061,60977.785
2024-08-03,6,1,72944.41,78528.622589471,72892.97579245195,57989.348
2024-08-10,6,1,84560.86,77164.08479339813,54512.638540799155,55170.492
2024-08-17,6,1,23112.03,72718.75047059296,72697.72795768223,61285.254
2024-08-24,6,1,82168.37,84342.81415817194,72600.54375006555,59417.08
2024-08-31,6,1,36314.22,80488.81293101583,71447.50152841967,56667.926
2024-06-01,6,2,99330.82,60714.57712061656,62115.21897709931,60460.008
2024-06-08,6,2,64505.55,70868.22241381809,61572.46365137627,58272.094
2024-06-15,6,2,61482.77,67729.09422033635,64081.85515138054,59203.586
2024-06-22,6,2,76739.71,75258.86400646216,63107.33184708662,57537.668
2024-06-29,6,2,46303.56,73232.41444734385,68704.72137035834,57170.89
2024-07-06,6,2,134198.91,93568.22836169112,87312.05618163482,70314.484
2024-07-13,6,2,95854.22,77672.11540720149,70161.54671184007,61073.46
2024-07-20,6,2,83850.89,79845.17474160736,71528.22596154282,53412.66
2024-07-27,6,2,89218.9,84512.65800729278,71012.05785996323,53552.21
2024-08-03,6,2,94863.29,81566.80236621952,73474.7099087284,54833.95
2024-08-10,6,2,23135.8,83807.45550184301,77188.17875956067,56145.992
2024-08-17,6,2,60136.6,80504.52559837484,71218.5427197529,60236.74
2024-08-24,6,2,35283.93,88334.6031602757,70468.93768266062,62152.348
2024-08-31,6,2,24859.01,84443.39810861502,72257.3065861107,58202.08
2024-06-01,6,3,89121.96,61724.08521030381,58617.12277847371,56717.21
2024-06-08,6,3,51733.56,70618.48432453672,59620.4897360703,59044.445
2024-06-15,6,3,58177.82,67723.49521699437,59680.86434511437,59367.727
2024-06-22,6,3,87088.72,72275.8379197644,60820.70621138521,59187.008
2024-06-29,6,3,71202.92,70598.72559958062,62066.81144503358,57326.53
2024-07-06,6,3,39500.74,92082.77414727496,81246.48054865906,85867.766
2024-07-13,6,3,51801.33,70199.70026199316,59235.376001900935,59663.5
2024-07-20,6,3,108670.55,72095.16701347777,58970.67837007866,57155.918
2024-07-27,6,3,88921.56,78748.04372393998,70055.18299281839,61119.34
2024-08-03,6,3,32030.51,76692.03326352764,69968.57459237,61275.453
2024-08-10,6,3,53845.47,78424.07039241024,62104.29064121553,61946.7
2024-08-17,6,3,30341.38,73721.92399100593,62239.3079264523,58483.562
2024-08-24,6,3,62597.98,77529.53902680086,63942.23259495229,60259.566
2024-08-31,6,3,93840.81,71455.97091123351,60478.231999052565,60128.81
2024-06-01,6,4,39883.88,75673.2523736234,69505.6351539711,62026.348
2024-06-08,6,4,38873.69,78379.08474758972,71689.08705858812,64422.332
2024-06-15,6,4,26371.11,74391.82233986215,69012.65650260403,66186.99
2024-06-22,6,4,94287.69,70496.53143990843,66455.13444584407,67194.46
2024-06-29,6,4,59067.09,68977.38706694791,65610.56258744893,65483.285
2024-07-06,6,4,26469.32,88991.9670817623,69591.57287884952,73558.914
2024-07-13,6,4,16762.88,64615.96182224429,62802.22991117609,64407.5
2024-07-20,6,4,39090.49,61079.9546268513,68456.20688397458,63197.617
2024-07-27,6,4,37465.74,63429.941317011755,62635.97554001091,62199.605
2024-08-03,6,4,92642.51,60383.61513252835,62372.45125170671,64824.117
2024-08-10,6,4,58999.39,69689.20877749062,66518.57559244933,65043.363
2024-08-17,6,4,65830.03,64235.76803430281,66322.31273372856,60742.645
2024-08-24,6,4,19145.53,69379.29192731075,68286.15514156932,61290.46
2024-08-31,6,4,53429.7,65686.59976489737,65711.24371851204,64564.36
2024-06-01,6,5,87382.38,70399.77759040648,67754.69515473231,65543.1
2024-06-08,6,5,40633.08,76985.790425963,75948.00810457139,71300.766
2024-06-15,6,5,55485.68,70126.54868184452,64556.70367309723,65543.91
2024-06-22,6,5,57763.6,71797.04769724788,63781.49770829047,66467.29
2024-06-29,6,5,100784.3,63666.67762154283,63745.46854340738,61281.543
2024-07-06,6,5,141187.13,87285.33813024746,76626.72050956106,71845.28
2024-07-13,6,5,69352.99,73305.52116931471,73069.84241286742,66384.77
2024-07-20,6,5,69861.4,74977.61729372159,75094.68791453422,70973.92
2024-07-27,6,5,72795.53,82002.56838565957,74865.86297777484,64324.426
2024-08-03,6,5,12460.96,81615.06259226016,76019.02260354928,66223.82
2024-08-10,6,5,102700.45,81885.06980302086,77271.62488434328,67574.35
2024-08-17,6,5,73474.36,81238.12257761118,75342.72272941057,68009.95
2024-08-24,6,5,119163.83,89818.88008205348,75584.70735832624,69956.43
2024-08-31,6,5,98798.72,87139.03396924378,79255.7563783481,68838.87
2024-06-01,6,6,47753.52,63431.42574742555,67268.73749313809,68317.79
2024-06-08,6,6,40344.59,67108.2068324814,66737.48186226247,68830.055
2024-06-15,6,6,52480.96,67011.47445204816,67528.87659346955,68221.9
2024-06-22,6,6,29610.11,73501.11516683668,67640.07933563563,59347.98
2024-06-29,6,6,74709.6,59523.01647271701,66126.46170228961,67470.52
2024-07-06,6,6,13635.04,88288.45929734831,75662.86139968358,86069.78
2024-07-13,6,6,93254.63,64037.83540764373,64886.77893469792,67774.164
2024-07-20,6,6,90883.56,68776.29898901068,68413.62940766443,67624.05
2024-07-27,6,6,103561.3,71870.39676991469,68685.027143746,67132.6
2024-08-03,6,6,112598.91,73451.642773715,73275.46909906642,65975.95
2024-08-10,6,6,51731.11,76015.7335959367,75607.02114015992,71022.76
2024-08-17,6,6,86009.54,73469.65713458572,75426.30503462008,72795.85
2024-08-24,6,6,85120.93,85898.45990611892,75794.68664443931,71641.91
2024-08-31,6,6,43463.81,83814.45242399568,76375.55412147692,70991.31
2024-06-01,6,7,63160.83,75242.45850307524,76001.3762727498,69770.555
2024-06-08,6,7,35632.75,76629.756342471,75390.8915290888,74040.62
2024-06-15,6,7,121665.69,70068.32543276425,66866.65915820873,68644.25
2024-06-22,6,7,105742.55,77857.37281795096,73625.54296864069,69745.06
2024-06-29,6,7,95448.9,77775.44698311714,75161.46548964584,68964.44
2024-07-06,6,7,25304.34,99128.66215673953,91352.38854829762,87326.67
2024-07-13,6,7,50946.54,77637.91354391174,76683.31059441654,76776.54
2024-07-20,6,7,28112.95,78421.09447946522,75235.92781303314,72033.0
2024-07-27,6,7,85361.39,78249.76754438944,67343.90321315682,69513.914
2024-08-03,6,7,81696.62,77133.5318046849,67218.1648012005,67021.164
2024-08-10,6,7,20326.91,82042.2467971323,75763.42940389145,72909.78
2024-08-17,6,7,55205.07,70088.80369728795,68311.07228290773,73541.164
2024-08-24,6,7,37428.3,74835.483852746,67310.37321315176,66656.87
2024-08-31,6,7,27818.5,67801.71158148127,67000.4631029745,68837.766
2024-06-01,6,8,26387.36,75800.06608276072,78649.69304861981,75728.266
2024-06-08,6,8,19357.27,80288.1283961683,76213.67692796512,76663.83
2024-06-15,6,8,103470.07,78636.65808012342,77646.20848961393,77793.72
2024-06-22,6,8,91236.1,87077.0194760786,77840.2407224971,74690.85
2024-06-29,6,8,89552.74,78252.03470581147,77766.07589351351,77464.57
2024-07-06,6,8,180067.66,98392.47021206684,88146.36864410168,99305.54
2024-07-13,6,8,86773.5,84569.64409909898,85088.86366486274,75100.984
2024-07-20,6,8,49243.59,82937.73245842871,84765.96103210247,77588.74
2024-07-27,6,8,130302.5,86610.43949765727,80882.23996546531,78701.375
2024-08-03,6,8,116271.18,94763.76316276647,90335.86627541072,80809.24
2024-08-10,6,8,85862.76,99821.35226289532,86596.46698683279,77272.234
2024-08-17,6,8,18682.47,91975.67883133411,84457.54672794265,76882.67
2024-08-24,6,8,122982.33,98784.50892448708,84871.34129880457,80721.77
2024-08-31,6,8,119360.04,97767.02362657554,89915.69596854915,77621.734
2024-06-01,6,9,119379.72,68055.9473530263,75494.68376819155,77328.49
2024-06-08,6,9,109398.25,78459.20699561527,75510.16213240582,75991.73
2024-06-15,6,9,123489.66,79715.15664354301,79686.2698664984,74506.85
2024-06-22,6,9,44862.84,84238.61413058382,83002.47815832526,80899.56
2024-06-29,6,9,122979.48,84599.5452474861,80739.09017433523,75971.375
2024-07-06,6,9,136839.27,113396.77155831837,99160.39900459863,99251.04
2024-07-13,6,9,27248.51,93861.6217426695,85525.61953222366,76685.086
2024-07-20,6,9,51164.43,90501.75017332242,89311.13021483106,83092.56
2024-07-27,6,9,99134.46,94233.09212662675,85889.37733513523,78899.73
2024-08-03,6,9,44512.92,92043.7175839848,83341.62881099238,80139.3
2024-08-10,6,9,97099.68,86223.2734890455,79283.45905690579,80551.625
2024-08-17,6,9,88689.52,78536.35324834642,75764.57342271571,77356.92
2024-08-24,6,9,56737.31,88790.30646744423,76671.2959238353,76966.0
2024-08-31,6,9,114806.58,79890.16324956928,76924.22495579714,79298.74
2024-06-01,6,10,98766.63,69259.18488129636,75347.6909257776,78339.27
2024-06-08,6,10,54276.17,77418.14408382037,75746.24727465113,79601.88
2024-06-15,6,10,107186.68,73716.12487362116,75944.10327847328,80086.97
2024-06-22,6,10,64639.67,79538.74561877392,75762.2553033795,78396.3
2024-06-29,6,10,82851.47,74103.77787676259,75352.61078207156,76711.58
2024-07-06,6,10,75600.53,95866.18961101834,88909.46240170096,102171.78
2024-07-13,6,10,69032.73,73557.07604067164,75776.58333032305,79378.945
2024-07-20,6,10,55900.35,74162.87499681028,75662.20622432044,76616.38
2024-07-27,6,10,87196.26,78738.0405263658,75492.17850681029,75700.08
2024-08-03,6,10,62012.98,77167.19642176252,75445.60003786685,75979.32
2024-08-10,6,10,90111.43,80256.17772966612,75632.76101772088,76564.914
2024-08-17,6,10,127969.56,73874.44841448989,75343.02216989548,79534.48
2024-08-24,6,10,48894.42,87406.7730396965,76068.98880789912,78144.69
2024-08-31,6,10,86587.0,82371.65027132593,76322.0495611316,79930.06
2024-06-01,6,11,132435.46,82433.88426131752,82128.41823297518,88201.45
2024-06-08,6,11,34103.88,91093.95642718236,84222.04638786249,86997.055
2024-06-15,6,11,20306.43,88951.53961651871,81741.12072564774,81460.76
2024-06-22,6,11,53794.69,90519.17144504923,88347.08943087798,89204.734
2024-06-29,6,11,27532.89,87365.58335697043,87444.70802982233,87862.64
2024-07-06,6,11,146101.27,97329.62595694084,89013.68013855786,108897.875
2024-07-13,6,11,35474.53,82280.03846307704,81107.07955546114,82916.92
2024-07-20,6,11,112299.13,76660.1118964449,75835.16883931417,79397.16
2024-07-27,6,11,150856.57,81467.02083054703,81326.08590673827,85324.01
2024-08-03,6,11,25900.57,81637.2715013412,86256.37694741768,83176.13
2024-08-10,6,11,80537.41,84013.90994114702,82425.53404076985,88089.08
2024-08-17,6,11,85485.83,82548.41127302052,81707.81459284932,83176.0
2024-08-24,6,11,53768.71,94068.52724560536,79941.05531131993,85005.89
2024-08-31,6,11,29542.97,86951.90986618242,79589.75861491202,87102.1
2024-06-01,6,12,45020.31,71300.93421610587,78817.43790774544,85202.77
2024-06-08,6,12,99844.01,80224.7364805621,78118.73054334857,82575.52
2024-06-15,6,12,81102.39,84251.52880672488,79149.47954003957,82316.13
2024-06-22,6,12,144572.94,83555.33018464857,77498.74760905594,83017.2
2024-06-29,6,12,149483.59,79933.89731093336,83980.91134372471,80578.766
2024-07-06,6,12,30775.09,110202.03868242935,100877.71166705067,93447.53
2024-07-13,6,12,52241.72,87139.85024364392,89103.8408054881,84761.266
2024-07-20,6,12,98164.97,84729.63891042102,81021.88570704217,82808.625
2024-07-27,6,12,89813.21,93263.95959941877,85743.45245202756,86660.734
2024-08-03,6,12,24191.11,89955.55173030318,81160.18935260629,82477.18
2024-08-10,6,12,43526.78,87949.63446688635,76531.05525250355,82243.78
2024-08-17,6,12,48871.4,80943.2099179542,77579.71673568117,82617.164
2024-08-24,6,12,82826.3,81631.66454142696,72049.64014234528,78874.586
2024-08-31,6,12,61269.07,72669.75943170924,70968.4090202398,77419.04
2024-06-01,6,13,32530.06,78870.95457679412,81973.23400297617,87287.15
2024-06-08,6,13,152415.31,81129.49599077072,79433.37721315744,86714.805
2024-06-15,6,13,129127.99,82527.22409928733,83336.13846687075,88632.38
2024-06-22,6,13,132958.0,92075.25755058887,89200.73473791884,87863.99
2024-06-29,6,13,96060.57,87270.3116680531,90437.17136464686,87709.95
2024-07-06,6,13,23658.24,109555.35776081524,100966.50649228373,110763.625
2024-07-13,6,13,108730.01,91702.68477691128,86631.42198826393,87223.8
2024-07-20,6,13,119881.19,94053.26115918288,85827.91843946236,84981.27
2024-07-27,6,13,157270.88,97182.64063353694,81582.24178608604,84247.49
2024-08-03,6,13,136347.49,103714.18244081805,92145.34894450812,91705.94
2024-08-10,6,13,93482.99,99128.26358899652,89604.13642821109,89461.0
2024-08-17,6,13,74843.99,92086.84231080304,89824.30368309242,89956.74
2024-08-24,6,13,18252.13,99486.4964559346,84974.67702718111,82628.31
2024-08-31,6,13,21840.18,94609.1813303516,87357.1205447502,93120.164
2024-06-01,6,14,139149.28,85825.267492262,86260.76107255953,93103.78
2024-06-08,6,14,119617.83,97052.81711070234,90095.17943427757,90625.02
2024-06-15,6,14,104689.11,96709.60915007611,91367.98049090954,91646.97
2024-06-22,6,14,149467.55,100224.70074200747,91099.83132582472,90264.77
2024-06-29,6,14,134124.25,98457.14996659296,95267.98073257598,92949.01
2024-07-06,6,14,72390.41,119968.42275225124,102773.44038882152,86788.086
2024-07-13,6,14,129635.18,95862.39500306876,90169.38544736152,89771.71
2024-07-20,6,14,92525.61,98475.24258175763,92398.37844787537,90961.04
2024-07-27,6,14,15575.81,103654.31247187799,90982.9598776701,93410.234
2024-08-03,6,14,59394.4,96943.02168568617,85133.05658194883,93427.76
2024-08-10,6,14,19258.93,97699.30997639036,88615.55404648757,90292.93
2024-08-17,6,14,96813.85,84894.89071456523,84744.19389300859,94910.21
2024-08-24,6,14,113920.69,88488.54813632701,85593.81521648284,99934.625
2024-08-31,6,14,151877.89,83712.66352501063,84105.48068702036,95441.12
2024-06-01,6,15,153673.63,68244.29954845613,75115.13036748458,86774.92
2024-06-08,6,15,44591.11,83430.45777591574,90912.64707001297,89545.164
2024-06-15,6,15,134556.22,80434.7159447128,91163.39245450459,89877.586
2024-06-22,6,15,22336.11,94310.97373186055,88352.65066062388,87692.58
2024-06-29,6,15,121934.7,88867.79633959619,90401.15947951644,93123.67
2024-07-06,6,15,153362.07,112485.93447139865,100751.58752645942,116241.29
2024-07-13,6,15,63593.89,98961.79914506318,89024.52446737081,91245.305
2024-07-20,6,15,165814.78,94357.61186184228,90286.82994237103,94232.44
2024-07-27,6,15,101464.34,99249.47277593985,89230.01411303572,91814.64
2024-08-03,6,15,70122.61,95603.66763950264,83740.53645990125,90197.414
2024-08-10,6,15,104109.67,99122.9518415615,87010.69352661155,89648.45
2024-08-17,6,15,28060.71,92634.49478978847,86135.51846354839,89635.24
2024-08-24,6,15,164592.1,100388.43020848755,83666.85027347333,86174.59
2024-08-31,6,15,52283.88,102803.77294842963,93352.37336351574,93001.32
2024-06-01,6,16,42718.27,94792.3829825428,96373.54050265087,101238.2
2024-06-08,6,16,82353.55,95147.61686875796,94212.9196133929,93278.65
2024-06-15,6,16,172002.36,89077.71319858838,91999.51448712724,96202.805
2024-06-22,6,16,122758.34,98623.52449843247,94411.08802481848,96288.5
2024-06-29,6,16,85221.55,93813.98658590962,99391.0782583569,104637.01
2024-07-06,6,16,33164.57,118405.70946885122,96034.58664752895,101133.77
2024-07-13,6,16,176564.73,91773.26454840801,94948.59745602614,98208.8
2024-07-20,6,16,99787.39,99140.06903887735,93853.56214337474,95903.8
2024-07-27,6,16,61874.53,99704.20251452451,91917.46702724781,97511.055
2024-08-03,6,16,101414.42,98971.30551233763,93524.87157468977,97609.15
2024-08-10,6,16,94622.7,102490.62774748361,94181.55178621167,100068.87
2024-08-17,6,16,107549.33,86817.92294159444,91808.80952262293,93866.81
2024-08-24,6,16,148044.07,93338.53013850382,94220.81828718662,98491.66
2024-08-31,6,16,100216.17,94755.90670880285,95552.49897258483,97713.016
2024-06-01,6,17,123217.49,97568.6202925914,97863.50412125219,103223.02
2024-06-08,6,17,154108.35,106077.65285381768,97581.36351716126,105571.64
2024-06-15,6,17,56719.22,103665.07074260019,100869.05923599828,108964.695
2024-06-22,6,17,60126.86,97013.72451003271,99780.25451751458,105494.94
2024-06-29,6,17,175368.95,88665.49496409725,101733.04159413722,106847.766
2024-07-06,6,17,46504.13,115660.11186169548,120196.65154964881,151817.7
2024-07-13,6,17,63024.16,84503.64470575459,85637.73546003722,99875.914
2024-07-20,6,17,116752.14,87696.15480237015,99947.61938272789,106545.445
2024-07-27,6,17,81707.67,99748.1008445771,92850.98363001188,103354.71
2024-08-03,6,17,128068.03,89492.19296888227,99153.39599184688,104161.64
2024-08-10,6,17,175593.27,90196.61603765647,96810.53629482065,100741.17
2024-08-17,6,17,33443.26,93745.55190115311,96806.63899573666,104902.77
2024-08-24,6,17,151733.58,102385.41885801911,101040.20051933668,108554.1
2024-08-31,6,17,173778.34,98930.68436001887,98520.47535730065,97536.766
2024-06-01,6,18,44090.74,92151.7014426516,99813.65536077206,107965.18
2024-06-08,6,18,24242.23,99356.61562374665,97142.8559547388,106671.94
2024-06-15,6,18,186044.26,90613.82962990584,99397.15903722547,109847.73
2024-06-22,6,18,145246.09,109693.25748326705,101832.62339789307,102536.484
2024-06-29,6,18,142584.29,104205.55503697746,101068.02589438221,103120.43
2024-07-06,6,18,45073.77,122202.17801127245,99648.54752749384,138180.97
2024-07-13,6,18,41503.1,90980.14295052251,102208.03995102533,100833.5
2024-07-20,6,18,67201.9,91751.17929703085,96877.34681599731,101104.45
2024-07-27,6,18,30710.07,92236.47987398604,94160.0870340547,98971.31
2024-08-03,6,18,23548.3,84712.88481450352,90881.46902202994,102445.07
2024-08-10,6,18,70959.31,87541.10591175279,96790.73296899327,117583.234
2024-08-17,6,18,46309.88,75299.41208338714,103379.39111803059,110816.83
2024-08-24,6,18,149732.0,75086.05344855634,69076.28190763594,108066.69
2024-08-31,6,18,123549.46,76671.13250126186,81782.62122411009,98001.69
2024-06-01,6,19,18488.4,108920.85229903238,110984.96280005938,107714.875
2024-06-08,6,19,75931.7,111131.20986102894,115301.17626331093,113352.67
2024-06-15,6,19,37394.95,104590.36884194124,102146.90078424232,108807.16
2024-06-22,6,19,174845.23,92897.80399243342,95968.25346296726,105829.16
2024-06-29,6,19,57192.3,93654.95025795716,102530.18360434659,107712.11
2024-07-06,6,19,47633.26,108837.84756512544,114287.05782931396,147382.56
2024-07-13,6,19,170629.89,84664.24049535161,106119.26835230012,104601.63
2024-07-20,6,19,26376.54,86547.16430610232,97561.3878654521,103391.29
2024-07-27,6,19,63025.42,86693.38111320042,99261.00006884434,104157.734
2024-08-03,6,19,118324.63,88165.410478771,99957.19265804924,100660.92
2024-08-10,6,19,19775.89,95846.84995784564,98332.66839022789,103973.1
2024-08-17,6,19,86002.28,84295.19574747607,106848.90033401147,101196.61
2024-08-24,6,19,79533.22,86211.33103326746,106012.74281896646,103525.25
2024-08-31,6,19,127033.25,85184.44868205793,110155.52006084398,103172.88
2024-06-01,6,20,115734.7,85394.14203099071,111998.4114069618,110173.74
2024-06-08,6,20,87417.78,88549.68155073078,100128.72716198268,103236.65
2024-06-15,6,20,184962.58,82348.18606482015,100062.94858881798,101766.28
2024-06-22,6,20,156716.39,100708.49857187388,106268.1926215585,110373.26
2024-06-29,6,20,198852.22,100078.70581985655,112755.543882249,105493.83
2024-07-06,6,20,40040.9,126154.55462552205,145774.06228594406,136606.88
2024-07-13,6,20,135416.32,104219.61464471134,106277.59563577549,106565.97
2024-07-20,6,20,165803.2,108481.13848433248,99059.2272057684,99499.74
2024-07-27,6,20,120742.22,120113.04744797188,116591.6493987754,124572.484
2024-08-03,6,20,128148.86,114610.95738946041,121343.8813560915,126337.77
2024-08-10,6,20,155652.06,114617.37566644076,120920.68447742226,119843.914
2024-08-17,6,20,162842.8,107914.85821946492,114879.11625304044,118831.266
2024-08-24,6,20,51236.16,115057.20972492447,122222.51370400103,118916.56
2024-08-31,6,20,168982.63,107551.73825758664,116720.89950848425,120113.12
2024-06-01,7,1,62146.65,46312.01677305631,37517.82246831161,31211.83
2024-06-08,7,1,40702.73,42661.2967603398,41129.508797820694,33664.816
2024-06-15,7,1,53092.89,42584.402712448806,41756.55557803742,34503.59
2024-06-22,7,1,41191.19,42824.36258572688,40600.79638083654,35591.367
2024-06-29,7,1,50968.33,46508.7561693555,37335.28034406045,34364.62
2024-07-06,7,1,16102.22,67036.58375314088,55646.23167122717,46352.676
2024-07-13,7,1,38651.85,43208.5135452472,37096.72049284197,32733.408
2024-07-20,7,1,46070.49,44178.410973115955,33432.57364534812,34061.16
2024-07-27,7,1,41237.54,46738.331464618015,37539.209121100546,33950.04
2024-08-03,7,1,61737.38,46331.83855177955,40316.1447590791,35124.746
2024-08-10,7,1,9053.74,48540.11321588285,36755.82343487041,34263.23
2024-08-17,7,1,43823.94,44191.972358248466,36740.56854485853,33736.207
2024-08-24,7,1,15803.12,47907.51092278788,37866.05988170203,33258.746
2024-08-31,7,1,39031.41,39874.34124656803,38659.57777081745,35728.89
2024-06-01,7,2,50808.39,47828.52135500721,42736.01114165098,38760.145
2024-06-08,7,2,42363.73,42063.21933198359,44721.82996720755,40381.523
2024-06-15,7,2,15958.23,40230.1029902298,44942.15509448491,40347.68
2024-06-22,7,2,16735.61,39276.603573718996,42568.76833970694,39316.38
2024-06-29,7,2,25284.5,44293.538577130545,38705.807228749065,39627.684
2024-07-06,7,2,93672.1,63363.089407062296,61298.55905990861,53384.883
2024-07-13,7,2,27427.63,47730.600420631294,43584.69313236682,40508.68
2024-07-20,7,2,51454.79,46436.18264366249,39131.053806648924,40229.88
2024-07-27,7,2,54444.01,46232.591056127516,42296.45463022261,38339.99
2024-08-03,7,2,27987.61,48657.40842343751,41934.80181807815,34266.273
2024-08-10,7,2,45979.03,46856.938010888014,38438.560310162255,39127.508
2024-08-17,7,2,34569.5,45372.426360020894,39026.69650917489,37596.344
2024-08-24,7,2,43405.67,50217.697416592775,43111.90927127768,40885.05
2024-08-31,7,2,16509.54,43422.54758281308,44154.43231192278,42858.164
2024-06-01,7,3,17454.69,43716.793998812595,43391.62479509271,39310.45
2024-06-08,7,3,45068.95,34115.00916288838,42485.32870254572,36324.26
2024-06-15,7,3,69923.91,35326.31062612503,44342.065378050116,38812.176
2024-06-22,7,3,33879.56,37399.8804695934,43964.80177805996,38818.97
2024-06-29,7,3,63601.7,41810.10482872269,43835.4757948421,38801.48
2024-07-06,7,3,19272.28,63542.93804564594,51413.05738031227,56780.094
2024-07-13,7,3,11583.61,40953.06373239138,43675.44028256237,39121.457
2024-07-20,7,3,60578.33,42721.87593637132,44166.6602478402,40316.33
2024-07-27,7,3,36053.25,47298.31197404787,43027.12418945115,39926.51
2024-08-03,7,3,18298.33,48845.9502135391,44983.984716212115,41669.0
2024-08-10,7,3,55194.86,48035.34174280486,46609.546364895694,41369.344
2024-08-17,7,3,56673.21,43819.692183393476,42716.77349893941,37760.355
2024-08-24,7,3,61889.2,47981.35967834731,44581.36386163816,39519.082
2024-08-31,7,3,7076.84,40686.908123175206,44756.588683204514,41414.055
2024-06-01,7,4,61539.97,45768.17794098983,47215.23902100229,40791.85
2024-06-08,7,4,63510.89,38913.545072913024,45189.5778919791,39954.59
2024-06-15,7,4,47549.97,38655.849837726535,48774.72284442183,41307.64
2024-06-22,7,4,60541.45,41890.06156809305,48195.851028553676,42688.71
2024-06-29,7,4,13141.16,49813.557867543896,50837.217097983135,43861.688
2024-07-06,7,4,85429.75,73535.80502284219,67045.20637253417,59273.973
2024-07-13,7,4,43311.23,53987.67774788144,53196.90678682065,43751.273
2024-07-20,7,4,59981.63,54308.926127141785,52107.32710181039,43936.85
2024-07-27,7,4,16997.44,53570.53617475773,52924.16103198905,45053.16
2024-08-03,7,4,19204.21,53133.175274897476,47296.2584613549,39559.67
2024-08-10,7,4,12852.84,50714.53218348482,45122.39237732494,41774.496
2024-08-17,7,4,69936.12,45865.830540117386,44668.13880936611,41707.46
2024-08-24,7,4,64722.18,50354.722202960365,46571.918023638034,43199.457
2024-08-31,7,4,15749.85,46240.73361382353,48056.44072430851,43720.36
2024-06-01,7,5,6556.99,49867.12807999754,49561.39796890747,45725.176
2024-06-08,7,5,15090.11,42430.13879407525,46383.45983751311,42859.09
2024-06-15,7,5,29224.9,34724.907888901784,46256.62983473193,41823.562
2024-06-22,7,5,28305.32,32495.06099108058,39928.56177403137,39993.11
2024-06-29,7,5,54421.47,36652.14054716167,39846.137484471205,40831.453
2024-07-06,7,5,36533.7,60723.73087979007,59965.2696356697,54768.46
2024-07-13,7,5,37351.59,34115.501529390946,43324.440239976284,38213.297
2024-07-20,7,5,66452.79,36074.58878053906,36594.37820791054,38463.49
2024-07-27,7,5,71406.44,40954.883195456794,43913.347835960165,40184.1
2024-08-03,7,5,18738.21,47409.06683784262,46494.65582688489,43119.04
2024-08-10,7,5,61079.47,50008.554557491974,47529.09427619902,43142.574
2024-08-17,7,5,35236.75,49239.28439545968,49741.18648335124,44601.957
2024-08-24,7,5,37418.99,53399.33949743679,49663.25500550837,43883.637
2024-08-31,7,5,66027.86,43924.97889963308,49121.55529770613,45407.414
2024-06-01,7,6,42351.12,47072.66946505071,49275.71867438907,46006.246
2024-06-08,7,6,46225.4,42431.83821379293,49341.93100716726,45547.625
2024-06-15,7,6,44009.39,38769.76778023181,49461.920435580054,43608.2
2024-06-22,7,6,61610.96,37078.47569698632,47304.938292745355,43371.58
2024-06-29,7,6,42268.98,44889.70208370864,50046.50031375473,45810.07
2024-07-06,7,6,34776.92,68326.98555773529,58638.182272631086,59118.52
2024-07-13,7,6,29752.68,42785.253580218116,49231.46851817391,45155.848
2024-07-20,7,6,23474.43,44702.12155345116,47652.55202843229,43030.605
2024-07-27,7,6,70724.21,43926.706868459754,46755.77095319691,47894.805
2024-08-03,7,6,32350.44,49706.127490839885,48839.84340821645,45514.92
2024-08-10,7,6,50023.69,49854.64515713708,47891.38435217199,44829.758
2024-08-17,7,6,16637.46,46237.99959183537,48064.355444430475,43785.52
2024-08-24,7,6,57399.69,47730.2904469416,47512.77430428662,44341.977
2024-08-31,7,6,61715.27,41001.813834497865,46842.32749117871,45917.766
2024-06-01,7,7,33553.95,53765.09256078589,52308.14464029925,48131.5
2024-06-08,7,7,51215.24,44811.844732433754,50533.0912531945,47357.062
2024-06-15,7,7,81208.55,45202.21105131841,50143.27768629135,47972.55
2024-06-22,7,7,32222.71,47004.65421131634,54195.42403495769,49588.246
2024-06-29,7,7,53802.05,49238.884341227495,50464.98076766041,47732.43
2024-07-06,7,7,83916.19,68943.02026880931,54382.62661709822,60803.977
2024-07-13,7,7,39963.55,48586.316696357935,51042.04663104008,46698.523
2024-07-20,7,7,54476.75,48863.66801297287,50933.31137261113,47909.49
2024-07-27,7,7,26100.96,51676.224414247896,52245.788171146,48709.67
2024-08-03,7,7,51833.85,54930.71901522464,50285.56405756838,47111.37
2024-08-10,7,7,59913.47,54347.42888005885,50187.26723578967,46878.355
2024-08-17,7,7,77969.23,49957.8125778632,50321.74823189816,46739.76
2024-08-24,7,7,70669.18,56560.96212461929,55647.53991504899,49291.38
2024-08-31,7,7,65610.11,48667.54273297641,53462.06994100508,48523.16
2024-06-01,7,8,83308.07,48593.5424765002,48609.25331834088,47242.55
2024-06-08,7,8,39164.64,46911.3522804683,50549.61296409005,50390.79
2024-06-15,7,8,58352.14,41792.23293046198,49849.59315071931,47956.242
2024-06-22,7,8,10368.67,41810.49037781829,50777.845641519736,48023.54
2024-06-29,7,8,16118.31,45920.990609424014,47206.776296045544,47219.83
2024-07-06,7,8,99223.84,63872.135116199155,62046.49076817584,62110.867
2024-07-13,7,8,12071.19,49965.11673886315,52272.62818828259,49131.86
2024-07-20,7,8,61534.5,49334.3406903385,49633.03404853083,49831.07
2024-07-27,7,8,33629.51,51693.26256127576,52112.36563773054,50090.293
2024-08-03,7,8,78223.88,50910.92953822355,47427.98707680679,47485.125
2024-08-10,7,8,65361.38,52698.38109143932,50866.61002346801,48398.918
2024-08-17,7,8,84195.66,48121.72228827736,50928.534919609694,47406.152
2024-08-24,7,8,24568.44,56394.72970021165,56669.94897614579,49498.855
2024-08-31,7,8,39826.72,50952.063407233865,54275.05328662609,51754.16
2024-06-01,7,9,11292.83,45264.01676987993,47889.401005370055,48047.094
2024-06-08,7,9,51616.79,37935.75125277431,48017.59076770242,48311.18
2024-06-15,7,9,70479.99,38642.34790722101,47047.29226089518,48697.707
2024-06-22,7,9,15117.35,40485.14939822922,47987.42271093222,48138.508
2024-06-29,7,9,88684.44,40880.84289793125,47000.90979433247,45347.05
2024-07-06,7,9,86351.83,66367.54091730164,57246.94094400133,65249.516
2024-07-13,7,9,14581.2,47569.604859841056,52015.60487774957,50198.23
2024-07-20,7,9,31932.02,48670.55615146661,49951.08922522676,50700.484
2024-07-27,7,9,76043.3,51432.50188720869,52600.20276946325,51501.48
2024-08-03,7,9,85525.23,57804.935518809296,53242.36938452388,52887.984
2024-08-10,7,9,21102.6,60123.12970063912,55516.11565412218,53789.816
2024-08-17,7,9,41667.44,52697.893131242534,51774.40024215172,51456.812
2024-08-24,7,9,40483.16,58160.26997243,54757.46069218277,52488.23
2024-08-31,7,9,9694.77,48366.234175241545,51320.74145684485,50462.79
2024-06-01,7,10,29921.05,45670.47418484464,49662.369729991464,49052.77
2024-06-08,7,10,51221.87,36104.01933965425,47761.58912838625,47216.27
2024-06-15,7,10,50596.48,38168.690888210076,50304.71343599949,48830.914
2024-06-22,7,10,45399.0,36097.493395514815,48730.175830165,47349.742
2024-06-29,7,10,69755.36,41342.540749652944,49519.96866055142,48025.76
2024-07-06,7,10,34964.51,63352.77286248431,56136.90750631783,62901.2
2024-07-13,7,10,20264.43,41297.74858219251,49601.51360518019,47854.812
2024-07-20,7,10,94047.99,44141.243788797736,48345.77622801442,48790.73
2024-07-27,7,10,92134.48,52708.61972116898,52571.53779202774,52178.547
2024-08-03,7,10,59809.81,58476.30001975851,56623.83875902486,55183.94
2024-08-10,7,10,77001.59,58865.29234321307,55180.621783708884,53713.516
2024-08-17,7,10,64022.64,54841.775891093996,53384.386840324754,52850.625
2024-08-24,7,10,62719.34,59595.92891155471,54544.32955117899,51067.78
2024-08-31,7,10,35321.18,51178.96873124393,54890.2815212134,53179.7
2024-06-01,7,11,31402.17,55384.14353336603,53483.8015020541,53547.074
2024-06-08,7,11,76314.87,48610.952644781464,53269.97647823912,52778.062
2024-06-15,7,11,55957.45,50286.92330692408,52955.11459800677,53485.395
2024-06-22,7,11,36623.56,49095.15666723275,52639.76558457848,53647.992
2024-06-29,7,11,33671.35,50706.93227865727,52985.389593001564,53517.125
2024-07-06,7,11,26629.18,71946.8554193573,58151.20314895053,64832.91
2024-07-13,7,11,57819.68,45467.204835171266,50324.90630272654,51259.996
2024-07-20,7,11,80659.82,47675.89056616775,50818.16145481852,52485.043
2024-07-27,7,11,77796.24,50963.80265287503,51745.27400914809,52466.79
2024-08-03,7,11,64961.86,54881.117353646354,54887.08438834575,53587.473
2024-08-10,7,11,78373.6,53162.33395816158,52332.99669081984,52426.06
2024-08-17,7,11,16159.5,50993.18728667973,52141.26271857889,52127.395
2024-08-24,7,11,83556.69,57206.5981848515,54829.22844142324,53509.223
2024-08-31,7,11,48976.62,54393.48523534592,55069.02096671467,56052.785
2024-06-01,7,12,47743.98,57520.54280767938,55788.73548326761,55723.316
2024-06-08,7,12,21892.82,52103.99550352629,54564.02454770763,55928.38
2024-06-15,7,12,99964.15,49545.8698050125,53051.69526675439,53912.98
2024-06-22,7,12,51989.41,52141.00957883275,56465.66812144853,57410.26
2024-06-29,7,12,91167.31,58067.939587550085,56178.27005231709,58007.844
2024-07-06,7,12,11424.47,82585.40285575984,69053.63492017656,72340.086
2024-07-13,7,12,34676.18,56576.50832463544,56941.10565786483,58996.68
2024-07-20,7,12,93508.98,54347.238111523395,54245.70614627981,56021.676
2024-07-27,7,12,13178.99,58078.74042719133,57459.43579457826,55147.85
2024-08-03,7,12,56832.95,56315.27395325731,52404.30007672037,55592.066
2024-08-10,7,12,68561.7,59208.55994219753,54556.38167153076,56374.29
2024-08-17,7,12,12629.06,54354.79064627931,52349.991802619625,53188.758
2024-08-24,7,12,39603.69,53325.468367599875,51400.576810845276,54561.438
2024-08-31,7,12,41661.0,43123.88485607527,47267.704327620406,50589.17
2024-06-01,7,13,97536.58,52563.762585645505,51511.46820113668,54224.48
2024-06-08,7,13,11435.04,48930.822687014464,52801.58281994575,55072.293
2024-06-15,7,13,66817.68,47228.35105064624,51748.77742925446,56042.363
2024-06-22,7,13,58976.24,48537.145729258285,52297.311326578565,56718.242
2024-06-29,7,13,52209.95,52481.70680267826,53857.81679654467,54346.03
2024-07-06,7,13,107375.62,71193.9849853827,69501.3315516544,64404.082
2024-07-13,7,13,31234.65,53669.818291625015,56302.44013206821,55521.293
2024-07-20,7,13,23237.06,53478.03828641713,53718.02760681402,55791.523
2024-07-27,7,13,47919.12,55842.59996277553,55011.15750444581,58048.668
2024-08-03,7,13,41020.05,56257.41302852259,52591.381236171816,54068.543
2024-08-10,7,13,57208.95,54755.404522512625,54599.87183900297,54129.066
2024-08-17,7,13,17682.28,50667.878109237696,52083.01557583435,52896.27
2024-08-24,7,13,68436.44,51792.60767296721,52102.38485045535,53003.074
2024-08-31,7,13,56880.85,46536.45489637955,52515.43477322411,55367.574
2024-06-01,7,14,73811.54,55256.6184900868,52926.596967361365,55780.89
2024-06-08,7,14,101562.71,51418.11148948996,56202.39556450547,58245.48
2024-06-15,7,14,62795.59,54967.03318831001,59928.26286814184,58353.05
2024-06-22,7,14,102677.29,51064.21010684118,57657.09873231872,57745.938
2024-06-29,7,14,27382.59,57722.1772591019,59340.07564580679,61034.832
2024-07-06,7,14,145775.24,79135.56527876918,72543.15346568033,83447.14
2024-07-13,7,14,71608.82,65197.79692081836,67822.52442484596,63463.32
2024-07-20,7,14,12621.5,68029.0384271486,65368.254077995305,64448.48
2024-07-27,7,14,86097.1,68621.39380260254,67742.98181266298,64832.28
2024-08-03,7,14,62002.58,72497.81514432872,69634.91941540499,65397.92
2024-08-10,7,14,93444.0,67565.811152246,67717.16181621503,63533.137
2024-08-17,7,14,85936.41,65371.92501445597,68219.17944700293,64394.574
2024-08-24,7,14,14694.76,64235.228597719404,63122.38396285224,64044.543
2024-08-31,7,14,69798.02,59630.89319676221,69045.45481248964,66636.6
2024-06-01,7,15,21620.29,56594.003520427745,53380.68217319808,57077.297
2024-06-08,7,15,41358.32,49993.255427953154,54221.96859240267,57733.082
2024-06-15,7,15,98841.95,47962.73059434737,56815.64919658257,58793.055
2024-06-22,7,15,57636.16,52042.15811160036,56883.879063000975,59566.258
2024-06-29,7,15,53370.28,54348.98415628874,55251.041574048904,59493.586
2024-07-06,7,15,91734.0,71651.8308876275,53322.17597775841,64919.465
2024-07-13,7,15,70438.47,50862.97830075201,54767.83381188227,55527.477
2024-07-20,7,15,12086.89,53252.49388748075,52698.86410284142,57357.832
2024-07-27,7,15,57002.27,55098.48596072723,53841.5658831582,58325.07
2024-08-03,7,15,26144.83,60593.12419926287,53548.73253307645,60033.83
2024-08-10,7,15,99587.7,60193.55829068156,55841.8814957067,58337.55
2024-08-17,7,15,56288.91,57774.689193772756,58322.010813860485,60896.117
2024-08-24,7,15,104908.61,59292.748856478654,54903.77329803273,56465.45
2024-08-31,7,15,21275.66,55864.53852552364,58970.15652398176,60602.32
2024-06-01,7,16,96757.44,64636.20940067793,61804.328978128025,64707.086
2024-06-08,7,16,93249.93,58825.77415065659,62617.4265588508,64073.367
2024-06-15,7,16,56988.22,55139.57248786846,61875.42312537542,66518.836
2024-06-22,7,16,100209.77,52346.929868737345,57774.312765270035,61598.92
2024-06-29,7,16,43238.0,60298.09871073483,64322.8518145328,67560.55
2024-07-06,7,16,42164.85,84882.15665643109,77295.94135875037,70119.14
2024-07-13,7,16,45240.55,58690.6767697221,63286.20103998872,61839.36
2024-07-20,7,16,101187.23,64015.16488874218,61811.565364796195,66485.78
2024-07-27,7,16,80986.88,63798.72947517217,66893.41506853346,65980.83
2024-08-03,7,16,43605.8,63575.48033877997,66339.80586604813,65857.195
2024-08-10,7,16,44876.71,61377.08790958634,56801.980275019894,60803.23
2024-08-17,7,16,78816.0,58057.41256381636,56161.706587765766,62485.758
2024-08-24,7,16,104287.79,59288.142317095706,54157.7507536212,58350.883
2024-08-31,7,16,105544.87,57127.7213171126,63724.50146229738,60353.062
2024-06-01,7,17,78393.99,57064.68373268461,59130.44358096758,62251.7
2024-06-08,7,17,44580.87,48472.59978481227,54901.64222021484,58129.566
2024-06-15,7,17,61360.51,46587.216533628416,55577.4173109224,58878.516
2024-06-22,7,17,102477.06,44820.890822053414,54277.77520236815,59063.543
2024-06-29,7,17,86963.5,53456.58570373408,57263.6243127676,59576.76
2024-07-06,7,17,115707.17,79009.541550872,80533.69815463072,92458.86
2024-07-13,7,17,111907.88,59378.304026913705,65717.37992258334,65886.74
2024-07-20,7,17,69296.73,64909.85453472265,62920.45113044854,63522.234
2024-07-27,7,17,13680.12,66790.07203261612,65463.497328330275,64317.11
2024-08-03,7,17,31475.4,70085.82709907528,70102.99561048394,67815.164
2024-08-10,7,17,67823.66,71744.13652022809,68025.80821228094,66378.375
2024-08-17,7,17,70190.51,66207.28147718351,69751.38737508605,64420.6
2024-08-24,7,17,110267.84,66175.29095207181,67149.6488547081,64396.242
2024-08-31,7,17,70781.95,60320.19443493577,68539.61314050539,67097.68
2024-06-01,7,18,11812.26,57353.84778429026,61196.3400068517,63057.26
2024-06-08,7,18,10442.06,46627.59214649444,55609.441011573144,57575.72
2024-06-15,7,18,89696.35,41219.1138309787,56775.61708155949,56494.715
2024-06-22,7,18,109585.02,45623.44971499235,58541.66799985281,61483.082
2024-06-29,7,18,12385.78,52713.916514291726,61306.5152083131,62211.66
2024-07-06,7,18,87161.74,70688.52359442017,77399.2756885726,73441.99
2024-07-13,7,18,54681.47,48481.11666204128,55789.81450349907,58167.062
2024-07-20,7,18,44530.06,52994.17782465951,58695.19016872467,61969.516
2024-07-27,7,18,33748.83,52784.69571631567,59262.55179519443,59550.445
2024-08-03,7,18,104241.55,56079.8891752494,58499.6688915121,60477.836
2024-08-10,7,18,60477.03,64758.264275138,60916.399833764815,62104.746
2024-08-17,7,18,31752.63,58311.84916592275,61716.48230729442,62970.586
2024-08-24,7,18,118656.58,56868.18360376945,62698.81425385932,63201.293
2024-08-31,7,18,106071.49,58773.787257685566,61882.76136607164,66826.7
2024-06-01,7,19,116278.49,57247.79499533997,57158.28428194109,64680.4
2024-06-08,7,19,35160.28,57551.90440011219,75057.99047503635,70231.125
2024-06-15,7,19,28723.88,51859.85800454183,55631.734441138564,66482.8
2024-06-22,7,19,72355.52,48125.47814810044,78177.61828033542,66742.234
2024-06-29,7,19,111849.45,57808.401636467876,57081.387761729326,64234.492
2024-07-06,7,19,41582.62,84414.74062034284,82050.44279444957,83223.65
2024-07-13,7,19,32154.69,57988.61389115123,59884.10720114537,67614.3
2024-07-20,7,19,103239.97,57504.521145788436,55323.70504239264,65803.16
2024-07-27,7,19,97871.34,63368.72351971271,64303.14778059675,66508.66
2024-08-03,7,19,29093.61,62458.75700214366,58464.96967839546,67025.74
2024-08-10,7,19,59343.09,63524.45150511433,59055.11328323759,66465.86
2024-08-17,7,19,104250.72,62349.504635299505,62754.26266957836,65559.07
2024-08-24,7,19,107869.0,68076.82949413909,73308.11206005915,69731.11
2024-08-31,7,19,65027.17,60087.883866144846,75579.78633318833,70013.57
2024-06-01,7,20,16189.93,72036.17376890563,69793.533726557,70825.71
2024-06-08,7,20,23067.34,68528.20509923802,70903.41507397206,73308.0
2024-06-15,7,20,26004.08,62290.20452835797,67676.75946214708,72433.336
2024-06-22,7,20,44496.66,56667.43898959853,62474.76488150551,66159.93
2024-06-29,7,20,61827.16,56820.388547412505,65137.0521734705,65884.04
2024-07-06,7,20,24732.31,77979.82609035523,85682.07658592924,95038.97
2024-07-13,7,20,115943.95,47437.32877143906,73807.88815569032,60616.723
2024-07-20,7,20,86930.53,52304.244519402804,65787.74147617347,64886.387
2024-07-27,7,20,33397.2,52177.28780774547,68354.68062052474,69374.98
2024-08-03,7,20,99128.75,55327.203729402296,71379.4695970052,63804.09
2024-08-10,7,20,108723.63,62029.019488089056,62746.46288154947,69414.414
2024-08-17,7,20,35962.26,63599.16073689075,70463.79827940869,71081.06
2024-08-24,7,20,35577.5,66482.0516622455,69807.0234639553,72284.66
2024-08-31,7,20,97279.43,59242.04854713892,68719.38085146665,72628.27
2024-06-01,8,1,3066.15,10150.40209475466,6216.922211716919,5063.058
2024-06-08,8,1,1450.08,1309.7063522175122,6375.596320448152,5072.058
2024-06-15,8,1,3062.47,7868.036231707643,6216.491602714677,5038.3975
2024-06-22,8,1,4193.18,7225.632034197148,6042.089905057637,5132.086
2024-06-29,8,1,9452.48,3676.0828334003018,5818.802820449537,5087.7197
2024-07-06,8,1,3774.75,25747.39771651927,8487.321359087087,9687.51
2024-07-13,8,1,6916.49,4183.126020126339,6118.947841687923,5074.174
2024-07-20,8,1,7027.01,5182.022675030257,6171.2141242243015,5102.2485
2024-07-27,8,1,2234.17,9672.84356261948,6405.326407129289,5010.5454
2024-08-03,8,1,7122.9,9797.836584286571,6194.471832912948,4926.7725
2024-08-10,8,1,4643.93,6142.129970373928,6285.839096243706,5128.2046
2024-08-17,8,1,1885.7,10469.35487180809,6313.174561506195,5094.671
2024-08-24,8,1,6301.38,5979.728805273273,6395.431976301315,5004.9136
2024-08-31,8,1,4279.57,4189.961307842601,6517.572143828849,5325.5093
2024-06-01,8,2,5812.69,8773.93813470587,6275.064476844763,5087.2256
2024-06-08,8,2,9785.66,469.1907775095933,6550.6136591688555,5171.15
2024-06-15,8,2,7329.65,7792.169314660816,6567.969236926026,4997.2505
2024-06-22,8,2,7397.14,7431.772471616274,6428.000139333834,5156.2534
2024-06-29,8,2,10707.14,4227.63814776724,6327.760785524541,5165.6094
2024-07-06,8,2,4844.42,26507.969956293142,9384.28104058588,10564.182
2024-07-13,8,2,2714.3,5015.515268122101,6512.866253296363,5020.6973
2024-07-20,8,2,4267.48,6238.160055058208,6463.67238956141,5073.0933
2024-07-27,8,2,8557.59,10933.149714077092,6731.0652474076205,5273.83
2024-08-03,8,2,5020.39,11085.466019716896,6467.068902282551,4972.1743
2024-08-10,8,2,1988.35,6576.413205072422,6595.937914286442,5099.0493
2024-08-17,8,2,4209.2,10466.162107817221,6492.764568118628,5020.6973
2024-08-24,8,2,6216.73,6048.738967231489,6647.507098524111,5096.6216
2024-08-31,8,2,4630.64,3954.782787192067,6418.069513624392,5446.222
2024-06-01,8,3,5444.79,10021.662507419514,6658.767363579809,5361.0376
2024-06-08,8,3,2548.67,1731.3121851742726,6868.391149471829,5004.0625
2024-06-15,8,3,6641.87,8292.929814690317,6691.3728373232825,5163.829
2024-06-22,8,3,3644.27,7957.885286712637,6744.910645629492,4913.579
2024-06-29,8,3,982.91,4142.974134966571,6659.219454602895,5106.273
2024-07-06,8,3,15846.25,25500.499983198824,9860.878153751117,10604.386
2024-07-13,8,3,6805.02,5449.011187519471,7225.837921544165,5405.279
2024-07-20,8,3,7783.75,6205.609521723945,7484.314509788898,5535.5513
2024-07-27,8,3,8251.02,10778.42259342998,7642.1623175488285,5461.025
2024-08-03,8,3,1138.17,11042.188915267776,8116.778453366751,5138.753
2024-08-10,8,3,8254.73,6714.1563691908195,6865.841572676299,4979.07
2024-08-17,8,3,3564.03,11146.008052213165,6978.904419984065,5128.874
2024-08-24,8,3,3641.91,6927.1069638625595,6983.1264128841785,4753.581
2024-08-31,8,3,1376.17,5235.871346428088,7180.8608124039865,5713.4497
2024-06-01,8,4,5665.24,10490.450756951435,7182.2356460101755,5745.952
2024-06-08,8,4,6648.41,1689.7910683257433,7095.730311921674,5857.763
2024-06-15,8,4,2443.37,9075.011590900202,6853.535976993094,5705.444
2024-06-22,8,4,9431.54,8687.055762800173,6800.815655821625,5805.9946
2024-06-29,8,4,3612.97,5478.417962013231,6964.695432841796,5732.3047
2024-07-06,8,4,7135.43,27133.82665382453,9337.71464114111,11067.619
2024-07-13,8,4,6595.07,5450.825770152685,6910.578748353353,5625.832
2024-07-20,8,4,11997.99,5995.492208125004,6780.988913970428,5380.803
2024-07-27,8,4,6833.22,10758.090338117327,7096.833953575956,5690.5635
2024-08-03,8,4,11838.91,10839.40374577298,6804.490431090331,5516.897
2024-08-10,8,4,10748.84,7141.354712684693,7382.867535727668,5577.0923
2024-08-17,8,4,5125.17,11825.356693344707,8588.527038957625,6424.76
2024-08-24,8,4,9445.38,7361.830495517261,8461.746305815373,6236.484
2024-08-31,8,4,8389.33,6171.472630557404,8531.49889516679,6705.681
2024-06-01,8,5,5044.77,10387.328477666575,6680.307310969032,5602.2246
2024-06-08,8,5,7126.31,2138.321005644979,6874.090891799529,5559.104
2024-06-15,8,5,4886.42,8697.933982057824,6755.62587864695,5445.8022
2024-06-22,8,5,9365.86,7986.4463774276555,6839.888957601407,5798.5757
2024-06-29,8,5,1992.15,4648.115177286567,6726.593356939149,5526.546
2024-07-06,8,5,1710.45,26300.806757806007,9880.04681799593,11559.934
2024-07-13,8,5,3926.53,4723.003520829294,6864.065092722561,5561.2207
2024-07-20,8,5,11594.5,5941.229249339482,6778.630533160131,5945.2095
2024-07-27,8,5,2700.96,10560.153418192469,7155.757940786596,5636.26
2024-08-03,8,5,3808.0,10442.960881827137,6950.411882599048,5679.811
2024-08-10,8,5,2247.37,6070.128842468363,6916.063018102777,5971.1655
2024-08-17,8,5,10072.58,10300.708999743747,7046.535129602165,5469.249
2024-08-24,8,5,3996.15,5892.755101796043,7017.077349528694,5511.2534
2024-08-31,8,5,2755.89,4301.470781240507,7044.385800638334,6188.5317
2024-06-01,8,6,12860.1,9860.636985226709,6991.009876059023,6158.3784
2024-06-08,8,6,8964.56,2052.409010563322,8339.837227555916,5922.7744
2024-06-15,8,6,12830.33,9264.418129757647,8555.61163367692,6629.9863
2024-06-22,8,6,1217.95,9401.665875943687,8808.688464627054,7461.909
2024-06-29,8,6,4929.05,6732.109724596903,9295.22771612252,7829.7524
2024-07-06,8,6,8799.78,28244.920572018455,12791.11522938527,12355.397
2024-07-13,8,6,9427.59,6783.380689348229,8981.41300361325,7031.2954
2024-07-20,8,6,3172.35,7582.844200575546,8289.96971436927,7022.9473
2024-07-27,8,6,2611.91,11265.238588801767,7708.463118663611,6872.3267
2024-08-03,8,6,1163.37,10971.080915855004,6823.099554188917,5947.001
2024-08-10,8,6,5563.95,6460.347635832473,6980.754411556941,6190.698
2024-08-17,8,6,3816.65,9905.466106016174,6743.073666856653,5973.521
2024-08-24,8,6,12805.99,5742.694592792544,6890.688769584534,5883.7637
2024-08-31,8,6,5428.25,4992.949827646709,7120.22121128201,6316.701
2024-06-01,8,7,9618.28,10753.303826685282,7776.598808522848,6016.7324
2024-06-08,8,7,9019.2,2255.117257015274,6950.619301914138,6357.4946
2024-06-15,8,7,9906.59,9256.896473114928,6830.940098418106,6468.781
2024-06-22,8,7,2480.59,8941.388125028287,7619.590495866986,6854.1187
2024-06-29,8,7,8916.5,5468.073085915908,7235.090508806305,6459.706
2024-07-06,8,7,11686.4,26902.332471752983,9047.64257247572,12543.568
2024-07-13,8,7,5708.61,5978.828017981214,7683.673864078266,6359.6113
2024-07-20,8,7,11759.87,6719.282800180357,7230.213717274008,6499.805
2024-07-27,8,7,9942.31,11675.944249789765,8636.448709112896,6998.5547
2024-08-03,8,7,6146.48,11908.732927423767,8661.177270136843,7101.5005
2024-08-10,8,7,1525.79,7564.407674808139,8342.96626625299,6996.8384
2024-08-17,8,7,9286.59,11651.917981590632,7401.952712969687,6492.2275
2024-08-24,8,7,8434.84,7783.363882109923,8246.514935240084,6880.8394
2024-08-31,8,7,13901.27,5970.668886101219,8255.725501946925,7005.7993
2024-06-01,8,8,11484.13,11903.069576236849,8879.982765860505,8266.669
2024-06-08,8,8,10704.47,3225.774609116823,8840.574523962012,8242.843
2024-06-15,8,8,14065.08,9946.473489645541,8959.006171064957,8242.008
2024-06-22,8,8,2313.72,9696.418969058115,9290.486362396727,8335.696
2024-06-29,8,8,4807.36,6954.42689889346,9661.529740544565,8627.593
2024-07-06,8,8,6871.95,28287.01351321316,12186.807413191427,14395.25
2024-07-13,8,8,12707.07,7054.860600157033,9157.220451410056,8212.026
2024-07-20,8,8,11993.84,7949.215932706429,8647.249503427669,8108.4023
2024-07-27,8,8,12778.82,12192.10370701876,8805.478616378847,8190.023
2024-08-03,8,8,4085.61,12197.790149276654,8945.77840598671,8106.25
2024-08-10,8,8,4395.57,7936.515698272589,8605.80664453907,7390.2026
2024-08-17,8,8,13117.94,11763.711674755967,8179.980730315013,6826.0527
2024-08-24,8,8,11618.61,8356.954650520525,9136.574711809018,8142.7666
2024-08-31,8,8,13784.04,6956.734541754369,9052.071327346892,8362.569
2024-06-01,8,9,5775.64,10919.860623987814,7404.577939890748,7495.9863
2024-06-08,8,9,13182.04,2251.72037013722,7080.872793087508,7603.2603
2024-06-15,8,9,7659.84,9102.222072181961,7634.142955614478,7602.4263
2024-06-22,8,9,1742.11,8972.753381684222,8186.816055955651,7449.0493
2024-06-29,8,9,3922.06,5588.811648007166,7199.276760055301,7458.4053
2024-07-06,8,9,8085.18,27310.86354585788,9167.34919864469,13199.876
2024-07-13,8,9,2426.51,5861.005555460801,7035.824006082185,7358.3115
2024-07-20,8,9,14147.06,6545.878619695221,7053.102168224013,7467.1567
2024-07-27,8,9,9225.46,11333.770718441501,7477.13130617281,7661.123
2024-08-03,8,9,6440.4,11589.658444818106,7368.004723975486,7446.2495
2024-08-10,8,9,4912.79,6944.375419259166,7420.333413827949,7659.4067
2024-08-17,8,9,5534.62,11038.78290035763,7978.526475061464,7289.383
2024-08-24,8,9,11719.23,6729.749429300162,6858.553230638687,7199.6265
2024-08-31,8,9,4927.33,5761.273009884233,7480.231868332226,8066.4077
2024-06-01,8,10,1311.64,9941.865251787676,6768.215127101163,7370.5557
2024-06-08,8,10,1826.61,1456.4619418281254,6828.8273743749005,7346.729
2024-06-15,8,10,1597.04,7861.089378123561,6738.307462050637,7345.895
2024-06-22,8,10,2170.86,6638.42239784441,6424.445748951706,7439.5835
2024-06-29,8,10,6943.79,3083.841801092851,6520.659332123403,7448.9395
2024-07-06,8,10,10891.81,24932.625954006777,9045.389042925146,12935.314
2024-07-13,8,10,12537.8,3917.9142569883443,6939.28569175956,7348.8447
2024-07-20,8,10,1993.62,5375.6195025170855,7381.35852272381,7376.9194
2024-07-27,8,10,8025.05,9885.192444801163,7131.328037240222,7404.591
2024-08-03,8,10,14992.19,10660.572418512267,7179.621491569724,7320.819
2024-08-10,8,10,13222.89,7691.450269646433,9148.727949759073,7828.7896
2024-08-17,8,10,2021.39,12483.353384909577,9956.12294633778,8865.236
2024-08-24,8,10,15429.05,8177.045585360724,9430.414800374729,8775.4795
2024-08-31,8,10,5895.98,7325.110510306,9860.534508069813,9329.058
2024-06-01,8,11,15750.65,11755.828779038955,9736.3571615129,9464.646
2024-06-08,8,11,12511.62,3853.453256638888,9736.441213038024,9519.219
2024-06-15,8,11,13330.52,11144.145651493433,9402.54596390961,9660.665
2024-06-22,8,11,6263.92,11111.344517460693,10005.611129732963,10177.961
2024-06-29,8,11,1614.16,8471.4198104128,10376.046523250814,10287.44
2024-07-06,8,11,7851.68,29616.2813131207,17357.110306665938,17831.236
2024-07-13,8,11,7969.3,7867.688893895709,9699.682399374813,9309.056
2024-07-20,8,11,12941.2,8178.036536685428,9273.19806214779,9422.988
2024-07-27,8,11,9213.17,12592.006259267913,8794.965883730418,9547.772
2024-08-03,8,11,10740.79,11909.440422520296,8684.3703567239,8916.698
2024-08-10,8,11,12724.12,7598.71802738991,8530.266354403106,9095.867
2024-08-17,8,11,10896.62,11772.127608374503,8802.712683032249,8338.661
2024-08-24,8,11,9398.17,7726.739169394299,8874.083647610463,9231.315
2024-08-31,8,11,9520.04,6604.310538582296,9473.255371184803,9805.281
2024-06-01,8,12,15118.08,12863.530975970156,9973.760474088886,11969.615
2024-06-08,8,12,2200.68,4103.7557609250725,9922.455077271628,10907.372
2024-06-15,8,12,2875.44,11650.632947820122,10099.021006410801,11082.705
2024-06-22,8,12,13389.16,10819.450535509714,9685.880751306047,10154.703
2024-06-29,8,12,16635.61,7421.508792347169,10520.419206625047,10385.527
2024-07-06,8,12,18358.16,29802.94413049944,16204.14037996253,17439.701
2024-07-13,8,12,6279.16,8468.302299051458,10106.774424132296,10593.42
2024-07-20,8,12,9946.94,8824.052715077552,10615.786414554786,10914.497
2024-07-27,8,12,3847.02,13100.008729415254,9703.101477991855,10297.883
2024-08-03,8,12,11507.27,12914.011157793178,10227.100996067926,9804.815
2024-08-10,8,12,14415.92,8953.132218978393,9459.24404862142,10151.215
2024-08-17,8,12,12617.85,14023.845543903502,9911.722621496481,10654.688
2024-08-24,8,12,2257.38,9488.820669158642,9998.067996981086,10645.701
2024-08-31,8,12,5872.91,7040.606139595555,9622.803937249462,10191.945
2024-06-01,8,13,8857.17,11799.567894475895,8723.09371325772,10048.577
2024-06-08,8,13,14296.6,2448.3166894864844,8280.792209482193,9541.926
2024-06-15,8,13,16705.25,9900.369422632411,8800.75944853339,9311.544
2024-06-22,8,13,10070.77,9665.59234457494,10108.773217835804,10173.613
2024-06-29,8,13,17102.5,6418.251618987626,9207.535292581822,10383.435
2024-07-06,8,13,15167.32,28281.48205214082,14773.455823170281,15790.597
2024-07-13,8,13,16646.16,7682.544922703899,9955.580690473878,10818.67
2024-07-20,8,13,10159.25,9350.393191831492,10362.297594907797,11100.361
2024-07-27,8,13,2285.1,14297.959275540074,10276.860661687082,11537.962
2024-08-03,8,13,15750.91,14714.881918925716,10591.690245270229,11228.25
2024-08-10,8,13,2746.2,10876.558221720526,10600.47620206449,11741.495
2024-08-17,8,13,9159.36,14123.8657901419,10427.647153840444,11440.941
2024-08-24,8,13,2868.87,9623.901127183493,10251.47457780275,11232.761
2024-08-31,8,13,13194.32,7176.024020677029,9567.327136030079,10733.66
2024-06-01,8,14,7940.75,12032.431210438393,9502.219373356405,11108.2705
2024-06-08,8,14,14759.26,3303.2099978559854,9634.98782843858,10469.448
2024-06-15,8,14,6617.05,10373.150379466068,9368.873712408145,11386.076
2024-06-22,8,14,3267.47,9788.522957233661,8922.915955230757,11124.923
2024-06-29,8,14,3737.21,5855.755128543664,8024.991401516537,10185.463
2024-07-06,8,14,16136.62,27705.927723140558,10677.963178513091,17084.582
2024-07-13,8,14,4835.91,6365.5670787016315,8670.880791429367,9757.607
2024-07-20,8,14,7333.48,7387.587498087578,9300.639844867144,10643.56
2024-07-27,8,14,15357.85,11788.87512043145,9101.665268656167,10559.665
2024-08-03,8,14,3389.93,12584.886278369071,10100.881739494393,10809.053
2024-08-10,8,14,3717.41,7567.95168236383,7636.68110803323,10066.907
2024-08-17,8,14,8650.22,11707.103517025422,7883.072437964493,9982.89
2024-08-24,8,14,7473.65,7997.200375923509,9427.397358633223,10534.103
2024-08-31,8,14,10976.43,5957.874128747248,8538.623429532723,10139.436
2024-06-01,8,15,9213.56,11938.436039523305,9129.598610162302,11640.19
2024-06-08,8,15,4833.91,3090.2912313589477,8731.820418174972,10827.641
2024-06-15,8,15,12910.02,10058.778138568265,8819.515253002199,10683.474
2024-06-22,8,15,2435.74,9784.562030808975,8771.99048031437,11335.966
2024-06-29,8,15,4806.06,6189.817021250095,8740.566369886872,10545.005
2024-07-06,8,15,18407.65,27713.326250033075,9902.261807645275,13337.546
2024-07-13,8,15,8841.71,7428.4239648922085,9763.274708518682,11408.705
2024-07-20,8,15,15100.65,7721.207391276606,9688.752022912175,11034.708
2024-07-27,8,15,16147.74,12497.044260089224,9759.079589756066,11301.823
2024-08-03,8,15,3266.82,12945.708361145265,10072.6823801884,11225.329
2024-08-10,8,15,6786.19,8977.831674455247,10152.557295476936,12032.251
2024-08-17,8,15,14419.96,13073.290651612166,10015.368818517894,11664.82
2024-08-24,8,15,7757.07,9704.679420381024,10617.7985628102,12445.966
2024-08-31,8,15,9695.02,7780.912826062406,10684.878799415479,12370.26
2024-06-01,8,16,6373.72,11991.244828764407,10735.84278803852,11324.972
2024-06-08,8,16,5309.11,3156.0131694891716,10197.438719976384,11681.268
2024-06-15,8,16,16644.8,10395.933887375242,10289.691689940582,11755.823
2024-06-22,8,16,3437.25,10488.003006156912,10991.70222205366,12142.921
2024-06-29,8,16,11647.08,6866.098587804401,10257.798938957654,11494.668
2024-07-06,8,16,2894.63,28914.878666701494,14711.584791236988,17856.771
2024-07-13,8,16,9843.99,7608.607087815006,10348.270578281126,11561.325
2024-07-20,8,16,9124.64,7860.10000456194,9417.906671553232,11849.319
2024-07-27,8,16,14988.87,11706.589900475174,9353.865365896725,10891.054
2024-08-03,8,16,16805.18,12498.453131650549,10048.609580358314,12166.74
2024-08-10,8,16,14831.05,8843.991734337855,10130.731715958926,12060.366
2024-08-17,8,16,8996.5,12785.875425098337,9763.472250053428,11528.489
2024-08-24,8,16,5453.25,8929.12369130332,10131.35963757408,11766.143
2024-08-31,8,16,18621.85,7396.120626979504,10183.960909179072,12137.516
2024-06-01,8,17,12903.37,13973.963859137111,10314.590716655059,13079.475
2024-06-08,8,17,3064.46,5411.637567858295,10561.851907145192,13236.701
2024-06-15,8,17,10027.72,11630.29397816068,9913.995572092317,12081.225
2024-06-22,8,17,8478.41,10996.159234949722,9723.00656761677,12598.546
2024-06-29,8,17,7292.51,7367.247237019488,9584.487313369644,11553.393
2024-07-06,8,17,22623.12,28356.514124388093,14668.783946207817,17794.645
2024-07-13,8,17,7087.06,7816.702701515762,10524.678514645366,12653.155
2024-07-20,8,17,8193.17,8090.820945438369,9970.79011775555,10855.752
2024-07-27,8,17,15775.89,12962.836199306119,9670.588661394311,12195.483
2024-08-03,8,17,4550.96,13592.12916260885,10577.699212409667,12200.289
2024-08-10,8,17,2091.9,9087.71055370964,10099.16357955317,12072.136
2024-08-17,8,17,1720.28,13030.63667054108,9586.849702107515,11789.527
2024-08-24,8,17,18600.83,8668.182524797681,9386.807110230495,11760.066
2024-08-31,8,17,5619.23,7830.010483078291,10620.970979608743,12553.85
2024-06-01,8,18,20046.22,13102.644802108742,10043.82279387752,12485.168
2024-06-08,8,18,6212.51,5217.191423657128,10734.45592990095,12838.426
2024-06-15,8,18,9793.1,11822.33189212692,9975.616777506926,12277.721
2024-06-22,8,18,7418.05,10677.81235099816,10027.0878380691,12279.363
2024-06-29,8,18,1910.52,6994.84466732166,10486.431945995928,12257.66
2024-07-06,8,18,3001.72,27851.50951357527,11778.729834736896,16981.656
2024-07-13,8,18,3359.56,6229.971205688627,9712.316907102031,10527.196
2024-07-20,8,18,19794.81,7076.304380159894,10181.66625220557,9641.274
2024-07-27,8,18,5716.19,12852.34676938874,10442.656274709978,11456.563
2024-08-03,8,18,15526.09,11818.41037588744,8550.517054599055,10705.378
2024-08-10,8,18,4486.79,8182.199355593031,10400.84092567199,11640.775
2024-08-17,8,18,18465.6,12196.939060379002,10500.399769201866,10129.441
2024-08-24,8,18,10604.85,8498.603711431038,10700.724641586914,11370.67
2024-08-31,8,18,17875.02,7361.143584132911,10761.590206054474,12600.939
2024-06-01,8,19,3018.69,13164.189838394432,9773.761592097646,13367.376
2024-06-08,8,19,11412.51,3962.699890642154,9913.236035702099,12442.556
2024-06-15,8,19,5338.43,10791.53976581448,9442.136503330446,13964.996
2024-06-22,8,19,15496.14,10321.14691606742,9776.608349554892,12418.542
2024-06-29,8,19,2777.52,6779.834446232402,10114.75546539682,12332.011
2024-07-06,8,19,5284.09,27976.983773008375,12194.551941599279,18665.967
2024-07-13,8,19,19284.83,6567.931264697698,9572.512660402752,11883.1455
2024-07-20,8,19,10706.39,8575.049949227621,9630.386645104114,12700.962
2024-07-27,8,19,3837.15,12598.049175288885,10162.221833987796,12955.547
2024-08-03,8,19,5780.23,12713.618911796897,10121.583307004383,13030.457
2024-08-10,8,19,11380.75,8544.909961853256,10221.713106548033,12061.511
2024-08-17,8,19,6639.56,12633.224994431552,9367.18806186909,13215.072
2024-08-24,8,19,19235.87,7593.173315729135,9501.111360592664,12120.231
2024-08-31,8,19,15832.54,7435.953823364765,10503.543774004602,12712.714
2024-06-01,8,20,17512.61,13929.618226150887,10595.705876217882,14529.867
2024-06-08,8,20,9524.79,5333.249513520452,11230.981319314267,13875.185
2024-06-15,8,20,16286.86,11627.753314092675,9778.955585709882,13199.7705
2024-06-22,8,20,14241.82,10778.03716446049,10263.857031007083,13314.965
2024-06-29,8,20,15193.11,7925.774827205743,10039.744867003172,14168.71
2024-07-06,8,20,13704.74,30190.113746774245,15812.184961457255,23670.736
2024-07-13,8,20,19592.49,8306.539808670066,9856.28821858583,13813.984
2024-07-20,8,20,17570.75,10484.78890606965,11239.785272919604,14961.71
2024-07-27,8,20,4964.54,15080.216192188258,11839.868470725512,14954.468
2024-08-03,8,20,11242.4,15112.643436785569,11298.217217164562,14128.943
2024-08-10,8,20,2254.3,11360.931499423932,10932.264028190437,15161.18
2024-08-17,8,20,13901.97,14845.416901787288,10731.795595495154,13206.94
2024-08-24,8,20,2874.28,10204.890525049326,10426.194709052194,13626.771
2024-08-31,8,20,5785.42,7847.182579588138,10917.811340678409,12980.854
2024-06-01,9,1,15780.66,27059.353229432563,24506.168609704167,21919.938
2024-06-08,9,1,10835.92,27358.169184660648,24082.57077393267,21566.957
2024-06-15,9,1,19664.55,24422.597692027266,23522.425730034905,21666.186
2024-06-22,9,1,20875.54,28290.602459611364,23818.945475478453,22145.973
2024-06-29,9,1,33139.27,23325.651506557573,25004.22427940646,23117.955
2024-07-06,9,1,20192.52,34816.80264144444,34029.282199610054,31376.707
2024-07-13,9,1,33662.75,24317.0254686182,23602.243662817866,21801.033
2024-07-20,9,1,36632.52,25694.063852225787,23157.595206040027,21652.082
2024-07-27,9,1,31560.49,23987.02109568823,23557.9123728212,21021.14
2024-08-03,9,1,37976.49,28734.019558182226,25616.22138871866,22471.125
2024-08-10,9,1,35358.49,30953.742742457936,25995.555896005466,23028.008
2024-08-17,9,1,32827.54,34185.32423528089,29413.756114988635,24731.828
2024-08-24,9,1,26760.08,26147.92326064891,28383.098077452425,24776.848
2024-08-31,9,1,37730.21,32552.68935776416,28825.249161254076,25207.26
2024-06-01,9,2,27325.85,26448.690561140684,23504.289106971715,21943.64
2024-06-08,9,2,9737.42,27297.563079305313,23215.768579013784,22875.977
2024-06-15,9,2,29853.46,24877.596178847227,23523.160306001708,23372.936
2024-06-22,9,2,24761.08,29067.645527874825,26099.211216758176,24287.045
2024-06-29,9,2,10170.21,24020.738665392142,26581.564016339125,24024.562
2024-07-06,9,2,34802.3,33785.45677923326,31266.36436896114,30945.053
2024-07-13,9,2,17091.09,25184.2803275419,23525.021636789796,22226.627
2024-07-20,9,2,24337.6,25091.305133707938,23202.982950694528,21928.307
2024-07-27,9,2,37671.71,23693.588826886175,23431.78969751507,22952.637
2024-08-03,9,2,33010.97,28377.27086229984,23860.619499938664,22838.031
2024-08-10,9,2,15915.37,30517.84857110132,26314.977308836154,24062.871
2024-08-17,9,2,39581.53,31792.63450476993,25260.21656997475,23944.428
2024-08-24,9,2,22422.63,24547.49863819561,26042.958036181848,24378.82
2024-08-31,9,2,8065.48,31579.793171913938,26227.7942368198,25032.451
2024-06-01,9,3,24837.2,26824.650110473318,23765.041032305075,22712.658
2024-06-08,9,3,22043.85,27521.83799334884,23664.768048619382,23071.197
2024-06-15,9,3,22906.09,22721.51911232496,24134.792706771004,21959.867
2024-06-22,9,3,16198.34,24141.97300089722,23849.632459332086,22126.137
2024-06-29,9,3,24862.7,19717.85287790578,24218.236616806,21864.92
2024-07-06,9,3,23967.56,31104.128184642264,25987.839829893,27427.293
2024-07-13,9,3,22848.69,22512.669387407637,24017.032896914585,21797.893
2024-07-20,9,3,19562.77,24790.783707913826,23714.12598213871,23607.244
2024-07-27,9,3,34944.11,22478.631604616603,23865.305735322767,23270.494
2024-08-03,9,3,36270.72,27764.059174545517,23976.46054226406,22327.098
2024-08-10,9,3,15471.16,29847.262647578187,26977.397916640806,24035.404
2024-08-17,9,3,24581.77,31728.770959933725,24543.22250645641,23134.164
2024-08-24,9,3,30307.51,23684.39522835829,25885.720576260373,24007.678
2024-08-31,9,3,11093.94,30394.9220573262,26510.054774129785,24947.85
2024-06-01,9,4,43400.85,29750.701006223462,27678.290079129925,25659.188
2024-06-08,9,4,39939.3,31465.073875500486,29947.202476038136,27742.686
2024-06-15,9,4,27258.2,28717.1769993837,29934.297386877526,27458.08
2024-06-22,9,4,43618.78,32878.082195002935,30565.934882929752,27948.803
2024-06-29,9,4,21527.53,28790.241507900646,29860.012814303605,26895.299
2024-07-06,9,4,49973.94,39680.05188030858,43940.29885254171,37817.71
2024-07-13,9,4,13715.14,31909.227724560173,32215.430607482507,26960.68
2024-07-20,9,4,30564.5,32483.027000734095,32923.98044644147,27497.281
2024-07-27,9,4,25277.62,30664.824077292324,32413.363473893744,27318.621
2024-08-03,9,4,36490.91,33726.89601269549,32391.1788867153,26181.824
2024-08-10,9,4,41991.83,33311.711658921005,30971.882470056593,28029.441
2024-08-17,9,4,10025.12,35848.01859337556,30847.577992164668,26468.979
2024-08-24,9,4,15196.1,25934.16357956928,28085.90465483314,26478.982
2024-08-31,9,4,27590.75,32369.79505081875,28010.3184174209,25510.105
2024-06-01,9,5,34078.2,27573.456354766662,25732.258642893787,26360.102
2024-06-08,9,5,11759.44,29037.492453934938,27353.398151752626,26336.03
2024-06-15,9,5,23042.29,24179.04064231801,24992.93966400131,24817.812
2024-06-22,9,5,45217.64,26742.504494330773,24430.37585186418,25114.959
2024-06-29,9,5,17515.37,24685.526939387957,27781.954005426207,25889.326
2024-07-06,9,5,48283.43,35695.53884374698,37292.28655587496,35310.62
2024-07-13,9,5,5574.29,28623.4882241952,28122.355715036905,27328.742
2024-07-20,9,5,9938.97,29554.687583347324,28213.496030354625,26772.96
2024-07-27,9,5,12765.97,26441.971370502462,27345.59800159312,26257.85
2024-08-03,9,5,43268.53,29827.244589965114,27786.818596083784,25092.78
2024-08-10,9,5,41397.5,32117.815274741013,27613.475533933564,25531.26
2024-08-17,9,5,42159.65,34904.669184821054,27872.87184798485,25253.4
2024-08-24,9,5,8492.92,24958.281003616838,28275.59955417892,26365.152
2024-08-31,9,5,37337.98,31207.981127019426,28116.870387085477,25840.467
2024-06-01,9,6,47592.6,24332.25870174793,21640.830920849006,22816.396
2024-06-08,9,6,4292.21,26610.688181986538,26176.05327245607,24619.834
2024-06-15,9,6,36438.9,23179.552855093585,26337.036630602885,25591.66
2024-06-22,9,6,42667.99,28073.764792244532,26422.906890098217,27087.867
2024-06-29,9,6,8404.04,24382.197616583988,28741.04556816252,27618.426
2024-07-06,9,6,26330.79,34732.86559274836,35358.51159711419,34556.098
2024-07-13,9,6,46690.88,25858.59274268352,25149.789926942325,26141.162
2024-07-20,9,6,23325.57,30398.09467534299,28597.505287684628,27798.148
2024-07-27,9,6,9670.28,28103.786899163184,28398.957016285687,27796.781
2024-08-03,9,6,37557.64,29726.37533942015,26631.834629041354,26618.658
2024-08-10,9,6,25129.19,33601.695092098984,28476.89235964007,27253.611
2024-08-17,9,6,11161.92,33929.455653009296,27880.738732606384,26535.568
2024-08-24,9,6,28471.46,23206.312551588053,25613.287483048727,25803.564
2024-08-31,9,6,35143.15,30851.604967787956,27740.069511699752,26902.867
2024-06-01,9,7,18029.32,31541.9233564069,29797.114720533147,28689.51
2024-06-08,9,7,23524.85,29962.467651932035,27805.935004955754,27181.76
2024-06-15,9,7,43477.65,25638.95859260197,27681.55966455173,26935.9
2024-06-22,9,7,36920.08,29976.730866343052,28446.446914852742,27183.566
2024-06-29,9,7,13675.33,26435.310671609644,29979.48638692521,29197.605
2024-07-06,9,7,55940.47,37642.52531431353,42193.77438539351,39193.703
2024-07-13,9,7,44912.55,31211.266535916155,34029.01272176292,30545.564
2024-07-20,9,7,37514.12,33461.31109734285,33905.444727934424,30498.82
2024-07-27,9,7,44600.19,30615.689403116965,33902.14481763659,31294.729
2024-08-03,9,7,28501.87,35059.940040350775,31900.998712372533,30578.633
2024-08-10,9,7,16199.33,36541.17094070825,32301.720821007184,30564.38
2024-08-17,9,7,21158.92,37834.4095563451,32879.884842099294,30129.307
2024-08-24,9,7,26472.42,28632.984213337135,33055.247994445184,30235.115
2024-08-31,9,7,31409.84,34542.53115565958,32197.811700742874,30548.902
2024-06-01,9,8,20285.94,30663.70203819654,28528.496289430197,28302.281
2024-06-08,9,8,31944.33,28224.215434861842,28137.43158510138,28524.006
2024-06-15,9,8,26183.72,26363.909909853377,27868.89762802642,28110.94
2024-06-22,9,8,24931.85,29159.651492700985,28111.856462790238,28060.562
2024-06-29,9,8,47123.31,22343.1272898136,26619.49048024106,27410.807
2024-07-06,9,8,11497.61,35730.63870808595,39740.3710324486,37746.54
2024-07-13,9,8,17618.11,26984.05267390881,28127.939008334237,27989.719
2024-07-20,9,8,49640.87,28047.860160667675,27416.728596766607,28838.537
2024-07-27,9,8,23115.23,29104.849122090098,30184.98823034718,30595.846
2024-08-03,9,8,4298.69,32142.06115415357,28375.071993195408,29632.787
2024-08-10,9,8,10539.05,31730.068657012664,28609.565087247756,29557.41
2024-08-17,9,8,40008.97,33842.87669120361,29377.7570155407,28912.854
2024-08-24,9,8,24858.08,25213.887430551753,28342.629400879014,28229.506
2024-08-31,9,8,25051.29,29551.51137546541,25688.708591625564,29179.693
2024-06-01,9,9,30030.26,35271.0948978859,33309.71470987064,32133.273
2024-06-08,9,9,41912.45,34628.372921816925,33171.86680255099,31800.447
2024-06-15,9,9,29075.9,31285.175602731106,32043.384350298376,31806.39
2024-06-22,9,9,10808.41,32397.824455672555,31399.76833402588,31256.81
2024-06-29,9,9,22616.35,26263.77381499285,28227.25531722323,29445.936
2024-07-06,9,9,44625.76,37276.00406491433,43754.209922199,38508.676
2024-07-13,9,9,9445.61,28428.301324193497,28336.866966471214,29226.096
2024-07-20,9,9,26850.96,29214.371998467097,28177.511984488257,30131.549
2024-07-27,9,9,7082.58,26923.450097124914,28114.004587775544,29048.064
2024-08-03,9,9,18465.23,30234.332088828858,25844.56857272291,28018.738
2024-08-10,9,9,44511.07,28198.097752708214,25050.601755102816,26496.648
2024-08-17,9,9,7455.85,32547.161520397116,26034.16786129802,28508.102
2024-08-24,9,9,13937.75,23373.96696705844,26191.013797860793,28909.607
2024-08-31,9,9,43871.39,28876.387617618144,25659.16205919622,29256.51
2024-06-01,9,10,30465.53,26964.592183352783,26597.720080198687,27764.762
2024-06-08,9,10,7548.79,26535.946335085413,25392.11658277709,27615.365
2024-06-15,9,10,52634.91,22415.861619437957,26075.407589858347,26100.846
2024-06-22,9,10,51927.66,28636.761042234975,27602.47977846879,29160.564
2024-06-29,9,10,49265.75,26776.06370248417,30190.69940923672,31652.28
2024-07-06,9,10,42611.99,39322.06018805346,48046.93283252231,44935.227
2024-07-13,9,10,28052.23,29732.33524398545,32196.342081147457,31047.25
2024-07-20,9,10,37433.25,32585.60773922327,32504.999818233373,31404.56
2024-07-27,9,10,22705.75,31590.179925820456,30969.076370414485,32021.404
2024-08-03,9,10,35859.22,35348.18863693392,31436.476216297426,32084.531
2024-08-10,9,10,42409.18,37767.00303568383,34447.34086962481,33018.85
2024-08-17,9,10,29851.62,39407.29860150602,33602.85824145606,32293.803
2024-08-24,9,10,14532.89,28795.56963022554,32023.217425732953,31814.842
2024-08-31,9,10,11949.27,33532.13719164934,32598.912558350832,31016.703
2024-06-01,9,11,32869.55,32268.85565410558,33132.29813256192,32036.115
2024-06-08,9,11,32950.02,33423.849326049625,33956.469948246544,32413.041
2024-06-15,9,11,35170.74,30233.514714809447,30607.221621995952,32073.484
2024-06-22,9,11,33594.95,34365.80353601998,32379.682912266915,32998.633
2024-06-29,9,11,48703.91,27059.621403887322,30389.03462857655,31367.764
2024-07-06,9,11,48391.42,40407.36627467994,47975.70541981394,44305.742
2024-07-13,9,11,34496.31,30995.977640495672,31157.648568668483,31991.898
2024-07-20,9,11,28040.06,32272.094037928604,31202.538757932438,31732.57
2024-07-27,9,11,51646.59,31245.28501169994,31323.60005517263,31848.291
2024-08-03,9,11,21637.61,36803.570861503824,34170.69026185775,33052.156
2024-08-10,9,11,10500.28,37274.74120411403,33857.43499301258,33178.06
2024-08-17,9,11,26764.95,38648.42679040421,34038.83054797779,33280.59
2024-08-24,9,11,57931.21,30005.06461822574,34118.10750993506,31963.672
2024-08-31,9,11,18017.12,36945.400432557675,34487.73108161826,33875.047
2024-06-01,9,12,52543.09,38530.30981278368,36408.10339174296,35243.996
2024-06-08,9,12,14288.11,40059.18273436743,37752.48585063913,35336.973
2024-06-15,9,12,31486.4,35011.4472462162,36865.854672917674,36116.49
2024-06-22,9,12,36334.8,37742.745334525396,35743.20867597696,36067.227
2024-06-29,9,12,21997.32,31723.696354004664,34169.601333695005,34560.01
2024-07-06,9,12,70697.65,40577.300583799304,48599.67394438753,44261.473
2024-07-13,9,12,36820.26,34421.0715919769,35895.52193718583,35035.633
2024-07-20,9,12,34220.37,35234.478868352875,34388.64564760419,34369.7
2024-07-27,9,12,36360.23,32550.203456521915,34873.950047313905,34684.78
2024-08-03,9,12,27866.83,35765.78841355039,33934.85789933813,34011.008
2024-08-10,9,12,46308.28,35562.791132876875,31228.07177536627,32690.846
2024-08-17,9,12,57749.83,39232.30117859826,33646.9436346621,33652.94
2024-08-24,9,12,56726.06,32588.79363920189,36300.19194960533,34714.69
2024-08-31,9,12,49037.2,40615.320175442794,35953.49382422914,34968.426
2024-06-01,9,13,46373.3,31502.932872642836,30554.84578675813,32408.133
2024-06-08,9,13,29971.05,33040.931282835016,33164.94155822798,34706.97
2024-06-15,9,13,61188.21,30383.6199835077,34629.058371329425,35099.414
2024-06-22,9,13,11062.26,35725.93536424333,35558.81142065104,34101.168
2024-06-29,9,13,32749.04,29788.381721218102,35244.66853645104,35098.31
2024-07-06,9,13,54029.62,41928.58982989688,45243.67235715781,47222.203
2024-07-13,9,13,58063.06,35939.89635127996,36083.18398675454,36153.55
2024-07-20,9,13,34177.72,38853.957699801256,36990.75719102082,37338.65
2024-07-27,9,13,42173.22,33318.14071415442,36005.77456488494,34377.684
2024-08-03,9,13,11373.39,37015.260497043746,35935.352042837425,34280.273
2024-08-10,9,13,56962.17,38629.83950424008,35851.44654674922,34816.03
2024-08-17,9,13,36673.15,40627.4838654086,34959.627794114065,36225.508
2024-08-24,9,13,19751.72,33470.06737035544,36160.443061868915,36021.55
2024-08-31,9,13,21377.01,38529.98165219392,35330.91072324558,35900.1
2024-06-01,9,14,15932.77,36298.148260702765,34556.11857172417,35313.793
2024-06-08,9,14,63120.24,33722.33466406602,37103.405446677956,33897.785
2024-06-15,9,14,9274.33,31316.123018632825,35451.904741671315,35999.848
2024-06-22,9,14,52576.27,35963.862020001376,35510.19238441398,36005.9
2024-06-29,9,14,32343.79,32127.0076705834,35786.310833530726,36798.266
2024-07-06,9,14,26246.66,44985.47687893533,52379.11167572611,51236.797
2024-07-13,9,14,45444.79,33446.85855715492,34064.71463503631,35014.008
2024-07-20,9,14,46841.68,34313.23741796597,33499.47895754948,34119.395
2024-07-27,9,14,20426.16,31129.397998186665,31594.284113819023,33414.26
2024-08-03,9,14,63750.84,35504.748492889514,36423.23422539998,34339.27
2024-08-10,9,14,8642.76,37699.45136555149,34669.58079448985,35082.543
2024-08-17,9,14,58244.54,40975.52156977997,34908.912361775685,36347.676
2024-08-24,9,14,8887.7,32771.76725452567,36838.48463946593,37456.656
2024-08-31,9,14,13556.0,38603.39417410663,34487.20704096796,36859.6
2024-06-01,9,15,41594.25,40255.97886036631,37083.345794064146,39198.445
2024-06-08,9,15,65777.17,38091.90429824351,37135.41702135302,38451.777
2024-06-15,9,15,43819.76,36320.702168432486,37922.983646017434,38405.215
2024-06-22,9,15,39470.95,37572.392336956116,36133.94861659821,37239.89
2024-06-29,9,15,60682.55,31282.87893234622,36936.712232356644,36147.992
2024-07-06,9,15,61801.15,46388.43598829146,54863.160011963526,49239.355
2024-07-13,9,15,43400.44,38884.63570398932,37364.376297222654,37210.867
2024-07-20,9,15,45692.73,41148.96853997262,36007.56749758099,37205.543
2024-07-27,9,15,6682.45,38127.796220112534,36245.766667171716,36700.426
2024-08-03,9,15,12558.94,42411.63828349967,38323.5654721404,38750.984
2024-08-10,9,15,30749.72,39992.59159624948,36127.985316410486,36744.668
2024-08-17,9,15,10942.4,41297.14215756349,34326.80686914226,36313.535
2024-08-24,9,15,25460.99,28887.063977248457,36887.680712860674,35563.69
2024-08-31,9,15,57354.55,32397.918111462277,29598.79400024599,34106.836
2024-06-01,9,16,16763.53,37436.199126551845,37216.95777505911,38365.76
2024-06-08,9,16,68160.79,35535.8266400621,35361.8135599645,36690.277
2024-06-15,9,16,7273.78,36468.026530445684,39238.660913370004,39687.36
2024-06-22,9,16,22044.81,36879.29456642191,39917.80320999083,38696.363
2024-06-29,9,16,44664.72,29296.15503179015,37097.32090125736,37234.71
2024-07-06,9,16,29422.2,41358.28544465017,52213.59183438135,53687.54
2024-07-13,9,16,11075.03,29256.832172095375,31403.90558828803,34549.914
2024-07-20,9,16,6152.33,29810.90875290925,32144.442880751943,34246.82
2024-07-27,9,16,63810.8,27347.34668142914,31882.44905439837,33777.72
2024-08-03,9,16,10179.89,35532.904919504435,37975.91884272077,37440.26
2024-08-10,9,16,31558.55,32499.33270368314,30204.95865828118,33897.527
2024-08-17,9,16,41036.44,35793.142218383735,32201.195056104287,35159.652
2024-08-24,9,16,59268.81,28193.4340164577,32589.21964947096,35266.383
2024-08-31,9,16,54419.47,34406.848552723706,36614.696881269076,37234.24
2024-06-01,9,17,33344.24,37048.64569766996,36783.36188724862,37859.42
2024-06-08,9,17,29560.25,31860.435170385448,32871.314387750186,34445.82
2024-06-15,9,17,35156.53,27155.472978778962,32863.19235305253,33751.875
2024-06-22,9,17,17049.73,32000.833398101066,33333.31493294822,34459.523
2024-06-29,9,17,34407.87,25897.857014430032,34632.967252063485,35249.27
2024-07-06,9,17,14377.05,35374.802529725006,37947.39923520805,39942.105
2024-07-13,9,17,40107.55,26987.559877666296,29222.228753393145,32052.443
2024-07-20,9,17,11266.06,29130.63531166748,31656.721929276147,33432.758
2024-07-27,9,17,10667.55,27047.27712032722,29336.532254916452,32006.088
2024-08-03,9,17,44013.24,29379.24501163418,26601.952958049296,31840.365
2024-08-10,9,17,58769.11,32344.562403296688,33351.77376088883,30683.99
2024-08-17,9,17,51033.18,36388.267697513205,38606.817812236746,35208.027
2024-08-24,9,17,20420.18,28547.21591316285,34945.68747838631,36892.6
2024-08-31,9,17,47566.77,33427.39447320573,34934.93890807509,35863.715
2024-06-01,9,18,67151.07,44312.02575193933,38035.597244222394,42256.734
2024-06-08,9,18,53259.36,45093.51075033637,38350.89898529292,41252.37
2024-06-15,9,18,27798.93,40365.223717176144,37757.18947379699,40128.547
2024-06-22,9,18,47276.41,40254.14221905676,37554.191037733195,41457.87
2024-06-29,9,18,40921.11,33844.943723007105,36935.15252515392,39439.21
2024-07-06,9,18,73214.97,44724.03115216481,47630.99763564831,50247.434
2024-07-13,9,18,43172.73,37832.43916809681,38745.05011499328,40540.41
2024-07-20,9,18,57134.72,37979.78051428111,35517.26889055196,40301.88
2024-07-27,9,18,73187.8,39005.598235901205,37027.82901858551,39972.668
2024-08-03,9,18,47787.37,43554.65683603144,40544.21775208978,40809.074
2024-08-10,9,18,13989.82,43783.99130516296,38507.4398044151,39905.156
2024-08-17,9,18,16151.07,47333.35057418825,36490.887912076396,41425.137
2024-08-24,9,18,72165.9,38123.27566795819,37845.02800992816,41430.742
2024-08-31,9,18,50096.5,46386.71387012192,38708.4335670193,42627.992
2024-06-01,9,19,11220.59,41464.01380172427,37978.2042422772,42098.184
2024-06-08,9,19,66503.51,39594.500785420394,37645.74304247055,41171.43
2024-06-15,9,19,36213.07,38342.73103670823,38993.08580796842,42514.156
2024-06-22,9,19,65899.92,40358.19018072202,39721.43613696275,41156.848
2024-06-29,9,19,64350.61,34830.66073676224,39451.19165047338,40514.953
2024-07-06,9,19,27699.49,45977.035955291234,56996.38229339846,54340.508
2024-07-13,9,19,49716.9,36572.26263905208,39078.73059099493,40470.664
2024-07-20,9,19,17327.32,36774.043926745835,39272.542935966136,40437.71
2024-07-27,9,19,66263.83,36573.821378494926,39302.27327437422,42092.836
2024-08-03,9,19,42426.39,43847.869592707066,40692.794062043635,41780.254
2024-08-10,9,19,16631.04,43041.828410038914,38815.27023322483,41437.055
2024-08-17,9,19,64816.51,43894.8497317263,38844.09248648189,41578.996
2024-08-24,9,19,20245.33,35551.89473219922,38905.40965977663,40643.746
2024-08-31,9,19,52058.74,38744.25431652488,35432.67804880053,39159.19
2024-06-01,9,20,74774.02,41077.14574336448,39971.94393155525,42978.61
2024-06-08,9,20,42259.35,40906.85964731891,42340.46763890131,43504.516
2024-06-15,9,20,70490.27,37079.12730813754,40208.58301502833,40958.16
2024-06-22,9,20,43642.71,41286.775142568134,37873.34479374711,41334.637
2024-06-29,9,20,28203.13,35915.33544894552,41415.011376274786,42945.438
2024-07-06,9,20,52749.27,48760.47841074586,49732.9369517941,55295.406
2024-07-13,9,20,17758.61,43066.719737070605,38551.8232201982,44449.89
2024-07-20,9,20,61009.3,40754.81215139305,42743.01433035153,41604.44
2024-07-27,9,20,14562.93,39379.325165229195,41358.462937055876,42242.496
2024-08-03,9,20,31428.89,40137.695653373376,40719.84427174608,41680.223
2024-08-10,9,20,33545.42,39678.7396428816,37504.56165340056,41363.195
2024-08-17,9,20,68794.03,39666.01711308622,36267.88187174851,38312.96
2024-08-24,9,20,45977.94,32514.40138920249,39881.06422043775,42072.77
2024-08-31,9,20,58240.13,38506.36247150804,37028.91109380109,40431.74
2024-06-01,10,1,5180.34,41158.21912209333,33840.73441960403,30412.805
2024-06-08,10,1,16061.19,39497.36760030266,34781.98258745437,31661.18
2024-06-15,10,1,24080.48,32384.252784575052,36956.47694957473,30278.115
2024-06-22,10,1,31226.75,34446.028266295565,33600.3337363052,28965.32
2024-06-29,10,1,34737.97,32709.166751287106,34857.431828815934,29598.836
2024-07-06,10,1,41313.72,50336.299887915615,38056.999940249865,33407.688
2024-07-13,10,1,38327.87,40892.38908010422,35955.8134079171,30008.322
2024-07-20,10,1,26915.37,37455.113205785354,37271.75656810079,29120.373
2024-07-27,10,1,28998.5,39927.58649522392,38808.573365133794,28999.482
2024-08-03,10,1,39485.5,42435.45426141162,33213.51481943021,29827.646
2024-08-10,10,1,33015.71,47501.62251481619,31225.63054134052,29645.523
2024-08-17,10,1,25615.42,36527.032734964596,33088.407965792896,31049.344
2024-08-24,10,1,25645.28,44717.12256428555,33412.86665065987,30720.87
2024-08-31,10,1,10482.54,38864.73028025649,34225.062213662335,29341.703
2024-06-01,10,2,32337.42,39812.82681249153,42327.995744909655,33631.402
2024-06-08,10,2,47124.75,40331.21865009125,36386.96004351016,31831.268
2024-06-15,10,2,20139.98,33579.14564126807,33966.96255278199,30974.635
2024-06-22,10,2,7946.17,38181.0730691603,34659.77907176684,31991.71
2024-06-29,10,2,51703.33,38160.91757442169,33250.03708890679,31664.658
2024-07-06,10,2,40977.95,57260.22040996832,54325.61359397515,43672.453
2024-07-13,10,2,18666.7,47366.22917325799,33297.66124830945,32619.701
2024-07-20,10,2,47680.17,42512.9745035077,33595.79303856887,32073.746
2024-07-27,10,2,50329.14,44835.26787581217,32756.293822140335,31176.557
2024-08-03,10,2,40046.62,46258.512958531894,34205.07982846246,31659.082
2024-08-10,10,2,40910.28,48810.353590562176,34872.22457448439,31771.883
2024-08-17,10,2,16272.12,37789.57749795205,33313.39844656705,31700.588
2024-08-24,10,2,54265.84,48685.12350617193,35941.49992291086,34341.668
2024-08-31,10,2,23819.93,43615.725798067455,34740.156072400205,34517.203
2024-06-01,10,3,10204.73,41323.18481948204,35985.57595274552,34260.387
2024-06-08,10,3,56407.5,42837.11500132466,36707.454704178606,33382.605
2024-06-15,10,3,36072.33,38575.37211131105,39325.46843694293,33328.754
2024-06-22,10,3,20349.29,39576.97003214306,39461.7815011536,33872.785
2024-06-29,10,3,16192.48,38386.07528225348,35445.461977565865,33451.668
2024-07-06,10,3,62001.19,56068.53382680761,49597.851851203275,39312.426
2024-07-13,10,3,42458.03,46413.305630377574,36252.40369383963,32235.014
2024-07-20,10,3,19542.63,42270.000526580254,36814.477602836065,33411.848
2024-07-27,10,3,47257.22,45155.47155464606,37081.125842197456,33981.688
2024-08-03,10,3,56308.88,47998.083022560684,36479.90776852822,34134.863
2024-08-10,10,3,8332.81,51039.47133941149,38998.123828615586,35120.01
2024-08-17,10,3,5391.39,38809.32839403673,37959.11681653874,35960.15
2024-08-24,10,3,46063.81,47762.04332780476,38282.32535800566,34182.617
2024-08-31,10,3,38525.82,44613.71943717833,40687.13274150112,36030.293
2024-06-01,10,4,20762.75,42209.147684764765,36489.03754346099,35495.656
2024-06-08,10,4,35103.08,44888.23304947383,37532.763477635715,34265.234
2024-06-15,10,4,12503.91,36552.554565626684,36189.895104304866,34133.117
2024-06-22,10,4,27490.25,37921.62110961006,36139.95483959759,32489.998
2024-06-29,10,4,62879.48,37968.822646169356,36225.044969387905,34238.375
2024-07-06,10,4,55931.06,59858.62044390593,52311.53230572155,46125.473
2024-07-13,10,4,56933.33,47723.7431772384,40365.98539700237,35921.875
2024-07-20,10,4,46502.27,44233.405910669004,38555.85565366492,35391.15
2024-07-27,10,4,45472.36,46189.56340522444,39581.37436826791,37517.8
2024-08-03,10,4,51511.22,48409.92983342239,42140.12072831659,36294.363
2024-08-10,10,4,8581.06,53215.53358554745,43959.78747236435,36811.227
2024-08-17,10,4,45835.41,44354.899380415896,44752.799994100795,39574.227
2024-08-24,10,4,51855.47,54333.652201734505,46679.53665573902,37988.477
2024-08-31,10,4,25579.62,48236.09106025918,44891.18608918583,38229.816
2024-06-01,10,5,6058.01,36348.09275845342,35172.06658683886,32510.021
2024-06-08,10,5,39102.59,37842.895350684,36588.00230639022,32419.479
2024-06-15,10,5,16839.8,31156.62942724311,39221.90328014311,31706.0
2024-06-22,10,5,9960.19,34346.16966831496,34916.560975068576,32618.885
2024-06-29,10,5,18190.59,32763.2092640911,38358.60002398829,30854.717
2024-07-06,10,5,40344.82,51300.55392815553,35687.856340009486,35954.71
2024-07-13,10,5,16364.98,39859.85632998143,35149.92745405663,32085.395
2024-07-20,10,5,32797.71,36331.58140522245,35103.272906858125,31954.371
2024-07-27,10,5,60166.18,38476.508480748766,36155.540867549185,31945.791
2024-08-03,10,5,26156.34,43563.021374888616,35993.66159545223,32398.918
2024-08-10,10,5,9957.82,45782.92512910725,37906.26169396976,34463.3
2024-08-17,10,5,35795.16,34789.77503986368,38946.72072222742,35403.223
2024-08-24,10,5,43491.23,45912.445584735535,40468.8806048698,34304.293
2024-08-31,10,5,9852.24,40605.14685518779,37655.92376456232,34082.47
2024-06-01,10,6,31086.08,42868.98642903673,39655.09862877093,37708.754
2024-06-08,10,6,10673.48,42337.46055803336,37764.70528698475,36596.285
2024-06-15,10,6,10804.21,35783.2745078732,37464.71996714806,36191.19
2024-06-22,10,6,16264.86,37394.04983746366,36765.93498707458,34932.11
2024-06-29,10,6,41838.4,36170.11102337925,37044.231186979916,34540.69
2024-07-06,10,6,25299.34,54733.75083811684,38848.135467251275,41715.082
2024-07-13,10,6,57664.72,42160.10919663131,37016.29254476217,34565.44
2024-07-20,10,6,25343.36,40317.50809145478,39529.11909519011,35124.31
2024-07-27,10,6,42797.03,41342.526185793016,41959.39693501587,34355.24
2024-08-03,10,6,35096.86,42559.12401706668,34452.099419588034,34657.38
2024-08-10,10,6,50957.76,47874.53389180962,38453.18393211687,34988.723
2024-08-17,10,6,65930.39,38611.25023948406,38209.40776043283,36194.375
2024-08-24,10,6,9485.87,50592.71643948147,42998.12597930551,39095.914
2024-08-31,10,6,56446.98,44563.18410023921,40612.64276906483,41786.754
2024-06-01,10,7,67109.71,43942.519399499295,38323.60617050967,40198.207
2024-06-08,10,7,31646.21,50069.858667384346,45333.499332473635,43022.77
2024-06-15,10,7,15380.36,42759.12278720986,45078.793153702354,44362.293
2024-06-22,10,7,61686.8,43845.3055434029,41065.27679353609,41903.33
2024-06-29,10,7,37670.01,44679.2890847992,42082.42757098456,42144.78
2024-07-06,10,7,61826.6,61041.72599798359,55852.740830340445,56140.664
2024-07-13,10,7,44173.02,50905.38752136156,43855.191036704164,43368.87
2024-07-20,10,7,64735.85,48090.33359533185,44427.777779723045,41576.457
2024-07-27,10,7,59653.76,51592.63903503029,45901.95519019282,42506.773
2024-08-03,10,7,43427.44,51092.70748917113,46387.00182613843,42975.535
2024-08-10,10,7,30249.32,55597.903988766855,46721.28643631086,44134.582
2024-08-17,10,7,8817.46,46578.24307566438,48028.847383480854,43226.742
2024-08-24,10,7,62775.94,53268.34893942043,43611.60684730501,43633.17
2024-08-31,10,7,16350.99,49630.02872341469,48557.23379273675,46144.453
2024-06-01,10,8,61374.05,47240.68884304885,41628.17846396106,41679.453
2024-06-08,10,8,16109.09,48217.37650618885,41733.24900244419,40439.363
2024-06-15,10,8,64246.34,39100.27585305077,41725.99632729465,41483.277
2024-06-22,10,8,38342.01,46013.77155782153,43421.44224542372,41760.613
2024-06-29,10,8,59202.98,44980.26536596748,42536.793597001655,42711.75
2024-07-06,10,8,25717.03,62523.54712273974,56472.23938779381,55292.88
2024-07-13,10,8,20854.77,50431.88006094579,42884.92773242571,42072.227
2024-07-20,10,8,39192.7,47879.530956279465,41566.5118653984,42033.08
2024-07-27,10,8,64934.8,49590.211514537754,40734.11284712331,41173.367
2024-08-03,10,8,33565.29,50389.01232501507,41812.843026832656,42827.777
2024-08-10,10,8,57609.65,54062.61952448254,43991.35636819699,42396.133
2024-08-17,10,8,29350.62,41787.44133211448,41993.65370300392,40727.125
2024-08-24,10,8,59712.16,50500.977415661306,41639.7071100042,41523.93
2024-08-31,10,8,9984.31,44573.1659270328,40590.709142666536,42025.53
2024-06-01,10,9,10497.02,46110.66783693965,39978.07517219985,42463.45
2024-06-08,10,9,56817.03,44440.44762276189,38721.57218464996,40114.69
2024-06-15,10,9,19275.88,40184.93685091498,40933.32755073221,42271.64
2024-06-22,10,9,73841.16,40852.60051821617,40593.74365037084,40050.137
2024-06-29,10,9,41415.8,43622.90302114772,44536.37304401691,43942.176
2024-07-06,10,9,15182.26,59160.46437574684,57370.53714527608,54867.46
2024-07-13,10,9,66217.86,47660.34903095792,41584.08031900326,42035.176
2024-07-20,10,9,60394.63,46744.41239773799,41517.172371356624,41808.74
2024-07-27,10,9,63879.8,51180.91038417466,43376.028513961035,45427.812
2024-08-03,10,9,76891.46,54389.28920963035,49811.44626714492,47333.71
2024-08-10,10,9,43465.44,56662.314558617574,47526.71356305886,45092.516
2024-08-17,10,9,76904.17,47954.37736461263,51747.73489599329,46764.543
2024-08-24,10,9,47294.71,57280.66754416352,52126.6706100512,47319.176
2024-08-31,10,9,31589.72,53001.7823590018,52746.274986608594,48658.32
2024-06-01,10,10,59590.71,49626.98555322014,46558.36679904998,46155.637
2024-06-08,10,10,77893.26,50497.67753547406,46711.99541487681,47334.402
2024-06-15,10,10,42531.91,45480.27769911853,49234.22977167417,47387.355
2024-06-22,10,10,18246.2,46052.14064518357,46773.669493491674,45880.617
2024-06-29,10,10,31620.41,46917.44941294144,47040.68588996745,47048.242
2024-07-06,10,10,85556.02,65741.80678742437,65659.95898149707,58700.445
2024-07-13,10,10,23318.2,58779.48330798932,51332.23911816019,48012.168
2024-07-20,10,10,41071.99,54838.27023340706,49685.51516356222,48966.293
2024-07-27,10,10,34663.62,53885.288134654584,48119.52977571331,47470.12
2024-08-03,10,10,9126.25,53455.48959544143,48237.5256884389,46302.293
2024-08-10,10,10,20876.87,50045.510828470935,40988.493849305065,39842.945
2024-08-17,10,10,52767.43,38011.87473021976,39865.40553892684,38664.824
2024-08-24,10,10,58276.78,49587.202728287746,39377.862680671,40944.85
2024-08-31,10,10,41105.61,45458.545389157254,43568.48396511011,45369.31
2024-06-01,10,11,62915.62,55311.40724596274,52756.52005622819,50552.477
2024-06-08,10,11,69022.15,54728.440529726075,52572.80092046575,50059.863
2024-06-15,10,11,60725.87,47294.69203214699,48753.50661339126,48599.457
2024-06-22,10,11,58505.21,51667.64318134008,52781.36869558995,49385.23
2024-06-29,10,11,80770.45,48081.25019856191,51477.972441000136,49680.797
2024-07-06,10,11,86416.81,67139.82599880232,73739.23344631928,59672.41
2024-07-13,10,11,74679.08,59910.892902570915,52756.47182099647,45991.035
2024-07-20,10,11,30357.69,57731.89949654257,53054.76074161042,47496.723
2024-07-27,10,11,68915.47,62810.5665835334,53622.11046324701,49212.312
2024-08-03,10,11,56612.18,64194.49149359928,53139.00881431995,49707.32
2024-08-10,10,11,15684.99,66321.76293181514,52774.62495512125,48405.04
2024-08-17,10,11,33945.33,52505.44266829447,54885.20694070683,50519.18
2024-08-24,10,11,24687.62,60027.134477456195,52122.66838693194,50439.594
2024-08-31,10,11,75600.37,49982.97566787169,49631.10796832025,48062.53
2024-06-01,10,12,69188.02,55153.94809455719,53117.794118517566,48829.39
2024-06-08,10,12,38055.06,56525.32770356206,51727.6850181753,50917.395
2024-06-15,10,12,22150.99,52107.37821041015,52319.016458415565,50474.465
2024-06-22,10,12,68039.41,55010.402365415976,52179.5153354276,50981.855
2024-06-29,10,12,52432.91,53415.60637048074,53493.12893543011,51400.34
2024-07-06,10,12,68322.24,70646.75153878637,62829.829021572434,61175.242
2024-07-13,10,12,35621.67,59758.024794748206,53924.091266225136,51219.855
2024-07-20,10,12,80488.52,53537.648806287376,52531.42239709807,49892.547
2024-07-27,10,12,48890.13,56046.75606807382,51782.30863453974,49509.5
2024-08-03,10,12,56203.33,55439.40189759699,48633.284074312454,48772.332
2024-08-10,10,12,81057.62,59712.380581490135,52770.99828149013,50774.234
2024-08-17,10,12,22941.53,52327.31497010406,52634.36827890488,49087.645
2024-08-24,10,12,80943.05,58882.84899223662,51633.88001640364,51187.4
2024-08-31,10,12,26885.71,55882.12765129285,53043.04447346459,51869.9
2024-06-01,10,13,61560.29,54275.44484873169,53296.646571828416,52223.49
2024-06-08,10,13,62075.46,57049.489020671674,51962.41600982736,53406.31
2024-06-15,10,13,44390.38,51327.49442399505,55697.66507191218,52309.54
2024-06-22,10,13,71338.2,50963.8178371148,50414.27142165913,49567.48
2024-06-29,10,13,10986.81,50381.147021548146,51772.595095897894,49731.324
2024-07-06,10,13,85005.08,67864.11171856709,71271.69435360214,63960.11
2024-07-13,10,13,65096.69,58406.49287170871,52485.96694659518,52438.965
2024-07-20,10,13,18504.53,58415.58517164084,53200.12940712709,52462.56
2024-07-27,10,13,35596.78,57356.48117474613,50815.126777995865,50438.875
2024-08-03,10,13,84253.86,56240.982887342405,51843.31806606573,50144.645
2024-08-10,10,13,61609.65,61393.80276068215,50683.57265346824,50490.47
2024-08-17,10,13,12737.31,49993.450104958065,53275.026853830444,52457.203
2024-08-24,10,13,25005.7,55078.530266406255,50203.013593712116,52263.38
2024-08-31,10,13,55749.8,51777.6931623319,49980.87943293101,51318.895
2024-06-01,10,14,13256.51,57872.86533998003,54827.18122653223,53206.8
2024-06-08,10,14,92560.65,53874.959991988806,49659.944045596356,51490.793
2024-06-15,10,14,25839.88,49496.95310621551,48828.328132178176,52879.15
2024-06-22,10,14,72394.02,49362.25820314128,50140.81194084896,51500.492
2024-06-29,10,14,45318.94,47215.721194084144,47456.15936553634,50598.934
2024-07-06,10,14,36611.29,63748.85405266801,71688.09863700184,61379.945
2024-07-13,10,14,69779.25,52286.221500852225,47293.59487012547,49648.266
2024-07-20,10,14,57049.62,53203.83794444666,47600.995465785556,49472.312
2024-07-27,10,14,24961.98,54200.334502955135,48055.246020318045,48885.406
2024-08-03,10,14,84385.73,55906.78895951098,51734.573237428995,49766.066
2024-08-10,10,14,59108.21,60340.15104981622,50316.466826460855,51337.516
2024-08-17,10,14,86205.92,50755.90126583378,52394.996279741434,52040.645
2024-08-24,10,14,64929.26,60085.4136197916,54866.80818485862,53186.668
2024-08-31,10,14,31087.39,53765.96366492801,52916.02478688379,52826.023
2024-06-01,10,15,65204.71,59288.14667485575,52895.20465524242,54406.645
2024-06-08,10,15,11416.92,61146.32813455354,53937.14694047409,57041.48
2024-06-15,10,15,88247.77,53974.31774086365,57858.400295504645,56298.973
2024-06-22,10,15,22572.5,57848.56944393702,53022.23254602517,56632.367
2024-06-29,10,15,51922.78,53309.71395283368,54827.293792627475,56000.367
2024-07-06,10,15,56711.38,67976.9775041308,66833.72812315673,65747.25
2024-07-13,10,15,51463.42,56702.32896991574,51136.836352237726,55203.617
2024-07-20,10,15,25135.16,53356.158942562404,54444.73023450409,52973.1
2024-07-27,10,15,68734.99,51364.924271430216,46482.23362786106,48443.145
2024-08-03,10,15,88593.61,53230.7392301913,48868.397103651034,52084.234
2024-08-10,10,15,61698.3,62570.655598080564,53619.54847902734,54295.934
2024-08-17,10,15,43110.08,48716.042096320954,51572.4066217379,54040.805
2024-08-24,10,15,49606.41,57687.447350382914,52425.10168180588,52640.08
2024-08-31,10,15,18432.4,53012.71187204842,53174.22473031418,53608.004
2024-06-01,10,16,27563.32,56969.10826498815,53298.38236754431,53691.945
2024-06-08,10,16,33275.12,61243.40940021666,54401.26794121379,58190.11
2024-06-15,10,16,11407.5,56135.634888454944,54124.198714901715,55980.05
2024-06-22,10,16,48553.09,55924.60124559988,52759.959602111776,55240.527
2024-06-29,10,16,11142.95,50925.34932061099,58012.84725032979,57478.61
2024-07-06,10,16,16633.97,65060.3493925892,62857.70368711809,68016.06
2024-07-13,10,16,83986.33,50639.78949643761,49938.857510153146,52989.16
2024-07-20,10,16,18534.28,49447.112746055056,47717.65721293388,49196.902
2024-07-27,10,16,35673.41,46407.79896572198,45418.825458766085,49936.984
2024-08-03,10,16,97726.11,46703.46577847901,46300.268631498184,47958.074
2024-08-10,10,16,40731.07,56340.56035877347,49390.65781290396,52023.113
2024-08-17,10,16,93712.76,45327.05464048351,46741.244321419465,52687.49
2024-08-24,10,16,58017.53,56446.247195519325,53150.4741774665,53981.168
2024-08-31,10,16,65848.19,53791.81588315464,54636.46955809939,56408.938
2024-06-01,10,17,63704.07,56427.40919278739,57126.26421922698,57974.043
2024-06-08,10,17,15705.45,58837.26304276684,55680.87647654675,60227.652
2024-06-15,10,17,63103.28,46871.085848647606,51620.253872669535,56576.426
2024-06-22,10,17,91529.11,48360.34525491986,49558.973121280214,53348.004
2024-06-29,10,17,72060.13,51723.35010474714,51542.9927718235,57204.414
2024-07-06,10,17,67802.1,70026.43784334566,71611.14856288664,72320.01
2024-07-13,10,17,42831.25,53767.5408408436,51457.427447229835,52953.508
2024-07-20,10,17,17230.19,54650.9756818387,55624.28792515507,57273.656
2024-07-27,10,17,32950.65,57590.02837968524,56366.71583453773,58165.543
2024-08-03,10,17,38870.79,56325.25618507081,51530.303668965156,55467.168
2024-08-10,10,17,17870.37,59659.9747496524,50114.24804473013,55153.1
2024-08-17,10,17,41114.6,44755.29087957035,55134.594242307285,54811.266
2024-08-24,10,17,27510.06,49833.400420309445,53173.93613631011,51227.406
2024-08-31,10,17,78252.42,41269.41349915889,46140.55046450209,46394.258
2024-06-01,10,18,73743.16,51645.939913789865,59154.671912952625,59694.7
2024-06-08,10,18,69851.5,57579.37654644575,55225.40782202392,55964.906
2024-06-15,10,18,93213.48,53759.86959643009,65987.84347457472,57308.832
2024-06-22,10,18,63339.64,61118.212174831635,59740.05727804267,58788.74
2024-06-29,10,18,54980.36,62469.52168361302,63571.606571189055,58841.86
2024-07-06,10,18,43092.39,79415.42107898206,78019.74731152775,75948.664
2024-07-13,10,18,90485.32,66722.0182622548,56854.0019810806,59371.266
2024-07-20,10,18,82271.59,63090.61251932328,62096.24385457003,60032.254
2024-07-27,10,18,65397.55,65569.45240743304,62030.41909409221,60098.227
2024-08-03,10,18,55584.79,64598.650196845854,60802.42933149772,60056.562
2024-08-10,10,18,92917.94,66776.91408754699,61025.329270733644,57163.258
2024-08-17,10,18,99134.63,55974.77185447208,59627.79865046505,56214.26
2024-08-24,10,18,25937.82,67153.71684044585,59868.757404386306,59654.152
2024-08-31,10,18,60798.89,61614.39099603214,69938.9634755427,61615.72
2024-06-01,10,19,19289.92,61014.15482944142,54468.9161924457,57135.734
2024-06-08,10,19,91981.97,60127.99587364718,54655.39473136011,60629.83
2024-06-15,10,19,86451.98,55424.98850470663,55444.11081709258,58623.043
2024-06-22,10,19,45705.34,59042.346441761656,54755.39688159,58560.56
2024-06-29,10,19,20025.9,59693.810616294046,60659.62084163959,58217.668
2024-07-06,10,19,100340.72,73502.6487908889,66884.42857076916,76033.195
2024-07-13,10,19,65084.81,66588.87170264652,56278.320993722395,57518.85
2024-07-20,10,19,34646.51,59781.689857196056,55567.147150698744,60734.137
2024-07-27,10,19,34148.17,60226.2791038699,53961.93231627474,61340.37
2024-08-03,10,19,27293.0,62115.037159662366,54624.2478425826,60883.4
2024-08-10,10,19,99970.7,59319.51878634566,56752.09267513724,57325.203
2024-08-17,10,19,88783.09,51427.1771498541,64849.77739788276,57981.39
2024-08-24,10,19,41248.74,62426.06185860535,56151.985559062494,59082.51
2024-08-31,10,19,42053.69,56871.268679958164,57478.88636251059,59609.492
2024-06-01,10,20,56420.09,58422.16410367384,58694.63293780065,61360.727
2024-06-08,10,20,45950.51,58463.67782343215,56659.034186806806,60565.45
2024-06-15,10,20,32730.41,51086.42462640473,57943.748203308875,57793.684
2024-06-22,10,20,10490.38,52450.677333475636,53563.9760255656,58239.74
2024-06-29,10,20,43104.17,47906.69646486175,61054.19325890682,55237.914
2024-07-06,10,20,117995.34,61998.36771824347,52793.62464165065,66531.72
2024-07-13,10,20,13292.35,58327.97117863104,70514.08658392707,60381.56
2024-07-20,10,20,66810.82,54411.04959141918,69133.73833685102,57425.46
2024-07-27,10,20,41405.17,56374.752808557045,55509.90968280788,57019.24
2024-08-03,10,20,91713.93,57292.292909204065,60745.8978074395,59583.445
2024-08-10,10,20,56487.32,61064.99386689196,65685.71862387676,59029.562
2024-08-17,10,20,42242.19,49542.49332581674,58778.17873518066,63079.4
2024-08-24,10,20,12045.52,60355.03148175465,58269.081546526424,59799.52
2024-08-31,10,20,109309.63,55113.376706412084,58436.56331430765,62880.977
2024-06-01,11,1,35243.22,64282.12131971164,51602.24285737642,58175.434
2024-06-08,11,1,42048.85,62949.24207080274,46410.72563737817,55311.6
2024-06-15,11,1,53604.85,61293.97530190761,49728.47170383962,51899.105
2024-06-22,11,1,37633.92,66331.81990607386,44017.73574754972,55453.664
2024-06-29,11,1,53435.55,60068.179691316145,53574.19725283256,54286.895
2024-07-06,11,1,77729.83,78569.02967895853,73794.67533476748,69462.445
2024-07-13,11,1,99158.04,71877.8033640977,44608.27485902285,47545.902
2024-07-20,11,1,65116.2,74513.20462022349,48936.78210610091,46406.164
2024-07-27,11,1,24145.06,71994.27350511457,52472.990033530594,52325.273
2024-08-03,11,1,38713.34,77068.50318148723,54494.86641079643,52815.105
2024-08-10,11,1,12410.13,73722.72074103681,56921.71309489279,56596.78
2024-08-17,11,1,81974.44,72117.00431922186,55943.040289574696,59182.758
2024-08-24,11,1,23408.65,72154.49011858832,60429.338700891065,57122.207
2024-08-31,11,1,71336.61,72316.69860483313,53559.35148850698,58044.492
2024-06-01,11,2,15435.5,75410.20858303449,64222.103983422734,67909.29
2024-06-08,11,2,47474.84,68388.91534384704,63318.025606584466,66354.95
2024-06-15,11,2,79844.35,66028.39232671159,63964.93965569604,64421.47
2024-06-22,11,2,38782.63,74980.68720214529,62904.55992613147,61113.668
2024-06-29,11,2,78557.06,64520.816839626736,61874.152835944005,62509.953
2024-07-06,11,2,123197.5,82881.728177843,69390.67139703888,75601.56
2024-07-13,11,2,85775.19,81926.15275009509,61985.39481906735,63801.77
2024-07-20,11,2,83260.87,84938.6715958156,70144.24711809549,60472.332
2024-07-27,11,2,24883.41,77713.29191008501,57956.086302436284,54264.887
2024-08-03,11,2,77979.13,86197.68910020226,71423.37350264762,67306.98
2024-08-10,11,2,27832.19,82217.60268536498,69024.84185695168,66368.25
2024-08-17,11,2,71633.75,81931.77210630183,57856.496592860276,58487.26
2024-08-24,11,2,62136.66,79179.12309442961,71773.53887386461,64172.73
2024-08-31,11,2,23344.5,79763.46408037498,69086.65865124034,58303.36
2024-06-01,11,3,71638.13,72778.32154530191,62293.03451444534,60916.99
2024-06-08,11,3,10322.62,72715.32276280213,59473.073783717955,56038.77
2024-06-15,11,3,71588.29,67772.63097853138,63824.03231118477,62318.055
2024-06-22,11,3,96942.41,75844.31139396317,60211.648746096704,59566.633
2024-06-29,11,3,12022.6,72789.20830314502,61645.844209435905,58585.105
2024-07-06,11,3,62063.92,85849.76979021754,86888.85121572562,82292.64
2024-07-13,11,3,47185.81,75151.28812938501,64500.49504915817,62954.63
2024-07-20,11,3,14107.59,78049.1987233742,62178.845735767856,61017.434
2024-07-27,11,3,15956.03,68989.36247584873,64988.89595595361,69134.875
2024-08-03,11,3,93451.97,69430.16338280484,66371.61959220636,62665.14
2024-08-10,11,3,45651.16,72286.31432533363,65813.98921366723,62861.293
2024-08-17,11,3,107115.52,71260.13133604848,67495.85431116467,63508.004
2024-08-24,11,3,10279.61,68323.36512481509,65230.02284768898,63136.156
2024-08-31,11,3,90494.82,71800.06466168139,68409.54339514994,66661.305
2024-06-01,11,4,102217.5,63729.846404532385,68990.38713006013,65732.94
2024-06-08,11,4,12526.06,67100.06449144342,63278.10668528741,65142.363
2024-06-15,11,4,27595.27,67674.40348412425,66455.3955301088,64663.742
2024-06-22,11,4,79417.78,73305.68758809529,66320.27426352614,67401.75
2024-06-29,11,4,41478.73,68625.1761616504,67222.75887295011,64302.703
2024-07-06,11,4,87143.64,83057.34792681839,72921.98691896422,81679.195
2024-07-13,11,4,91874.63,76659.16227605773,67860.48242505411,62217.516
2024-07-20,11,4,53477.21,77509.33318209389,67695.95739520444,61950.14
2024-07-27,11,4,73556.12,74804.62350017717,68016.06637890232,66808.586
2024-08-03,11,4,18456.29,75758.41930373752,67489.28023726399,60395.855
2024-08-10,11,4,56036.75,74723.45329739832,68338.62094608438,66482.57
2024-08-17,11,4,71212.44,77464.43447744267,69370.51118868386,66563.58
2024-08-24,11,4,47073.12,73989.0218148565,68585.59036981824,65380.91
2024-08-31,11,4,26687.63,75350.33353033842,69036.70214731376,67853.37
2024-06-01,11,5,44514.67,67922.6460385152,65907.864528939,67820.6
2024-06-08,11,5,122598.49,68298.27122424022,66163.87663830766,62668.98
2024-06-15,11,5,123818.46,75884.63482753912,72847.33399162345,65485.0
2024-06-22,11,5,106952.5,84432.39852435305,76180.52345045877,73840.59
2024-06-29,11,5,112869.46,81162.5074358324,75678.24184583989,71785.95
2024-07-06,11,5,87647.97,99702.95126278923,98586.02647406234,91348.266
2024-07-13,11,5,17292.25,91637.74198688223,76109.28966666956,68491.75
2024-07-20,11,5,29334.1,93454.26143641752,76869.91734231233,70701.28
2024-07-27,11,5,13192.6,91034.61513734757,77146.08665813756,67606.76
2024-08-03,11,5,100804.29,91070.03336036799,78801.3480091116,71182.02
2024-08-10,11,5,18424.35,84938.330277932,78392.42058216782,77609.17
2024-08-17,11,5,110802.82,79076.36187455984,73193.31152099681,74258.234
2024-08-24,11,5,89131.5,76330.57181075681,70694.94801258085,65147.3
2024-08-31,11,5,101128.5,75883.8061834471,74143.19464453876,67087.4
2024-06-01,11,6,85811.28,77530.59393066211,75243.07897075446,72136.39
2024-06-08,11,6,23542.06,77138.32000378592,75366.49345097235,71131.56
2024-06-15,11,6,102388.45,78811.16884734118,77263.39246320378,75054.33
2024-06-22,11,6,87091.93,85609.66948853375,75842.80979764862,73527.41
2024-06-29,11,6,69588.93,80734.87874591499,75808.09921365231,71286.02
2024-07-06,11,6,27389.71,94168.28045816184,87068.89244812627,104314.58
2024-07-13,11,6,52624.29,81887.66148704503,70103.65567313603,70415.32
2024-07-20,11,6,123482.86,81335.97144891295,69837.36896840658,70544.8
2024-07-27,11,6,107680.56,84203.81650499019,77198.26068723155,76523.43
2024-08-03,11,6,24974.91,88206.7595392869,77563.68687454455,74650.28
2024-08-10,11,6,126984.83,83136.46876678272,78810.21086563058,73181.336
2024-08-17,11,6,124830.55,88372.56803938461,78899.70320515828,63853.188
2024-08-24,11,6,49823.82,87086.54198535846,78831.0751572122,71892.14
2024-08-31,11,6,82827.19,87859.03082061265,80594.03323165515,74928.89
2024-06-01,11,7,27132.07,85023.29063947027,77782.21281942479,77301.805
2024-06-08,11,7,40325.25,77087.94505020083,76029.69424636144,77113.54
2024-06-15,11,7,93649.57,75910.86813200577,71462.42362036831,69477.74
2024-06-22,11,7,124423.51,84447.13480928619,74045.6933047289,72898.984
2024-06-29,11,7,129123.05,82988.15241778776,76418.26415918194,75322.78
2024-07-06,11,7,75574.48,105826.83502261134,93769.50478606792,98904.13
2024-07-13,11,7,60234.22,90750.85071123921,78030.144618519,69633.375
2024-07-20,11,7,131527.59,90351.90655950108,75089.96658799244,68374.48
2024-07-27,11,7,50497.78,90515.93757170203,79988.08931362737,69841.94
2024-08-03,11,7,75366.04,94907.95189617254,79517.38384315855,71387.125
2024-08-10,11,7,96496.75,92329.93141721206,80423.03613695184,69475.45
2024-08-17,11,7,31334.15,95177.20638772994,80288.92380840969,69047.016
2024-08-24,11,7,27649.53,83539.36292717638,76685.06176287925,72828.97
2024-08-31,11,7,53526.41,81112.87446230219,70284.3319127005,69291.37
2024-06-01,11,8,41797.88,86789.01042375356,78326.4155153659,79975.664
2024-06-08,11,8,29386.96,79538.58084011191,76246.15098923499,77892.62
2024-06-15,11,8,118749.5,76598.62762670656,71366.8015041994,76827.38
2024-06-22,11,8,63405.54,86393.03736601828,77352.80399048177,79345.766
2024-06-29,11,8,45694.0,79731.00411375499,78483.36540110242,81636.78
2024-07-06,11,8,92551.54,91141.83322688777,79386.91389378412,100281.74
2024-07-13,11,8,13145.78,83652.50266891415,69994.3455095611,72999.445
2024-07-20,11,8,128900.55,82134.05374150167,71560.18863280374,77979.34
2024-07-27,11,8,55688.44,82800.84495698404,74815.32425826215,77386.984
2024-08-03,11,8,55114.94,86944.6353772828,75411.10126335225,74916.94
2024-08-10,11,8,28756.19,82378.33444859213,77978.88855425404,79985.89
2024-08-17,11,8,98832.3,79536.20581513684,74028.1889490013,74234.29
2024-08-24,11,8,85996.82,75840.50475636648,69810.39183042358,71852.9
2024-08-31,11,8,84609.97,80730.55798920456,75224.86781272157,76733.2
2024-06-01,11,9,102608.2,86551.69539419893,86442.49560536064,84680.53
2024-06-08,11,9,80855.16,90755.04691405108,84289.67733871605,80389.73
2024-06-15,11,9,136445.5,94638.66048715927,82290.20888888757,78499.055
2024-06-22,11,9,124958.13,102933.50099126564,88643.48469922227,84741.15
2024-06-29,11,9,123875.37,96989.57888511065,87864.0652747247,83281.31
2024-07-06,11,9,47921.07,113633.41178876287,92148.76019177685,96947.55
2024-07-13,11,9,139396.19,101523.23723829174,81485.08613739809,79636.94
2024-07-20,11,9,80764.99,102337.28553112634,82005.10980586532,78460.266
2024-07-27,11,9,114007.26,101389.76307181158,86916.53813380183,81420.16
2024-08-03,11,9,53143.56,104100.78589111581,88170.55920933958,83655.195
2024-08-10,11,9,118918.89,98106.01770533531,82805.08516885104,78897.64
2024-08-17,11,9,99965.05,97685.19054168879,80774.59476504632,78667.336
2024-08-24,11,9,140923.72,92222.49933542582,80574.72584254462,77776.24
2024-08-31,11,9,122392.33,96217.3727468634,82531.1082306626,81078.28
2024-06-01,11,10,140419.48,78323.02025840108,76199.16066771644,82020.8
2024-06-08,11,10,114885.52,86413.92028586034,83213.0789204268,82036.82
2024-06-15,11,10,92851.42,90116.91667599793,84805.47258888578,84661.88
2024-06-22,11,10,36899.13,98251.491529464,81630.7192362082,82796.21
2024-06-29,11,10,15130.83,87518.97418454645,82733.90651537181,80847.68
2024-07-06,11,10,172578.61,101227.49485214427,83158.66999537499,98683.72
2024-07-13,11,10,77076.58,100309.66774705611,82431.62293947686,84632.664
2024-07-20,11,10,117652.61,99580.41972763088,85062.27115967225,87494.87
2024-07-27,11,10,27121.86,98499.87328234108,87664.71298063565,86621.01
2024-08-03,11,10,33597.17,95337.59501702734,82060.8754967154,80086.96
2024-08-10,11,10,56946.52,82658.11877494465,77194.92966693296,82160.47
2024-08-17,11,10,133465.01,83911.32173459016,71969.04423809831,76095.44
2024-08-24,11,10,69900.23,86856.1732492891,78269.72274634383,80914.15
2024-08-31,11,10,83647.28,90157.9140985669,83554.81584860467,83256.62
2024-06-01,11,11,15606.89,96718.12189704168,88262.40946343089,87480.51
2024-06-08,11,11,23970.01,84516.2168483893,83967.52137808909,91174.3
2024-06-15,11,11,97783.93,83150.06780617291,81397.70711338265,87592.25
2024-06-22,11,11,109477.93,92201.33074863564,80142.19018989507,79608.586
2024-06-29,11,11,13426.96,81485.46881655592,78931.48665699609,86640.51
2024-07-06,11,11,131731.29,91554.67510132809,82834.99137550837,95365.945
2024-07-13,11,11,155429.85,90854.776684457,81158.93101833604,82986.766
2024-07-20,11,11,145942.32,98071.40330794262,87715.21762461685,84835.73
2024-07-27,11,11,89111.14,92819.24759864618,89959.3049436395,90851.555
2024-08-03,11,11,110513.04,95636.03700102426,84848.86887491621,83748.34
2024-08-10,11,11,67002.25,98106.8700749896,86147.02888889144,87775.4
2024-08-17,11,11,61498.99,99606.23702870362,85280.44835221095,81662.04
2024-08-24,11,11,145348.88,91637.08908787943,81243.49368464663,84582.71
2024-08-31,11,11,81632.51,105895.2191701286,93040.00343608239,88024.38
2024-06-01,11,12,109351.16,81956.64143190294,75597.33155902765,81905.35
2024-06-08,11,12,100871.97,82455.84047170874,78790.67669306816,80271.375
2024-06-15,11,12,16823.15,82439.5976993478,78542.11019889615,83208.24
2024-06-22,11,12,67667.07,90388.82963740805,78068.26823074064,83812.67
2024-06-29,11,12,33753.29,84086.0067060024,77644.23195905233,81410.125
2024-07-06,11,12,79846.96,97378.65107173158,79992.73142173809,112245.62
2024-07-13,11,12,55020.09,85454.55645228695,76412.4136206616,87898.695
2024-07-20,11,12,143544.48,82651.44455547506,72654.87783559364,80724.32
2024-07-27,11,12,68587.77,86289.88635843512,80964.97960851775,87386.5
2024-08-03,11,12,58541.71,84845.94023202284,76637.2640123695,82431.99
2024-08-10,11,12,24142.91,77856.01899038412,78296.17950252355,83968.9
2024-08-17,11,12,72179.61,83825.74825420883,81635.9294906907,78409.62
2024-08-24,11,12,148617.72,76279.61365798535,72463.52995136751,78759.234
2024-08-31,11,12,45031.0,90701.49501782304,82663.2431430444,84495.734
2024-06-01,11,13,122635.04,97371.28844375187,90831.94702518418,92936.74
2024-06-08,11,13,68314.38,96274.410980391,88729.90462731119,89159.27
2024-06-15,11,13,77874.03,101321.93682248652,89559.44831360997,86590.51
2024-06-22,11,13,94882.44,102562.48779602358,87665.65118157952,88062.15
2024-06-29,11,13,54176.95,95323.70867025209,85726.43496892117,86617.43
2024-07-06,11,13,209588.09,108086.13489054455,99468.22420185593,114648.7
2024-07-13,11,13,165022.98,109017.41418417598,88327.84975309244,88466.32
2024-07-20,11,13,96539.79,109173.59117048228,90755.51111614304,88546.45
2024-07-27,11,13,29351.7,105417.83392839524,92002.5612219096,89515.266
2024-08-03,11,13,91873.19,107126.33307280936,84061.63440504827,94082.15
2024-08-10,11,13,79108.41,102267.71354800789,89340.81846204173,89345.586
2024-08-17,11,13,21053.85,100496.71002740401,83971.89125679233,81700.45
2024-08-24,11,13,117058.91,92039.79726563589,84005.95612139293,88629.914
2024-08-31,11,13,70298.63,99636.19844737413,85417.02227845644,85516.875
2024-06-01,11,14,109582.41,103642.16062363735,94535.99729906833,90274.53
2024-06-08,11,14,92517.09,103986.1797475745,95205.8257182098,87000.08
2024-06-15,11,14,95415.5,96578.33164393296,90794.45070317302,92224.06
2024-06-22,11,14,131777.2,100589.85546938604,88822.99931348546,87475.59
2024-06-29,11,14,21022.62,95603.99204925646,87440.06719677581,91513.46
2024-07-06,11,14,111078.31,111271.61798942302,105610.63476522268,119038.63
2024-07-13,11,14,112088.36,99004.78890551036,86496.65201934542,94393.24
2024-07-20,11,14,37987.9,103710.94268300562,86378.00658269339,89301.31
2024-07-27,11,14,61684.45,93085.22784966408,86650.29067743545,92303.38
2024-08-03,11,14,16637.51,92550.52841606931,83892.11855900433,84509.22
2024-08-10,11,14,26637.59,84660.21362690287,81473.99756401838,93798.31
2024-08-17,11,14,136522.86,78390.29655855376,73219.80638902306,88046.24
2024-08-24,11,14,25454.74,80900.4268560961,78886.13792605401,92997.29
2024-08-31,11,14,97185.21,82479.65837651386,75114.5910308022,92768.195
2024-06-01,11,15,85087.48,84412.35161099641,91703.1010564155,93297.85
2024-06-08,11,15,58482.17,80880.0815589279,80058.40431115581,84026.0
2024-06-15,11,15,53249.59,84862.45806207572,79584.45276490164,88500.9
2024-06-22,11,15,107640.49,87697.29257420858,88636.84702928764,89859.45
2024-06-29,11,15,49492.03,81102.95491290736,90428.25576825174,90627.836
2024-07-06,11,15,60371.54,100694.26540776217,107883.83587626828,113074.22
2024-07-13,11,15,83226.97,87508.03919449978,89559.4734120724,89946.56
2024-07-20,11,15,164514.81,87484.49590516742,90335.62445629938,87351.99
2024-07-27,11,15,118250.98,90683.58622196253,89092.7288824516,92406.88
2024-08-03,11,15,114199.06,93681.17119931223,83395.92352221369,91487.04
2024-08-10,11,15,126713.61,90402.47398575756,83367.0219876208,85405.69
2024-08-17,11,15,58527.93,96708.50322756244,86014.20994206573,89931.28
2024-08-24,11,15,122361.93,91657.52594077538,82871.7056298273,87083.76
2024-08-31,11,15,33498.42,99965.73542855188,89414.05660649786,89998.73
2024-06-01,11,16,182890.64,105100.86554098487,95755.61668420944,99515.375
2024-06-08,11,16,161782.46,108699.39382961777,98487.23886931455,90599.79
2024-06-15,11,16,76178.29,114347.12336118496,97819.1515225039,99595.164
2024-06-22,11,16,139077.72,118656.11934639208,100542.76180873963,91820.49
2024-06-29,11,16,163349.22,112714.4181308127,97492.33555632258,97336.96
2024-07-06,11,16,122787.02,130435.02234970531,110639.4958511221,124830.27
2024-07-13,11,16,156476.91,118579.26581548213,101785.798994525,107375.14
2024-07-20,11,16,154455.99,121764.09855439991,99444.07622306938,105609.79
2024-07-27,11,16,127728.37,117184.80290320216,98851.10232031062,97748.664
2024-08-03,11,16,130117.8,116101.88953118093,102137.69863205492,100602.57
2024-08-10,11,16,73430.73,109898.33719926886,99713.13956271704,104771.13
2024-08-17,11,16,172859.89,115659.64986983308,100592.04795940436,99840.39
2024-08-24,11,16,115484.43,115279.59190903118,99050.49628053758,102723.66
2024-08-31,11,16,136102.08,114546.4127661543,101462.00470138428,103108.37
2024-06-01,11,17,63285.74,89460.0183791598,87309.86285733951,102225.34
2024-06-08,11,17,94695.95,82435.97556688744,82462.62277996266,103095.91
2024-06-15,11,17,79643.75,89005.65159468664,101999.77217650379,108442.77
2024-06-22,11,17,21978.11,88078.03472130324,79743.59666273052,102253.875
2024-06-29,11,17,175680.1,75072.9868581708,72854.7183339146,96073.81
2024-07-06,11,17,106599.47,99760.5767695852,100775.6806186733,124503.48
2024-07-13,11,17,110323.61,92518.67604080989,92212.21347672965,99007.43
2024-07-20,11,17,85764.36,96563.26187937654,93075.8645787607,98828.33
2024-07-27,11,17,37659.07,93561.39481142291,96639.30680889988,98014.79
2024-08-03,11,17,26485.91,94734.98681327605,88922.58186683945,99875.49
2024-08-10,11,17,67402.22,87934.58198763907,83438.79405519772,104551.96
2024-08-17,11,17,131539.09,88202.23702379828,80083.41961289535,95539.586
2024-08-24,11,17,117261.21,93306.91229735562,100271.28175683384,101783.64
2024-08-31,11,17,172089.13,90330.3248661136,98297.34186251901,106902.445
2024-06-01,11,18,99983.49,103359.19791045206,105797.58191975366,112023.734
2024-06-08,11,18,44926.17,95745.89841005267,104023.0935877793,112905.76
2024-06-15,11,18,82240.28,95345.01965084011,115985.62599476232,115765.68
2024-06-22,11,18,87976.01,94407.41847584091,102600.40712016623,102857.484
2024-06-29,11,18,37347.78,83713.8927296662,103930.67780077917,97759.9
2024-07-06,11,18,81433.86,96881.10899553803,85011.47294902462,143704.06
2024-07-13,11,18,164836.76,87721.19803042733,112191.81189351817,109381.836
2024-07-20,11,18,99586.02,97505.52932234653,92927.34964889666,103258.72
2024-07-27,11,18,184972.0,91907.09674571411,91760.3129931957,106800.75
2024-08-03,11,18,111880.3,99722.03464967446,99528.10467987474,94640.67
2024-08-10,11,18,132726.24,98618.91364112598,107620.8412239068,112723.664
2024-08-17,11,18,75903.81,103171.6440898444,108382.88719988038,103966.164
2024-08-24,11,18,76948.11,101970.07790314822,109067.55573243076,111202.586
2024-08-31,11,18,158288.08,104911.10085689326,117067.57967470202,109406.77
2024-06-01,11,19,141177.96,86997.96153814046,96200.23282788838,104633.78
2024-06-08,11,19,163034.59,95992.70463077372,98741.56956102484,106180.09
2024-06-15,11,19,193381.09,98081.6080402665,99679.00101863086,102567.555
2024-06-22,11,19,193085.43,102609.83938085151,101186.23514257828,103468.94
2024-06-29,11,19,74860.97,96358.32306273119,103456.83985144255,103259.68
2024-07-06,11,19,69822.08,120716.30775995628,145702.2571365352,137035.73
2024-07-13,11,19,110099.63,114647.7625272981,109624.7108500152,110824.36
2024-07-20,11,19,199564.64,120094.11867191445,110434.11278487704,107513.945
2024-07-27,11,19,50432.51,124872.35716307786,109585.65128978812,95935.58
2024-08-03,11,19,148680.48,121473.44250688047,116593.80912331483,98657.805
2024-08-10,11,19,143842.07,115275.95796943904,111283.528132551,107437.63
2024-08-17,11,19,167947.42,114956.20429112419,109421.99255067031,99705.85
2024-08-24,11,19,155398.31,106187.196752371,113206.00557904484,107003.5
2024-08-31,11,19,106505.7,107552.74515252939,112914.6792611785,111281.914
2024-06-01,11,20,16956.32,111166.9329565216,108915.34842012422,118059.73
2024-06-08,11,20,159917.86,102974.26456159196,103771.69195496745,105768.46
2024-06-15,11,20,128672.66,107638.46108506611,100640.53519272862,107323.52
2024-06-22,11,20,161800.64,106613.90367291763,104678.11002199572,110999.38
2024-06-29,11,20,132902.41,101822.11465408033,109252.83854313142,114127.45
2024-07-06,11,20,63425.02,115389.38660291373,108709.98801152124,144392.88
2024-07-13,11,20,96539.88,107305.97693281755,103211.44656050755,104564.0
2024-07-20,11,20,131310.01,102623.02396587699,101426.6096309579,97307.445
2024-07-27,11,20,143058.13,104371.7028823022,113659.61347787062,108020.055
2024-08-03,11,20,43868.46,114613.90001353493,111605.14943925918,115727.47
2024-08-10,11,20,138415.93,103424.41355396813,114135.64761456357,113103.43
2024-08-17,11,20,172375.75,107285.3027674623,115359.08070267292,114230.44
2024-08-24,11,20,184853.47,105641.42809354127,114910.63202510992,108246.234
2024-08-31,11,20,18514.16,110767.36583991486,127870.63478933707,109255.875
2024-06-01,12,1,10176.44,1680.7924852819597,8011.292069327666,6055.0
2024-06-08,12,1,7588.65,8992.010209308679,9006.115439140473,6398.835
2024-06-15,12,1,12226.71,-1464.544783495052,8765.545130812732,6568.6167
2024-06-22,12,1,13055.14,390.9998068199893,9229.795809180627,7010.8184
2024-06-29,12,1,12084.61,10254.598455724612,9142.753429146745,6915.4355
2024-07-06,12,1,2234.09,14497.552440457279,13178.450657762502,9339.439
2024-07-13,12,1,1199.5,5275.432573717451,9595.093501331545,7334.3975
2024-07-20,12,1,2621.83,10009.93557511592,8819.392532350597,7005.991
2024-07-27,12,1,7317.03,8303.703032560501,8278.605824359025,6256.7886
2024-08-03,12,1,2255.22,13763.765991560584,7072.256114431622,5960.0933
2024-08-10,12,1,2836.2,9705.707669035452,7498.13901487911,5800.342
2024-08-17,12,1,10737.89,4936.166445466093,7070.2384613145705,5773.822
2024-08-24,12,1,5760.26,13552.725002523417,7456.974166299341,5797.305
2024-08-31,12,1,12752.02,7134.79761201646,7310.5265163894965,6186.3174
2024-06-01,12,2,8537.72,101.1849501349825,7323.375648366107,5967.0566
2024-06-08,12,2,10701.19,7622.35221333108,7126.461248775661,5819.3135
2024-06-15,12,2,3054.7,-2762.132612899599,8409.332991818117,5863.9087
2024-06-22,12,2,12153.75,-831.2356756565569,7668.048086298126,6006.045
2024-06-29,12,2,6210.92,9676.85940003745,7402.902714713165,5945.8447
2024-07-06,12,2,2246.66,14003.082868276131,9139.813610669726,8713.804
2024-07-13,12,2,13127.57,4213.176284406858,7506.6843767834835,5847.948
2024-07-20,12,2,8758.68,9381.919016536118,9002.874117104157,6426.4277
2024-07-27,12,2,7250.31,8167.279490523044,8871.167088749444,6497.564
2024-08-03,12,2,5509.78,14033.713356317407,9011.213553530453,6634.3135
2024-08-10,12,2,11438.91,10078.906865053148,7953.797372436933,6089.9404
2024-08-17,12,2,12701.71,6450.252394764142,9017.595410040081,6728.352
2024-08-24,12,2,13469.03,15065.196170450941,9219.032187006123,6729.1133
2024-08-31,12,2,8881.73,9601.72125539534,9893.544544567661,7873.841
2024-06-01,12,3,4576.69,-284.62260614121624,7351.998214066961,5966.124
2024-06-08,12,3,4432.58,6708.522526393659,6957.775781190102,5863.198
2024-06-15,12,3,9435.94,-3725.490428241066,7794.257798966333,6108.682
2024-06-22,12,3,12696.44,-1296.9136627135376,8285.564733576028,5846.3433
2024-06-29,12,3,4276.99,8931.180452092394,7240.669741977745,5900.3066
2024-07-06,12,3,8139.06,13130.128916043272,10200.694534048602,8305.925
2024-07-13,12,3,1864.99,3583.3872326123055,7492.261628311596,5833.432
2024-07-20,12,3,12264.16,8404.718237390312,7964.976522397923,5833.432
2024-07-27,12,3,5178.71,7753.760601215239,8488.642397592042,6233.673
2024-08-03,12,3,4896.44,13876.740057486539,7533.493431016598,6159.9697
2024-08-10,12,3,6164.19,10225.228580445291,7756.612192071377,5922.856
2024-08-17,12,3,10057.88,5924.493852193154,7724.968935266494,5865.315
2024-08-24,12,3,3824.08,14034.951163705231,7619.655705735666,5863.222
2024-08-31,12,3,1485.0,8120.617098123967,7673.086988935358,6203.023
2024-06-01,12,4,2940.56,1596.631182116238,8931.352172096367,6992.664
2024-06-08,12,4,10219.67,8748.78185832972,7957.015751941417,6317.5938
2024-06-15,12,4,1795.41,-1252.6932235210625,8984.066440783245,7249.031
2024-06-22,12,4,7018.42,361.63155627231026,8625.137163482272,7444.3965
2024-06-29,12,4,10212.28,9659.900054890753,7056.278291092125,6062.505
2024-07-06,12,4,5669.63,14460.25393997498,10891.46851107144,9721.115
2024-07-13,12,4,2071.9,4612.04511268868,9036.466343496948,7028.244
2024-07-20,12,4,4149.64,8504.087769722824,7788.699350833826,6401.115
2024-07-27,12,4,6371.66,6759.137888575937,7626.645903120657,6690.91
2024-08-03,12,4,15166.86,12814.387843375054,7323.955252989897,6370.492
2024-08-10,12,4,9920.52,10073.126441072316,8388.911521331787,6880.3047
2024-08-17,12,4,1945.79,6250.590328576556,7626.812973990216,6722.685
2024-08-24,12,4,11915.38,14517.481477076468,7836.726139624192,6776.379
2024-08-31,12,4,6082.44,8966.096107187645,9021.737991063976,7027.4326
2024-06-01,12,5,8462.04,2391.999251683006,9031.306492565533,7588.6777
2024-06-08,12,5,10275.06,8984.716828349829,9290.798600945705,7185.6855
2024-06-15,12,5,8739.87,-1234.4265080990517,9174.07641401794,7594.4614
2024-06-22,12,5,7697.97,542.3490148015117,9440.866751248072,7866.5293
2024-06-29,12,5,6241.26,9697.821479870952,9212.831522256729,7350.116
2024-07-06,12,5,11153.19,14393.908795231426,13153.0030221501,10916.393
2024-07-13,12,5,6597.2,4999.288252214759,9092.556583979369,7723.6855
2024-07-20,12,5,13072.95,9453.862900769222,8938.114353682457,7514.3877
2024-07-27,12,5,11741.37,8408.312227110087,9250.617245757663,7360.2954
2024-08-03,12,5,13896.56,14623.538081551455,9628.884307496868,8016.0723
2024-08-10,12,5,9188.61,11248.799114510428,9908.314790722634,7864.5156
2024-08-17,12,5,8147.69,7082.139488016863,10110.683853815577,7857.2915
2024-08-24,12,5,3552.58,15770.060093393593,9984.55571493439,7894.3057
2024-08-31,12,5,10047.98,10116.181604367888,10312.122098400958,8136.0625
2024-06-01,12,6,14983.82,2288.8643442695793,8953.969633278906,7659.526
2024-06-08,12,6,6491.45,9247.151029107481,9845.702364205663,7589.985
2024-06-15,12,6,7598.93,-1232.2879233823624,8989.720640456851,7491.585
2024-06-22,12,6,4484.23,845.2928730092208,9472.89208643981,7782.2505
2024-06-29,12,6,7254.45,10861.810709367,9229.007338000505,7407.027
2024-07-06,12,6,17324.08,14356.443200997597,11832.12722024679,10305.46
2024-07-13,12,6,14184.45,6366.555041071726,11063.103470467124,8698.46
2024-07-20,12,6,6056.55,10926.077157563057,10798.013053601106,8878.626
2024-07-27,12,6,11039.31,8937.60452724485,10212.668483934138,8452.915
2024-08-03,12,6,12673.74,14897.208451907853,9712.014807799913,8396.514
2024-08-10,12,6,2226.02,11582.938606369404,10023.625879303614,8479.532
2024-08-17,12,6,1690.52,7341.061823248492,9884.059309192153,8117.5215
2024-08-24,12,6,4780.63,15981.487686675646,9059.600653658352,8436.82
2024-08-31,12,6,3141.34,9954.226098468705,9767.24417201723,8385.212
2024-06-01,12,7,5808.11,596.570197201574,7756.032853368524,7026.745
2024-06-08,12,7,9473.95,7831.782936237094,7250.331911499526,6882.084
2024-06-15,12,7,12775.31,-2088.3580092152642,8855.516166631965,6622.6655
2024-06-22,12,7,7358.99,253.5858844970753,9250.790647174334,7592.494
2024-06-29,12,7,3620.39,9785.393388700246,8842.915551137483,7546.3203
2024-07-06,12,7,20214.07,14054.518348504982,9897.725404918503,10027.262
2024-07-13,12,7,2804.97,6060.142970305427,10651.132424538986,8638.027
2024-07-20,12,7,7848.11,10135.710841955057,9477.82143681305,8567.512
2024-07-27,12,7,11114.44,8964.14857341476,10012.999277588095,8845.245
2024-08-03,12,7,16083.93,15547.524635669222,10395.646621463697,9030.044
2024-08-10,12,7,15908.0,11885.737839882167,11033.81276627546,9133.183
2024-08-17,12,7,16915.53,7669.551351285303,11083.097260009532,8540.9375
2024-08-24,12,7,3472.56,16540.36952890853,11556.341929148099,9442.964
2024-08-31,12,7,7842.16,11316.582799995049,12005.952423066843,10025.825
2024-06-01,12,8,6909.71,2750.8599224654536,9529.435844614838,9319.523
2024-06-08,12,8,17941.51,9333.366221689233,9325.985471086018,8321.305
2024-06-15,12,8,9983.83,-165.95544062265253,10673.208418055545,9226.689
2024-06-22,12,8,11942.61,1594.952562926872,11103.019465289708,9538.092
2024-06-29,12,8,15120.32,10972.005930694035,10282.727078333764,9027.899
2024-07-06,12,8,7437.57,16030.213659644425,16162.935482678147,14409.66
2024-07-13,12,8,16929.96,5987.181870888431,10571.32083667333,9188.693
2024-07-20,12,8,13974.94,11117.86489290839,11376.30933277887,9802.671
2024-07-27,12,8,14842.2,10393.68021541807,11566.13490765492,9780.339
2024-08-03,12,8,16711.02,16840.40052682194,11712.683925865766,10131.336
2024-08-10,12,8,16457.14,12815.976298501027,11342.429724982025,9915.651
2024-08-17,12,8,12810.59,9138.391719648342,12246.457933934573,10709.891
2024-08-24,12,8,17043.97,17769.12845053601,11832.193929368597,11090.139
2024-08-31,12,8,8981.98,12137.211589029848,11989.035111729183,10988.663
2024-06-01,12,9,13946.27,3866.1639061181268,11941.218379084838,10834.18
2024-06-08,12,9,13637.8,11319.420838365473,11400.113757403647,10663.276
2024-06-15,12,9,9926.93,1148.03067046676,11658.225971423066,10646.942
2024-06-22,12,9,16094.78,2283.1900181843885,11379.228353470196,10533.36
2024-06-29,12,9,15027.73,11717.283461309878,11215.295049920056,10363.896
2024-07-06,12,9,16152.68,16744.56712252277,15841.579317034795,15304.74
2024-07-13,12,9,5394.43,7206.137896054006,11402.790436606005,10549.174
2024-07-20,12,9,15772.55,11452.297315769836,12002.263473010016,10691.911
2024-07-27,12,9,10831.19,10964.355060277332,11920.315239735392,10782.56
2024-08-03,12,9,4973.8,16895.85036950407,11955.553973981996,11024.0625
2024-08-10,12,9,6693.2,12668.054658855654,11895.777975833253,10776.167
2024-08-17,12,9,1821.15,8524.52252604008,11817.640634359002,10529.123
2024-08-24,12,9,9746.36,15975.632911164139,9537.336022958298,9572.058
2024-08-31,12,9,16745.52,9616.021733287409,9661.112099568396,9535.783
2024-06-01,12,10,7746.03,3431.284207034736,10412.262065745135,10125.524
2024-06-08,12,10,9577.9,10560.41440090545,10572.36813528922,9846.72
2024-06-15,12,10,12806.72,-234.06126310411491,10542.111921263568,9746.129
2024-06-22,12,10,2654.3,1570.4683263217012,10707.278049431476,9969.034
2024-06-29,12,10,13041.81,10571.387171281589,9354.63879645129,9371.961
2024-07-06,12,10,5677.51,14699.86386285083,12396.008063288207,12041.612
2024-07-13,12,10,2485.52,4777.689543439996,8483.16666622089,8602.008
2024-07-20,12,10,7024.45,9217.583315900985,8034.07196161671,8602.008
2024-07-27,12,10,7007.04,8057.435023255875,8377.345841249407,8243.188
2024-08-03,12,10,7722.81,13689.297401032745,7581.442376223242,8400.436
2024-08-10,12,10,3993.61,9897.713723424778,7740.844855581577,8265.5205
2024-08-17,12,10,18870.44,5191.34277287107,7231.5888916208105,8149.5776
2024-08-24,12,10,16629.13,15477.874693660662,10116.575306715189,9232.11
2024-08-31,12,10,11835.55,9786.582638650114,10820.743460413076,9489.796
2024-06-01,12,11,17880.37,3194.779900082849,10679.82179622885,10466.887
2024-06-08,12,11,14826.3,10605.968575865212,10856.649965858185,10445.301
2024-06-15,12,11,14700.12,574.7678532291102,11474.809033670212,11376.294
2024-06-22,12,11,19257.97,2489.7581124951794,11788.91447830921,11283.863
2024-06-29,12,11,8738.67,11610.77081630578,11798.825969344585,10623.257
2024-07-06,12,11,16154.16,16537.015035812918,16513.83199592905,15510.971
2024-07-13,12,11,12142.69,7593.657461302981,11736.477677664094,10747.852
2024-07-20,12,11,5757.0,12277.767506129821,12136.280080604633,10984.838
2024-07-27,12,11,12707.1,11043.942781289126,12138.157371421235,11087.124
2024-08-03,12,11,2554.47,16922.355311475214,11856.380453693935,11284.778
2024-08-10,12,11,3545.46,12665.85564541039,11852.533905491968,11292.601
2024-08-17,12,11,8595.13,7786.243213688431,10980.019199657667,10129.091
2024-08-24,12,11,2703.12,15751.930489496284,9532.879119204048,9748.982
2024-08-31,12,11,11843.96,9029.577832944935,9517.999511472439,9572.72
2024-06-01,12,12,18385.6,4448.036045556659,11384.230993688296,11610.678
2024-06-08,12,12,9091.27,12160.129451719251,11599.216137442449,12061.941
2024-06-15,12,12,14188.93,1216.0463852767498,11627.456204450646,12124.929
2024-06-22,12,12,6391.55,2410.738233905835,11336.902624137663,11804.145
2024-06-29,12,12,20389.74,12123.230160308609,11803.724520222082,11881.348
2024-07-06,12,12,28841.38,17055.522182658657,16523.178636361834,17364.65
2024-07-13,12,12,17686.29,9173.57209612383,14442.08746706915,12729.395
2024-07-20,12,12,12485.57,14063.26048484569,13780.462009818708,13829.531
2024-07-27,12,12,16710.33,12271.539186710696,12506.266701875653,13809.428
2024-08-03,12,12,7657.87,18633.768486975583,12343.332098823532,13239.978
2024-08-10,12,12,17982.46,14633.979312785661,12895.239140497946,12939.212
2024-08-17,12,12,4586.43,10893.9813854401,13898.31763823817,13772.442
2024-08-24,12,12,12963.8,19631.069526332292,13180.5068431639,14104.268
2024-08-31,12,12,8750.51,13024.156689728214,14422.19447576471,13023.589
2024-06-01,12,13,19694.34,3961.002627037946,11525.947140475977,12044.465
2024-06-08,12,13,8095.37,12056.511396628328,12323.937944570689,12420.647
2024-06-15,12,13,19369.82,831.9404691761956,12694.656625699477,12451.885
2024-06-22,12,13,5762.2,3040.4481205820593,12201.08068822317,11968.33
2024-06-29,12,13,8923.97,12395.904357864645,11900.895503516542,12002.202
2024-07-06,12,13,3410.16,16472.202220750332,16651.661018780862,17394.018
2024-07-13,12,13,21138.23,7238.430667823464,12069.046623616498,12236.71
2024-07-20,12,13,13246.2,12873.586837905,12175.589531243771,12650.003
2024-07-27,12,13,19341.82,10824.381598499203,11971.9960572534,12332.802
2024-08-03,12,13,15988.41,16777.84244249842,11859.487583457358,12617.271
2024-08-10,12,13,13395.6,13056.081761585654,11896.44293238758,11755.518
2024-08-17,12,13,16276.57,8515.336203100615,11516.444199315112,11805.725
2024-08-24,12,13,10747.22,17772.47186551812,11848.124400779034,12768.466
2024-08-31,12,13,9421.41,12130.034096234729,12182.305182041935,12609.261
2024-06-01,12,14,17675.44,5793.171410300129,12969.648407779236,13739.683
2024-06-08,12,14,12165.29,13168.549273648805,13539.817755429263,14205.934
2024-06-15,12,14,4184.48,2770.361447691088,13023.920590589354,13878.041
2024-06-22,12,14,10018.8,3493.77747792035,12132.709059431341,12519.393
2024-06-29,12,14,14563.57,12504.697401294856,12110.675230547571,13007.754
2024-07-06,12,14,9836.51,17081.29934257041,24191.611277493146,18270.188
2024-07-13,12,14,6708.16,6589.297621418238,11640.026596354772,12714.485
2024-07-20,12,14,3648.19,11191.032772878985,11643.145847396147,12695.812
2024-07-27,12,14,11984.1,9171.162846961637,10325.226579167049,11948.694
2024-08-03,12,14,16500.02,14766.832285725435,9462.375599758405,11605.267
2024-08-10,12,14,9535.84,11710.377029903695,10886.894230680555,12084.029
2024-08-17,12,14,4975.84,7763.794457771834,11476.349999990707,12380.167
2024-08-24,12,14,22144.12,15900.827071262494,10236.278550695431,11985.525
2024-08-31,12,14,13422.11,11095.191767236316,12578.764289841421,12635.744
2024-06-01,12,15,3145.33,3990.01764849394,12956.63989080294,13821.033
2024-06-08,12,15,11419.42,10231.002797355486,10896.166481333023,12481.188
2024-06-15,12,15,22228.96,384.7731447843362,11557.196617361122,12895.707
2024-06-22,12,15,15417.05,3290.2428586596543,13043.134366240542,13633.603
2024-06-29,12,15,5048.24,12927.30305988955,11784.067064763836,13501.632
2024-07-06,12,15,9893.18,17045.03009001635,19381.297021058494,17517.766
2024-07-13,12,15,19905.71,7099.714301561617,12095.434883754957,13233.832
2024-07-20,12,15,13936.83,11609.06842936467,11987.910784451318,13240.239
2024-07-27,12,15,9479.72,10699.035471242878,12102.13688571263,13314.929
2024-08-03,12,15,11332.54,16940.489502235636,12133.7480302166,12879.234
2024-08-10,12,15,9127.35,13451.29204936573,12205.357477418398,12950.639
2024-08-17,12,15,6597.59,8198.506545842276,11284.746129899488,13052.128
2024-08-24,12,15,18726.1,16117.193291216012,11151.564769671308,12226.648
2024-08-31,12,15,5362.37,11687.4334250924,12022.920997898269,13521.299
2024-06-01,12,16,13562.79,4744.390701884975,12075.530726509203,13242.403
2024-06-08,12,16,22749.18,11741.409347018573,11826.08879081637,13314.857
2024-06-15,12,16,16774.94,2490.1570764426833,12884.371815310347,13867.411
2024-06-22,12,16,14406.12,3748.0045800280277,12739.513203643002,14311.889
2024-06-29,12,16,5029.12,13674.97341078081,11944.841645923612,13927.18
2024-07-06,12,16,10617.48,17929.549031686744,27058.97826759204,20102.258
2024-07-13,12,16,5053.14,7403.596199741598,11849.891369541285,13503.976
2024-07-20,12,16,15872.1,11628.492879703554,11862.980012538712,13167.489
2024-07-27,12,16,20539.88,10949.125453535926,11962.335702490775,13130.581
2024-08-03,12,16,5643.0,17588.35158064188,12612.063560415914,14243.806
2024-08-10,12,16,13907.24,12824.340989656055,11939.03424148091,13337.436
2024-08-17,12,16,3864.31,8483.628664350275,11795.269660198277,13728.258
2024-08-24,12,16,22251.68,16784.00659805177,11304.198885960483,13338.307
2024-08-31,12,16,12205.19,12033.968502143493,12503.379736279683,14019.309
2024-06-01,12,17,12743.21,5273.964219792753,12577.184407351431,13816.808
2024-06-08,12,17,24072.06,12004.577237105386,11909.366283574134,14502.031
2024-06-15,12,17,6466.84,2508.215217158344,12394.959468457924,14255.042
2024-06-22,12,17,7696.28,3888.071169892093,13590.187192959816,14086.812
2024-06-29,12,17,23544.77,13981.868774823586,12849.600846062836,14622.358
2024-07-06,12,17,27282.79,18850.558399748836,21811.98379066482,19733.441
2024-07-13,12,17,18886.63,9921.46437728859,15058.259024375244,15862.683
2024-07-20,12,17,4224.76,13927.698074612239,13382.5115178931,15724.708
2024-07-27,12,17,11526.43,12760.025164800692,13857.991132784391,15147.356
2024-08-03,12,17,3030.69,19077.52931287911,13972.80681245936,15587.511
2024-08-10,12,17,8139.55,13918.276772116027,12361.475360861,13784.619
2024-08-17,12,17,17827.55,9365.092258386478,11829.568521048901,13979.348
2024-08-24,12,17,12701.98,18850.533195929056,13384.650982411837,14916.566
2024-08-31,12,17,13445.44,11943.03481954752,13408.795068573281,14387.248
2024-06-01,12,18,12783.29,6149.2866322805385,14017.305734360067,15286.449
2024-06-08,12,18,9583.16,12614.864523491346,12433.949015829154,14337.956
2024-06-15,12,18,11657.85,3015.4057871526275,12736.847852551078,14019.546
2024-06-22,12,18,24298.77,3614.855507625336,12988.41495348083,14186.237
2024-06-29,12,18,18938.88,13945.564175591266,12482.959033962765,14596.523
2024-07-06,12,18,27966.86,18202.911394630224,18390.201428608805,20805.709
2024-07-13,12,18,2823.05,9469.737363289765,14360.669800697933,15337.647
2024-07-20,12,18,21007.27,13506.548989962586,13673.084986679758,15257.953
2024-07-27,12,18,24443.54,13267.738779743711,14043.183050816418,15760.719
2024-08-03,12,18,7843.81,20425.779318236157,13948.231229833771,16053.916
2024-08-10,12,18,2521.54,16275.841678285717,14662.910838645332,16635.344
2024-08-17,12,18,6991.71,11877.961064968698,15562.606727011875,15969.041
2024-08-24,12,18,20875.06,19447.711516441654,13530.966146878822,15066.612
2024-08-31,12,18,17997.42,13222.628754969177,14917.700069213377,15044.938
2024-06-01,12,19,17750.58,6792.536527880042,14024.656603582036,16173.783
2024-06-08,12,19,3714.63,13264.972343275942,15256.230653080878,16032.541
2024-06-15,12,19,9497.7,2560.6033699636537,13460.814663859506,15380.002
2024-06-22,12,19,16387.76,3893.2035945349235,13478.305232112489,14286.866
2024-06-29,12,19,2746.24,14547.82421477369,13048.938083069363,16053.114
2024-07-06,12,19,22771.16,17978.28249613769,28033.17730987064,20543.264
2024-07-13,12,19,11382.57,8737.556882582536,15119.205111680194,15263.358
2024-07-20,12,19,14078.28,12493.758982989646,13715.522619463298,14618.336
2024-07-27,12,19,12429.05,10655.098213671088,13487.179829124127,14872.562
2024-08-03,12,19,4104.55,16181.519734941809,14162.669806292757,14831.413
2024-08-10,12,19,12025.64,12521.881359632724,13089.601230528895,13802.414
2024-08-17,12,19,21584.9,8746.241543515058,12549.782334918724,13938.915
2024-08-24,12,19,7084.96,18032.289102768344,13990.350292602205,14827.369
2024-08-31,12,19,16314.66,12222.847393814489,13781.38041473488,14435.052
2024-06-01,12,20,20614.57,5306.024463577727,12786.969972339515,14671.7705
2024-06-08,12,20,7133.42,12842.308297485677,12189.898037441326,14673.609
2024-06-15,12,20,19755.71,1685.3959013514032,12039.821024121631,14393.239
2024-06-22,12,20,22322.98,3525.086867964441,12518.699326276923,14187.121
2024-06-29,12,20,17834.98,14148.034796741402,12133.30404415413,13585.163
2024-07-06,12,20,19117.91,18639.485045702044,19433.789819295664,21007.559
2024-07-13,12,20,22072.63,8860.882446404194,13320.373754442877,15632.703
2024-07-20,12,20,16915.1,14427.030174325777,13744.895683620343,17386.164
2024-07-27,12,20,26361.37,12869.054654678974,14101.238988523062,16818.742
2024-08-03,12,20,26458.17,19701.168333924506,15195.964057831818,17419.324
2024-08-10,12,20,23656.83,17405.948073184074,15314.152176152917,17779.89
2024-08-17,12,20,17382.21,13443.430572260848,18816.51762202072,20027.191
2024-08-24,12,20,19383.11,21716.120330024634,14536.67952824897,17625.053
2024-08-31,12,20,10200.81,16081.016173676522,16512.576015551367,18146.791
2024-06-01,13,1,19111.02,18020.296402981447,12329.143262831934,11048.457
2024-06-08,13,1,14741.53,12932.107653878149,12267.589008190536,11185.718
2024-06-15,13,1,7736.99,16575.911591870565,12869.310552233725,11254.512
2024-06-22,13,1,6534.23,21324.69140177602,12941.863703593111,11278.365
2024-06-29,13,1,17347.91,19939.56059724209,11797.774713228368,11256.674
2024-07-06,13,1,15944.48,35316.25301025653,17975.473967931906,15467.906
2024-07-13,13,1,9986.34,13662.512303884268,12022.446940315705,11155.196
2024-07-20,13,1,12666.21,11685.20640510532,12479.583969583733,11061.696
2024-07-27,13,1,4847.37,10363.953500743366,12602.712654874438,11325.249
2024-08-03,13,1,18416.94,18012.28564775103,12673.221812970694,11193.627
2024-08-10,13,1,1927.87,17687.27027757652,10816.674603257634,11344.017
2024-08-17,13,1,7207.91,20627.268492817042,11787.359142351877,11216.854
2024-08-24,13,1,18764.29,14530.72851400371,12205.201000786992,11170.982
2024-08-31,13,1,11823.47,16003.986438327156,12381.588623741125,11544.416
2024-06-01,13,2,13423.55,19734.057921404805,13967.634281358256,11296.363
2024-06-08,13,2,11596.63,14433.76945359577,14465.74171194183,11682.319
2024-06-15,13,2,8750.34,17601.006918945306,14239.668578627494,11832.669
2024-06-22,13,2,8733.98,22382.84570715789,13840.45216022316,11445.335
2024-06-29,13,2,4964.66,20922.679830168076,13892.706169903422,11840.149
2024-07-06,13,2,12955.43,35644.58118501666,16421.43030589666,16560.92
2024-07-13,13,2,9450.66,13775.188255842408,12889.050009683191,10953.099
2024-07-20,13,2,11808.52,11024.682757957853,13707.190045826097,11093.222
2024-07-27,13,2,15123.64,8910.01229339873,13178.247143907538,10958.77
2024-08-03,13,2,11997.36,17107.02307477621,12578.253844525749,10938.918
2024-08-10,13,2,3410.58,16326.396009376607,12784.188458232707,11038.125
2024-08-17,13,2,4786.51,19459.298869261067,12600.976584239115,10862.799
2024-08-24,13,2,7537.62,13500.840883691897,13356.267390258055,10798.002
2024-08-31,13,2,8863.58,14502.57715658225,13410.53184134528,11437.044
2024-06-01,13,3,8530.03,17967.936332641926,14754.80134623896,11772.534
2024-06-08,13,3,10004.02,12599.15699495663,13607.122385586594,11981.113
2024-06-15,13,3,19038.08,14483.68158536718,14335.018680937703,11096.943
2024-06-22,13,3,15545.19,20915.82319526434,14230.10958827573,11957.198
2024-06-29,13,3,17561.73,19714.363158486187,14789.831659484887,11954.764
2024-07-06,13,3,5233.61,35360.259831104835,18384.925944950908,17583.209
2024-07-13,13,3,8494.37,13302.04543337513,14152.806165581744,11981.768
2024-07-20,13,3,19436.91,11429.423834331166,14983.928405631403,11638.83
2024-07-27,13,3,8114.89,11170.127384477484,13881.704012853634,11909.637
2024-08-03,13,3,15198.81,19103.75494033449,14236.613621315579,12178.633
2024-08-10,13,3,20084.34,18500.005052675493,14424.54033590524,12039.77
2024-08-17,13,3,20555.24,21624.322478053233,14139.804868836061,12124.566
2024-08-24,13,3,3462.17,15718.268738216066,14800.126935307644,12428.941
2024-08-31,13,3,19018.41,16277.851755726406,15493.422827551796,12221.62
2024-06-01,13,4,6621.97,19187.072468214552,14952.22419695329,12113.895
2024-06-08,13,4,2508.65,15071.709370771743,15084.40174512792,12815.705
2024-06-15,13,4,12256.84,17785.904637177242,14716.19219219767,12237.702
2024-06-22,13,4,13978.6,23096.729298592887,15255.742365428036,12353.911
2024-06-29,13,4,14422.26,20823.860751351378,14814.781488389772,12327.2
2024-07-06,13,4,13745.33,35989.14684738581,19704.600427679517,18885.146
2024-07-13,13,4,8913.99,12710.955928390442,14534.01643488028,11880.804
2024-07-20,13,4,22195.84,10704.61093796758,14978.75955341522,12098.808
2024-07-27,13,4,15459.68,10082.510127560596,14568.464734383071,12314.793
2024-08-03,13,4,16854.56,18891.632430548663,14651.457427462416,12421.986
2024-08-10,13,4,3161.8,18962.619596076504,15416.045672818196,13105.445
2024-08-17,13,4,11829.19,21984.314087383915,15426.422964152924,12910.1045
2024-08-24,13,4,2756.76,15639.40414200414,14595.494431618466,12399.034
2024-08-31,13,4,22385.21,16190.604543317117,15004.401598398537,12390.937
2024-06-01,13,5,15089.64,19689.499296235008,15158.337990338381,12365.777
2024-06-08,13,5,6175.59,13901.43802014194,14399.528695652725,12391.817
2024-06-15,13,5,15120.46,16922.9007508851,14372.25693084834,12468.509
2024-06-22,13,5,16226.81,22346.843080229664,15206.692007135875,12751.924
2024-06-29,13,5,20563.83,20728.709559636576,14937.374831046485,12488.701
2024-07-06,13,5,23816.39,36304.59613960339,21772.97036507283,18667.422
2024-07-13,13,5,6792.45,14671.24364231329,15398.711778930012,13978.24
2024-07-20,13,5,7024.25,13436.414891962784,15862.772786205851,12920.802
2024-07-27,13,5,13023.4,11752.579407553985,15625.621519563925,13322.053
2024-08-03,13,5,12452.36,20044.404215961862,15576.464453326354,13159.853
2024-08-10,13,5,18878.29,18812.865070587395,15699.942642903183,13714.211
2024-08-17,13,5,11493.31,22112.626790413226,15320.521493102047,13267.191
2024-08-24,13,5,10116.79,15443.174854415469,15672.545068388157,13271.658
2024-08-31,13,5,9146.08,15858.43457371027,15610.730352549916,12369.784
2024-06-01,13,6,25294.7,21128.18235512123,17066.94031940935,15999.542
2024-06-08,13,6,21994.75,16332.810128639321,18215.138212705482,15327.021
2024-06-15,13,6,20603.84,18893.968785205747,17630.031956016453,15707.38
2024-06-22,13,6,15356.5,24792.95806447509,18604.39362583926,16078.18
2024-06-29,13,6,13384.77,24457.333763990544,17974.738176633964,16315.663
2024-07-06,13,6,30927.79,39846.38277165573,22070.88975745582,22265.967
2024-07-13,13,6,11501.15,19467.66048121458,20247.670271104937,17444.941
2024-07-20,13,6,3476.37,16745.131011752077,17645.32345204895,16024.62
2024-07-27,13,6,22752.73,14166.965539427718,17961.74484217319,15676.431
2024-08-03,13,6,17534.7,22730.779791657762,17587.173994862944,14392.708
2024-08-10,13,6,15612.19,20865.56841827643,16317.695728212007,14872.278
2024-08-17,13,6,19947.99,23221.200648251637,16461.78762836342,14794.667
2024-08-24,13,6,5712.41,16822.809895856008,16422.2768274826,14744.865
2024-08-31,13,6,18157.43,17848.002196027737,17078.54290798234,14702.4
2024-06-01,13,7,14014.4,21261.853463060834,17188.575277974425,14745.543
2024-06-08,13,7,21047.28,16357.839469803665,16430.23527572305,15037.41
2024-06-15,13,7,17918.0,20308.80148426129,16876.838739200808,14683.877
2024-06-22,13,7,14472.78,25405.731711630855,18513.30012374659,16005.736
2024-06-29,13,7,7171.8,22371.749791824826,16948.336616613775,14584.671
2024-07-06,13,7,11000.21,37570.39603238009,21658.077324527825,20489.324
2024-07-13,13,7,15731.29,15189.396338458391,15893.65720583283,13771.194
2024-07-20,13,7,20344.95,12431.022422017188,15741.04006631358,12823.806
2024-07-27,13,7,25001.43,11926.385578620437,16046.991306583423,14329.441
2024-08-03,13,7,10923.87,20738.590966273347,15854.81667821852,15247.537
2024-08-10,13,7,21623.32,19278.641364595052,16082.461197521865,14926.67
2024-08-17,13,7,22528.23,22620.217824769097,16066.39565309733,14977.021
2024-08-24,13,7,11164.16,17300.64166681491,16512.33749888295,14871.755
2024-08-31,13,7,11546.89,18506.941039832273,17094.664254980027,15146.116
2024-06-01,13,8,25698.02,21047.668456622298,16432.89672988011,15510.61
2024-06-08,13,8,4438.0,15711.911905057379,16572.58098216746,15249.125
2024-06-15,13,8,25753.04,18771.722251021623,16771.18194405289,14926.993
2024-06-22,13,8,3062.88,25091.313094668105,16965.19928709737,15875.838
2024-06-29,13,8,4278.11,23983.191308342342,19113.442678362455,15906.326
2024-07-06,13,8,21776.31,38786.6268223968,21003.420929128257,20761.955
2024-07-13,13,8,26412.39,17422.649886607214,17144.889898158504,15337.143
2024-07-20,13,8,15370.78,15102.086788510933,17608.23527232367,15641.4375
2024-07-27,13,8,12173.4,12465.580463583894,16763.503517069934,15095.597
2024-08-03,13,8,18399.01,19548.858518252324,15987.092134157145,14623.114
2024-08-10,13,8,23659.57,19872.90134115064,16512.12467128379,15334.094
2024-08-17,13,8,9021.53,22498.077786014903,15997.689026059688,15203.317
2024-08-24,13,8,25339.14,17070.783251102388,16361.6053764406,15382.188
2024-08-31,13,8,6312.22,19677.50340501711,18041.25979170415,17104.744
2024-06-01,13,9,16529.9,21193.8104346096,17184.772101027007,15930.964
2024-06-08,13,9,5213.15,16116.0149199043,16404.71087315965,16172.125
2024-06-15,13,9,6482.13,18446.753461293898,16335.985533077486,14900.899
2024-06-22,13,9,12314.28,23972.934150142493,16624.371659331842,15473.313
2024-06-29,13,9,9486.37,21359.53682308414,15619.380281592155,14479.754
2024-07-06,13,9,16358.55,36624.23644145763,21295.837731265827,21363.94
2024-07-13,13,9,21732.35,14108.281401479613,15036.0701119751,14074.37
2024-07-20,13,9,27434.66,12684.657978328833,15837.313880767168,14173.711
2024-07-27,13,9,12240.02,11485.933191122313,15899.259107656842,15167.834
2024-08-03,13,9,15625.28,19277.511790354125,15616.927038517366,14733.802
2024-08-10,13,9,13651.89,19462.276538493847,16459.09859875977,15861.79
2024-08-17,13,9,3640.62,23225.117678017552,16618.96302905947,15815.64
2024-08-24,13,9,8587.22,16385.452157655855,16393.155698562718,14865.907
2024-08-31,13,9,7974.51,17547.52967668409,16497.421814485882,14953.073
2024-06-01,13,10,24744.4,20438.201148871078,16871.17401199096,14944.481
2024-06-08,13,10,28340.13,16710.286316881822,17493.258845117452,15549.145
2024-06-15,13,10,15532.57,20643.497366580836,18770.423290155515,16580.416
2024-06-22,13,10,19196.41,25130.30540490947,17767.282036824305,16783.896
2024-06-29,13,10,7847.27,22361.542407280933,17027.60196589512,16151.599
2024-07-06,13,10,23050.38,38725.11821070971,19768.97960257851,20965.965
2024-07-13,13,10,27699.76,16185.134559536702,15926.196772646974,16079.73
2024-07-20,13,10,22119.91,15873.806496644771,17908.535207337467,17548.506
2024-07-27,13,10,19449.0,15146.922065687038,18661.04923175478,17732.133
2024-08-03,13,10,6925.76,22238.279130669493,18097.662499072812,17119.475
2024-08-10,13,10,6687.64,21242.520690255005,17615.729014751185,17548.953
2024-08-17,13,10,6409.51,23776.993856665315,16680.333610898546,16204.487
2024-08-24,13,10,18616.41,16877.474639679924,16463.8879684359,14945.867
2024-08-31,13,10,9175.48,18403.448748922616,16784.007793681336,16245.029
2024-06-01,13,11,19494.77,21526.42858327162,17167.276367543658,16779.738
2024-06-08,13,11,25460.66,16346.830914702645,16683.30340433259,16918.664
2024-06-15,13,11,13698.13,20504.869149957085,17703.49424382939,17554.57
2024-06-22,13,11,25515.41,25230.419971892174,18575.23501222068,17941.576
2024-06-29,13,11,20079.34,24026.46022674955,18122.7070793627,17868.072
2024-07-06,13,11,29617.73,39604.583061075486,24006.52229430394,22891.078
2024-07-13,13,11,8833.11,18475.829017885546,18826.06152989828,18044.646
2024-07-20,13,11,11530.03,16731.88899977076,17701.250963495884,17643.666
2024-07-27,13,11,10980.62,14676.554399555182,18232.73122864984,17557.582
2024-08-03,13,11,26825.68,22732.567523495818,18035.851864272576,17623.63
2024-08-10,13,11,2601.6,21694.27329829833,18011.299907676228,18162.85
2024-08-17,13,11,27264.08,24070.440726975532,16426.382237431088,16554.873
2024-08-24,13,11,30624.01,18440.379577051906,18112.050844774625,16821.625
2024-08-31,13,11,16702.2,20283.8400855167,19743.249135198606,18684.727
2024-06-01,13,12,20033.68,22938.588120159395,17631.625355082975,18536.494
2024-06-08,13,12,14723.29,17371.209539945878,17303.571728007155,18031.885
2024-06-15,13,12,26907.49,19970.346664898192,18518.940958423304,17460.693
2024-06-22,13,12,28296.06,25056.284625551445,17315.631595320003,17646.006
2024-06-29,13,12,21814.94,24489.64396212269,18196.554804124815,18722.422
2024-07-06,13,12,31448.23,40176.04085485809,21135.81242907969,23962.854
2024-07-13,13,12,10034.47,18719.860140596815,20504.863619969907,19818.906
2024-07-20,13,12,18444.08,16486.025289000674,17726.854047791818,18274.254
2024-07-27,13,12,20065.55,15692.311088475908,18852.61649795547,19308.11
2024-08-03,13,12,10554.43,24237.950167881543,19304.24708109075,20124.984
2024-08-10,13,12,29061.42,22425.697448441577,18395.648863159815,18506.018
2024-08-17,13,12,15040.73,25909.601924455368,18426.29799841918,18628.727
2024-08-24,13,12,13941.73,19000.75932557335,17952.433728644388,18386.928
2024-08-31,13,12,10442.05,19385.9273923992,18453.603776533342,18563.512
2024-06-01,13,13,15695.48,25767.455178854492,21831.584280320596,21482.148
2024-06-08,13,13,32643.97,20404.69039047217,21721.81577914571,20079.104
2024-06-15,13,13,17570.38,24434.223219330415,20019.621743826818,21171.93
2024-06-22,13,13,13861.78,28725.099478109965,20460.05281902629,20407.977
2024-06-29,13,13,16325.47,26767.719955170418,20832.50049332667,20535.94
2024-07-06,13,13,37255.63,41887.21636589425,24892.6974693543,24835.25
2024-07-13,13,13,12076.62,20782.043330216977,21452.25978034465,20793.9
2024-07-20,13,13,30365.39,17301.04743277214,18524.065819842293,19330.992
2024-07-27,13,13,15396.87,16189.813446324748,19753.522134886567,20608.287
2024-08-03,13,13,5947.28,24698.76500403769,19900.839753959677,20112.9
2024-08-10,13,13,19478.72,21893.058668283986,18514.09193120024,18978.68
2024-08-17,13,13,9629.12,25362.912338476468,18161.47255438517,19072.746
2024-08-24,13,13,9327.24,18351.17655439271,18378.661269017903,18448.732
2024-08-31,13,13,18563.53,18677.303164653466,17892.05788668087,17499.959
2024-06-01,13,14,24643.92,16422.86526898435,15160.607729218176,15485.289
2024-06-08,13,14,33731.68,13096.593274266233,14905.765864013685,16173.439
2024-06-15,13,14,32086.82,18240.25034400892,18562.62134584859,17327.094
2024-06-22,13,14,25043.55,24158.308907128638,17199.060675159977,18737.75
2024-06-29,13,14,17280.06,22243.2893673035,17570.21530166412,17327.002
2024-07-06,13,14,30022.44,39457.45604548481,25173.845900994365,24191.96
2024-07-13,13,14,33548.07,19484.493592273822,20949.808418077773,20544.025
2024-07-20,13,14,29770.75,19397.99144972494,22571.37969620832,22239.262
2024-07-27,13,14,17963.96,18665.349443220482,21322.946841547728,22718.293
2024-08-03,13,14,29214.0,26495.96001815515,21780.72599447344,22438.969
2024-08-10,13,14,19154.74,25642.091022650806,22717.170040816512,22399.938
2024-08-17,13,14,34170.22,27795.69103872843,20916.77697056923,21920.533
2024-08-24,13,14,32894.52,22503.981718352974,21508.51205775619,22338.21
2024-08-31,13,14,2833.54,24346.0485921235,22244.99240839371,22947.65
2024-06-01,13,15,19108.3,22699.121589262148,17930.858156036404,19477.52
2024-06-08,13,15,35617.99,17129.460331944705,20621.132177297775,19559.666
2024-06-15,13,15,12113.48,22060.61330068152,19233.419513338824,19740.9
2024-06-22,13,15,5622.69,25255.411574841615,22657.22478752159,19262.129
2024-06-29,13,15,31305.67,22370.153231117583,21813.410981926707,18466.021
2024-07-06,13,15,15228.07,39387.35088943946,24026.711552267905,25370.355
2024-07-13,13,15,20216.38,17109.497837618444,19967.590291788776,18743.887
2024-07-20,13,15,18231.24,15718.046282820746,18079.436532241354,19933.879
2024-07-27,13,15,28846.14,14522.813469081495,18579.308539347487,19482.684
2024-08-03,13,15,31261.37,22994.651378449606,18476.581457943903,20093.754
2024-08-10,13,15,27201.19,21974.193292048993,19070.424630170204,20063.691
2024-08-17,13,15,10073.5,25721.184749819244,19468.88887480595,21500.305
2024-08-24,13,15,21939.9,20746.595360099833,19970.009791277836,21071.662
2024-08-31,13,15,13150.85,21456.20368054469,19222.41079016374,21463.64
2024-06-01,13,16,31558.43,24502.062828973612,19029.74169530409,21040.375
2024-06-08,13,16,15843.01,19096.77422489543,18299.01252789846,20302.512
2024-06-15,13,16,11335.67,20578.716947437977,18483.590761423053,19650.787
2024-06-22,13,16,15246.97,24792.827850356414,17631.812143106206,19828.666
2024-06-29,13,16,7882.14,23840.531117662227,18084.150650770083,19415.03
2024-07-06,13,16,22568.69,38601.14071535234,19589.476772868245,26329.582
2024-07-13,13,16,30792.38,17905.80234560188,19126.217584189464,19378.498
2024-07-20,13,16,10504.26,16299.300799985598,18872.69404343083,18271.7
2024-07-27,13,16,6750.16,13910.771536405387,18840.813389116818,20401.145
2024-08-03,13,16,4637.25,20863.921966787573,17418.848508712035,18053.867
2024-08-10,13,16,14084.15,20041.686048489515,16868.496946738673,18019.344
2024-08-17,13,16,30152.01,21907.865333928763,16419.89861986795,17382.256
2024-08-24,13,16,4857.09,17855.20338471559,18298.2117679374,18778.674
2024-08-31,13,16,16194.55,18427.83674165958,18524.66617111169,19202.557
2024-06-01,13,17,35199.32,22186.567384533366,18601.741913897997,19271.1
2024-06-08,13,17,21643.39,19024.510530487496,19044.138520191616,20469.623
2024-06-15,13,17,23509.76,21206.04066962762,18680.08271105729,20658.037
2024-06-22,13,17,8641.05,26623.241720675935,20196.165752258137,21333.953
2024-06-29,13,17,6876.8,24868.743518219904,19870.29793094267,20409.625
2024-07-06,13,17,6132.87,38998.946077943256,20779.74279223667,23422.352
2024-07-13,13,17,31415.85,17431.104712689943,18595.172283471442,18944.676
2024-07-20,13,17,6801.9,17311.260574977015,20281.86744120932,20622.934
2024-07-27,13,17,8277.1,14143.807986715994,19685.33499400592,19048.346
2024-08-03,13,17,35714.57,20504.39030777959,17314.416822892785,18166.69
2024-08-10,13,17,37674.78,21449.023970383903,20123.541595079772,18966.865
2024-08-17,13,17,37890.31,25152.74183623973,21173.72070959927,21294.607
2024-08-24,13,17,7596.93,20208.61343562929,21390.97970759829,20935.846
2024-08-31,13,17,24766.27,21690.043843506297,22122.337390628072,21236.621
2024-06-01,13,18,20787.24,18435.312150476842,16187.232105704092,16790.246
2024-06-08,13,18,26506.46,14431.727741383795,19509.789571387457,18249.74
2024-06-15,13,18,4969.96,19207.394977027165,20314.45663106719,18715.668
2024-06-22,13,18,20024.2,24096.29806532325,19495.28359974097,18781.625
2024-06-29,13,18,5773.58,23290.947280851826,21244.53388004833,18978.713
2024-07-06,13,18,6423.48,38757.7307568445,20649.466784573353,22497.35
2024-07-13,13,18,34903.2,15574.359809933005,19626.05344424909,17971.715
2024-07-20,13,18,9340.23,15901.2680818499,21927.22930697147,18398.287
2024-07-27,13,18,7304.2,13553.693029273247,21151.298486188498,19406.602
2024-08-03,13,18,5700.86,20741.13756385359,18163.720580639067,18679.086
2024-08-10,13,18,23536.63,19295.76084270973,18928.566935475836,16493.451
2024-08-17,13,18,8227.42,22438.313750798414,18874.18504715094,18308.74
2024-08-24,13,18,23993.69,15499.42066226487,17330.528274977514,17069.432
2024-08-31,13,18,4891.61,17854.770623578537,20119.868508023654,18024.139
2024-06-01,13,19,12970.87,24612.35547633323,19427.847017456967,21635.887
2024-06-08,13,19,33423.22,18561.235226602417,19581.99599765062,21019.967
2024-06-15,13,19,27587.11,22158.905614385396,20157.68873579462,22006.902
2024-06-22,13,19,26863.6,27127.007163294635,19843.15730668825,22525.105
2024-06-29,13,19,20804.32,25116.30710257274,19157.021982820635,21869.354
2024-07-06,13,19,14481.22,40863.97709517142,24799.019899118397,27646.576
2024-07-13,13,19,10859.55,18325.084329907695,19804.500614410386,20670.846
2024-07-20,13,19,19563.79,17095.929927550795,19189.980485368742,20947.002
2024-07-27,13,19,26180.89,14991.60226443228,19314.63985305891,20420.87
2024-08-03,13,19,10970.32,24224.13204894765,20296.01489971471,22530.602
2024-08-10,13,19,5899.49,21902.25487738142,19071.1516848352,20096.129
2024-08-17,13,19,28333.98,23848.832771937246,17787.43629622514,20095.871
2024-08-24,13,19,21082.14,18480.108985705876,18121.559472622394,20102.986
2024-08-31,13,19,37273.1,19121.613974151944,18371.459840274696,19760.066
2024-06-01,13,20,20389.05,21525.279565987432,17567.08724557063,20056.46
2024-06-08,13,20,10723.39,15942.726297839195,16751.590787911187,19862.365
2024-06-15,13,20,32383.02,18858.438151692062,17120.18739359907,19686.299
2024-06-22,13,20,38982.6,24786.216991435038,17714.900159030407,20835.396
2024-06-29,13,20,32922.3,25294.626284868253,21219.282642053888,21529.922
2024-07-06,13,20,29847.68,42270.811830908824,25251.17833423812,28605.324
2024-07-13,13,20,22961.2,19418.89720474927,23171.206006318065,23780.275
2024-07-20,13,20,30486.98,18926.455005401833,22157.514118762156,22587.283
2024-07-27,13,20,36203.32,17928.895668450612,22256.84168715085,24250.832
2024-08-03,13,20,3610.43,27474.36754683622,22793.612367379475,23193.883
2024-08-10,13,20,9913.74,27627.020736341583,23455.76836908873,25891.576
2024-08-17,13,20,34933.61,29716.85938930588,23188.260953029338,24062.793
2024-08-24,13,20,20326.83,23888.225515293314,22611.699084862084,24870.816
2024-08-31,13,20,15125.29,23023.087324679953,22007.77503433591,23422.625
2024-06-01,14,1,53178.33,42325.11258936557,33266.52358389535,35099.2
2024-06-08,14,1,59709.93,41339.4665945629,36401.94414972072,33757.203
2024-06-15,14,1,22187.42,35715.95639616556,39184.41843833745,35374.984
2024-06-22,14,1,51806.37,41670.53551675897,29480.749532318612,33975.297
2024-06-29,14,1,51863.27,38321.98729877784,40516.16778524152,34433.152
2024-07-06,14,1,52991.28,64635.5181186991,50497.11070324076,46771.66
2024-07-13,14,1,61365.43,47170.12389961125,40237.97608760464,35545.676
2024-07-20,14,1,16989.56,43411.691846455724,42099.40389958727,33206.973
2024-07-27,14,1,23296.58,51556.44881626109,40205.7511364622,34578.754
2024-08-03,14,1,41643.98,49682.24982244943,34295.27431861828,34191.375
2024-08-10,14,1,46624.42,48769.844424656134,33799.31733821814,35591.297
2024-08-17,14,1,9785.2,48196.59973609984,41911.36063575202,37103.06
2024-08-24,14,1,32565.65,48719.33977061815,40397.26564752368,35964.07
2024-08-31,14,1,21551.25,42797.88593431509,39472.47020465841,34537.53
2024-06-01,14,2,35211.01,43576.2769165321,38390.27894232413,38478.14
2024-06-08,14,2,7810.33,36729.57437817688,39467.76332283413,38232.723
2024-06-15,14,2,28360.15,33403.973562285195,36186.89579473405,37665.293
2024-06-22,14,2,52281.77,39382.829535015786,38975.16813013602,36676.848
2024-06-29,14,2,50369.2,34621.417713793024,36595.115344154445,38338.96
2024-07-06,14,2,68756.75,62261.484376328,60227.430061866995,57456.613
2024-07-13,14,2,33325.79,47403.50637021694,42525.86942185818,40488.066
2024-07-20,14,2,11245.63,41007.32352747917,41375.93524459594,37622.996
2024-07-27,14,2,46847.96,46888.59275029315,37189.26147763395,36869.42
2024-08-03,14,2,31429.94,47882.12672001619,38491.16940246946,36911.22
2024-08-10,14,2,37079.47,47612.97471603413,37905.69894324415,39396.26
2024-08-17,14,2,9854.69,47063.3980580122,39507.01092791126,39417.68
2024-08-24,14,2,47806.16,47834.44293344133,38135.76301810966,37804.81
2024-08-31,14,2,6983.89,42747.11545367655,39089.67070178762,39475.734
2024-06-01,14,3,48948.13,45399.55838117141,43815.16647444608,40332.29
2024-06-08,14,3,27723.1,41421.330946476235,43749.97634807719,39835.3
2024-06-15,14,3,37291.1,34432.74553672708,44117.42059948409,40144.75
2024-06-22,14,3,52139.47,41140.67338629458,44924.1101805001,41376.516
2024-06-29,14,3,11011.23,35310.119045696745,43496.387340409856,38919.867
2024-07-06,14,3,17666.15,59878.40806957393,62989.596929106716,57396.88
2024-07-13,14,3,51642.45,43370.31701577918,43679.908300563824,40118.082
2024-07-20,14,3,13598.78,39381.98542134379,41913.433295564166,37850.31
2024-07-27,14,3,31881.57,44564.39752401843,47118.47428999897,38647.438
2024-08-03,14,3,27790.42,42334.53108539129,39394.29716314973,36264.16
2024-08-10,14,3,45158.6,42402.26694854232,40964.72320461322,35023.13
2024-08-17,14,3,34275.01,41320.32117806045,44906.91445118379,37189.56
2024-08-24,14,3,30601.53,42366.360560388166,33281.16553346501,34932.715
2024-08-31,14,3,60359.94,38785.83169857675,43906.082262342374,38322.203
2024-06-01,14,4,19476.24,42804.785850800195,44519.64397891814,41098.47
2024-06-08,14,4,32881.81,40703.763332930845,44745.82316327855,41418.97
2024-06-15,14,4,22283.34,35344.806481466156,46344.49113250262,41586.098
2024-06-22,14,4,69611.43,40657.89991758095,42885.594983891824,40585.227
2024-06-29,14,4,65964.9,38307.49873503375,46381.928336932186,42745.305
2024-07-06,14,4,41232.21,65209.40503223545,57451.05755327718,52203.26
2024-07-13,14,4,54549.48,46721.885621800255,47336.70024672627,42211.184
2024-07-20,14,4,65126.84,42866.21884887503,47462.57430753229,40936.89
2024-07-27,14,4,52080.59,50368.2262426446,47551.49328811873,42085.777
2024-08-03,14,4,64753.46,51203.747055708365,47751.98642288005,41442.664
2024-08-10,14,4,70307.89,52827.54707518189,50851.540733997776,44682.62
2024-08-17,14,4,19908.18,55503.28819341059,50989.60298225709,43757.645
2024-08-24,14,4,60273.0,57701.99453468795,52824.87958516756,43455.164
2024-08-31,14,4,38545.18,53133.47770217596,49293.72529588729,42052.867
2024-06-01,14,5,53778.77,41445.835320198654,44351.6590777853,39443.992
2024-06-08,14,5,29138.74,38777.82841077059,44382.71700571952,41408.637
2024-06-15,14,5,19907.68,30672.899385524186,45259.27864181665,40327.516
2024-06-22,14,5,6727.85,36884.43888507766,37760.36719787026,39475.273
2024-06-29,14,5,73486.0,30877.69829656108,40305.1045813314,39159.445
2024-07-06,14,5,76153.02,59104.18558565564,57578.24125075737,50724.363
2024-07-13,14,5,74651.89,45147.291776879,46396.837569183226,44582.707
2024-07-20,14,5,39638.11,43631.54141359224,48361.387734431046,44539.523
2024-07-27,14,5,14469.88,50488.510778634554,49075.500540729205,43562.7
2024-08-03,14,5,16367.36,50111.08598942232,47253.78694646469,42467.387
2024-08-10,14,5,26120.47,50052.75947187251,46476.514726171896,43598.742
2024-08-17,14,5,24640.04,47609.66833559834,47884.11687846973,44272.523
2024-08-24,14,5,63497.44,50452.81164982351,50712.69934049048,46063.062
2024-08-31,14,5,63409.04,46752.53921581364,47932.50739081311,43400.688
2024-06-01,14,6,13976.02,43174.60503796622,46953.84655264314,43049.79
2024-06-08,14,6,24785.68,39512.45499476062,46145.38667718228,44887.758
2024-06-15,14,6,76275.8,34902.89029589594,47145.32113089581,44718.094
2024-06-22,14,6,66036.69,46889.19167809051,47844.57927744086,45901.9
2024-06-29,14,6,11688.78,42248.83249937546,50506.871901868915,46535.773
2024-07-06,14,6,73069.32,64899.81105496949,73825.0321358653,61774.43
2024-07-13,14,6,62804.37,51070.99273609752,50565.573083418014,46043.863
2024-07-20,14,6,60552.34,47990.55832065375,50135.75926965189,44334.945
2024-07-27,14,6,39513.14,53436.521755086396,51003.37442926347,47737.133
2024-08-03,14,6,40864.09,52828.81895006223,50012.68532890197,45780.836
2024-08-10,14,6,13005.06,53734.4964451222,50807.87406337166,46893.227
2024-08-17,14,6,45175.99,50572.448655665554,49955.342659781694,45799.848
2024-08-24,14,6,18005.69,51890.32609635882,48092.29529493789,48827.527
2024-08-31,14,6,48733.77,47581.50427480133,49477.54580359507,49932.508
2024-06-01,14,7,52787.97,47420.04749652609,50278.54690397604,46168.74
2024-06-08,14,7,41235.13,43266.33537722936,50289.49978952958,46409.05
2024-06-15,14,7,28053.32,39066.94029318353,50153.537131239864,46486.87
2024-06-22,14,7,42025.92,46142.28130717705,50339.28324440108,48412.066
2024-06-29,14,7,69890.48,39923.09630258469,50117.77668619859,46793.84
2024-07-06,14,7,23508.84,67182.30213939384,54916.416684567026,58924.766
2024-07-13,14,7,30874.31,49248.85786803401,50228.447724807345,47535.96
2024-07-20,14,7,43428.49,43619.01655654049,48128.28406959065,45715.168
2024-07-27,14,7,12813.96,49924.50992239925,47752.64635149599,44273.652
2024-08-03,14,7,44167.91,45051.13342908549,47213.92393108483,44624.73
2024-08-10,14,7,62146.35,45532.8636218383,45652.05008650035,44169.367
2024-08-17,14,7,40611.64,48041.728153769094,47661.37606960389,45049.086
2024-08-24,14,7,12065.73,50083.398793471606,49449.15568451783,46084.746
2024-08-31,14,7,15154.01,41847.213908807695,47130.9682322966,43381.043
2024-06-01,14,8,49630.29,57145.53254040854,57864.44274369238,51373.062
2024-06-08,14,8,60182.98,52122.77989838126,53685.981569884505,49980.06
2024-06-15,14,8,33963.53,47229.878583850616,53935.304337850415,50092.355
2024-06-22,14,8,66531.16,54707.10955338865,54524.96402724273,51152.57
2024-06-29,14,8,39980.36,47451.80638950199,55266.12300283092,51309.2
2024-07-06,14,8,50845.97,70881.66588186554,65645.63970856872,65626.92
2024-07-13,14,8,58621.34,52760.381073382574,54489.60973805961,49738.75
2024-07-20,14,8,75437.31,48098.58022174893,51180.651821757,49627.16
2024-07-27,14,8,61719.87,54872.52868847068,53656.12163912275,49236.848
2024-08-03,14,8,33164.09,53830.49173422106,52868.295157078726,49971.324
2024-08-10,14,8,32908.91,53386.2100289554,50835.05612453825,47622.945
2024-08-17,14,8,29103.46,54029.17426731169,50282.30899099517,47987.312
2024-08-24,14,8,31404.08,54256.734908709615,51113.968720216515,48560.074
2024-08-31,14,8,13050.01,46577.31026818103,51113.07202923784,49189.832
2024-06-01,14,9,41465.99,45749.350776530235,47451.656197929195,47864.848
2024-06-08,14,9,22099.85,42376.85423712075,47641.77755931949,48347.89
2024-06-15,14,9,74246.54,35686.040658693986,49068.04771778561,48964.164
2024-06-22,14,9,9737.76,45668.00152407928,50137.201873463026,49332.758
2024-06-29,14,9,33247.2,37595.708540630076,47753.412313196146,47873.836
2024-07-06,14,9,25938.22,61804.39807057597,62435.90031581698,64147.277
2024-07-13,14,9,46724.69,44101.63130587777,47060.41354561747,45090.06
2024-07-20,14,9,45244.08,39223.94309233216,47457.1073042308,46578.168
2024-07-27,14,9,69245.29,45491.857093281455,47366.32519785979,45788.17
2024-08-03,14,9,77620.88,47438.12818589823,47567.95865200391,48313.953
2024-08-10,14,9,35251.03,50183.6755960471,50442.5169573405,48720.723
2024-08-17,14,9,86509.38,47580.3118083388,48316.526005668406,47704.586
2024-08-24,14,9,23122.44,56609.74502014243,52100.47140599781,48795.547
2024-08-31,14,9,10475.63,53008.97343692957,51471.56335264374,51403.145
2024-06-01,14,10,77563.69,48461.292014989005,50918.01712716445,50009.04
2024-06-08,14,10,74501.58,44820.177788082176,51531.61716257784,50559.844
2024-06-15,14,10,73909.39,39385.85199473431,52254.267387169326,53486.277
2024-06-22,14,10,12519.11,51359.89493036208,53485.654928259915,53420.58
2024-06-29,14,10,64909.24,46991.122394359634,53386.96859104775,52899.367
2024-07-06,14,10,101586.95,74942.66856799752,69099.6649557313,71136.81
2024-07-13,14,10,44985.63,64996.289735597435,69564.7566355808,58673.285
2024-07-20,14,10,80990.04,57831.22453966241,58397.27397718889,56678.516
2024-07-27,14,10,19534.48,62212.802440732274,54894.097678709506,52387.76
2024-08-03,14,10,8308.49,60566.70585506161,54515.31609617415,53891.6
2024-08-10,14,10,87265.3,55597.77301238523,50395.00240260267,52422.98
2024-08-17,14,10,19785.82,58391.17428616061,51864.980588232334,52398.434
2024-08-24,14,10,75346.33,60226.79292069654,52126.48837227226,54640.6
2024-08-31,14,10,31634.7,55586.255027283936,52413.515163937875,58168.223
2024-06-01,14,11,58741.32,51624.29111589946,53032.262311452854,52328.906
2024-06-08,14,11,26669.14,48453.26843342173,52767.69047496291,53054.07
2024-06-15,14,11,21470.4,44842.581409135935,53253.88466039533,52630.27
2024-06-22,14,11,18873.66,51989.363779971456,54119.63531537789,53440.27
2024-06-29,14,11,35533.2,43357.95831493772,51071.60393882744,52668.09
2024-07-06,14,11,123600.23,66014.98087972452,63109.536998659605,65891.555
2024-07-13,14,11,49503.43,59153.43797230845,60202.83626771769,56571.227
2024-07-20,14,11,31545.04,50428.69500605415,52314.01036707434,53577.344
2024-07-27,14,11,13397.77,53672.927511072216,53238.08064848221,54743.125
2024-08-03,14,11,81553.33,52958.32317931424,50120.60432757816,51499.773
2024-08-10,14,11,31834.07,53500.820857338105,51626.692509668785,53143.164
2024-08-17,14,11,61997.6,53191.59923930563,51419.82655757453,52815.555
2024-08-24,14,11,54585.14,58746.42326094873,54596.07998400962,54640.688
2024-08-31,14,11,88915.65,53692.25928689664,54839.13435484736,55578.875
2024-06-01,14,12,31133.42,48684.047011871815,50387.94814972765,54312.258
2024-06-08,14,12,96252.13,40266.8255480815,46514.33426079903,51204.8
2024-06-15,14,12,22745.31,42617.6600046462,53015.153396353,54774.582
2024-06-22,14,12,24907.15,49871.68693853076,51516.35575546621,54581.094
2024-06-29,14,12,18127.38,39626.411182891236,49989.2983765125,52529.96
2024-07-06,14,12,50180.42,63687.221259206264,82639.44469660135,62179.11
2024-07-13,14,12,89921.75,43026.98693098284,48115.4039903054,49168.18
2024-07-20,14,12,13877.13,45838.890387422594,51636.70743726478,53198.766
2024-07-27,14,12,45179.88,52057.17606324891,50573.0776533674,52843.785
2024-08-03,14,12,30406.69,51743.895487958995,50994.87025668865,54081.54
2024-08-10,14,12,10252.27,48711.85972619708,48158.10144045597,49205.887
2024-08-17,14,12,90938.82,44303.28958890441,49692.22203158691,49121.137
2024-08-24,14,12,68048.49,55009.823823285515,49838.28193437509,51936.55
2024-08-31,14,12,76249.67,52832.39661759984,51858.70892394167,54587.246
2024-06-01,14,13,56372.32,42281.28818124728,47731.08553905412,52011.617
2024-06-08,14,13,81766.17,35909.06214168734,45917.46309805991,47589.715
2024-06-15,14,13,24261.03,34925.1711844928,47650.42425008497,49699.684
2024-06-22,14,13,21638.06,41749.81015345118,47291.8077655928,50918.17
2024-06-29,14,13,73963.1,36926.1739398113,47539.127883365516,50920.887
2024-07-06,14,13,62165.04,67073.00219456459,76414.74576409771,71003.61
2024-07-13,14,13,40321.36,51822.133783250385,51542.67880048529,52807.176
2024-07-20,14,13,35325.16,45989.745206455875,52719.22951813372,53444.32
2024-07-27,14,13,86741.08,53203.16025683756,51612.53207764069,52679.855
2024-08-03,14,13,9797.73,55318.59275662974,52371.826408464854,53715.88
2024-08-10,14,13,16169.38,51650.844034695656,50490.24431185448,53770.953
2024-08-17,14,13,11662.57,51415.881494201145,49080.598525946254,53524.746
2024-08-24,14,13,79584.79,55483.775843528805,49619.606397133124,53223.82
2024-08-31,14,13,37353.55,49625.92473010859,50147.72535546261,53549.113
2024-06-01,14,14,86041.77,61388.98426941058,66282.72723749184,62400.785
2024-06-08,14,14,40126.05,55605.07073685763,61969.4762482866,62125.887
2024-06-15,14,14,63713.7,48361.86147107698,55090.35299731848,58747.1
2024-06-22,14,14,41674.02,54348.59090315518,53959.59951641228,58479.66
2024-06-29,14,14,72341.89,47024.73788604851,52617.187164922354,57395.176
2024-07-06,14,14,44160.17,74603.03247731688,66005.16803044215,74638.22
2024-07-13,14,14,72799.41,58367.75784178814,54355.69929742757,58728.152
2024-07-20,14,14,68505.99,53056.45812079461,56565.73310219858,55879.85
2024-07-27,14,14,30811.54,58272.859905431185,52803.96893719001,55978.535
2024-08-03,14,14,58894.45,54778.29663960235,54154.905665771716,56116.664
2024-08-10,14,14,84769.52,56257.068248324074,52800.70424339063,56072.98
2024-08-17,14,14,70567.78,57812.05980143636,53300.73552161385,56291.17
2024-08-24,14,14,92634.71,61861.017043147884,57909.13975552164,57672.062
2024-08-31,14,14,43318.48,56854.81293974208,54877.4940729307,58916.555
2024-06-01,14,15,94945.23,56113.6478208031,56878.743926469266,60031.184
2024-06-08,14,15,67523.33,55908.57005521967,56514.67720452693,59266.22
2024-06-15,14,15,91300.49,46663.96558696778,56336.5561074411,58115.59
2024-06-22,14,15,39852.1,56460.45560279434,61669.54278681069,60907.727
2024-06-29,14,15,87883.74,47574.17470756467,53943.04847159237,57782.68
2024-07-06,14,15,52995.47,77665.29055069597,72805.16954774492,79315.43
2024-07-13,14,15,106331.05,60155.96012563546,55253.75251697966,58803.113
2024-07-20,14,15,95364.87,60837.48845541063,64432.38954461762,60012.76
2024-07-27,14,15,66588.32,69037.41071845478,63698.02300735779,62449.86
2024-08-03,14,15,35885.32,66117.40566159281,66683.14874647548,63447.754
2024-08-10,14,15,91623.43,65938.6466954696,67813.80237958209,61317.016
2024-08-17,14,15,94085.3,65590.54794624783,66575.54195230082,61838.086
2024-08-24,14,15,66524.09,71665.65231211169,70176.99854274887,63874.54
2024-08-31,14,15,66736.96,64543.76645505717,65644.93760114317,61925.477
2024-06-01,14,16,41167.95,61592.12597914851,59343.403284828906,62984.637
2024-06-08,14,16,48743.38,56362.36286765805,58623.76600526574,63854.76
2024-06-15,14,16,85221.62,44414.922389116124,55400.74339293409,59281.355
2024-06-22,14,16,31513.9,55288.78498940766,56248.60017077465,59922.902
2024-06-29,14,16,67089.84,45822.25891698131,55402.86049562542,58068.98
2024-07-06,14,16,127948.31,72395.9014786882,76726.6777336444,83241.695
2024-07-13,14,16,43415.67,60790.230787572895,61230.817405749374,63506.73
2024-07-20,14,16,37238.52,57755.8575431039,61926.439112632244,62062.62
2024-07-27,14,16,28450.97,61775.30538485009,56458.19748304617,64670.07
2024-08-03,14,16,55279.63,62911.06743885812,58916.363267179986,59657.14
2024-08-10,14,16,55326.11,57238.13949132845,56029.86765373289,61392.59
2024-08-17,14,16,13517.75,54805.82636626789,54581.68133568804,58679.85
2024-08-24,14,16,71000.23,57538.87951285499,53611.50044299177,58684.113
2024-08-31,14,16,99660.92,53517.2624544206,54502.84349160942,61436.723
2024-06-01,14,17,17894.29,61185.08511829089,61230.750737548115,64710.8
2024-06-08,14,17,115612.55,56328.459588106234,58331.75540981153,64627.664
2024-06-15,14,17,50555.58,56697.68708175395,70630.91199532017,67273.63
2024-06-22,14,17,25756.58,58573.43830945755,62204.02875459714,64515.426
2024-06-29,14,17,94363.83,48244.256640502696,60781.374716846476,64414.453
2024-07-06,14,17,16862.74,79876.5645583256,84592.60403434819,95664.03
2024-07-13,14,17,83665.59,59146.161462930184,57748.16356387409,63916.848
2024-07-20,14,17,17793.76,53665.25793440753,58994.19234556279,63117.484
2024-07-27,14,17,78920.04,59393.68929435152,56244.13972308869,60070.613
2024-08-03,14,17,42773.33,60904.625898110295,60652.6641811702,66685.23
2024-08-10,14,17,32571.8,55595.86167462203,52917.67248698133,57961.793
2024-08-17,14,17,85532.7,52538.114397330086,54848.94974227205,58777.71
2024-08-24,14,17,81292.66,60004.81853698585,56409.319549408574,58998.996
2024-08-31,14,17,90655.81,53861.73321674106,57015.598861377155,59863.26
2024-06-01,14,18,37543.31,56625.506260649774,59452.23107849986,62903.31
2024-06-08,14,18,62033.18,49607.19973803855,59411.21598258384,59859.727
2024-06-15,14,18,73484.07,42788.08784068775,61096.52731375737,59954.24
2024-06-22,14,18,83601.88,52525.34610158568,57114.63715832513,60785.676
2024-06-29,14,18,10550.26,49553.90881453484,65470.32693076133,61820.566
2024-07-06,14,18,163443.64,76582.49461290409,67801.7681562451,77009.59
2024-07-13,14,18,24947.83,70290.85001198103,67768.31690799323,69942.16
2024-07-20,14,18,57114.92,62906.48771289597,70837.6027076409,69022.72
2024-07-27,14,18,30906.67,67842.31996305598,71745.35977404064,66315.28
2024-08-03,14,18,43305.96,68394.30912468734,69511.07489305022,67219.375
2024-08-10,14,18,92298.61,58234.621794383354,61651.959343631584,61476.773
2024-08-17,14,18,95505.32,60723.000413568116,57126.76818434987,62402.543
2024-08-24,14,18,78154.43,64867.67952456386,64327.107343800235,66170.805
2024-08-31,14,18,106479.82,61557.508751334106,68373.92988695992,66292.91
2024-06-01,14,19,110215.99,59357.135824779725,58008.61787882986,62865.246
2024-06-08,14,19,86476.18,57927.186769579836,60934.005768967516,65860.734
2024-06-15,14,19,89314.35,50834.782663107,58876.77624481967,66183.7
2024-06-22,14,19,63605.13,57317.883287784505,67543.38277202238,68480.64
2024-06-29,14,19,96558.77,49549.94894014358,62431.722413981246,63936.625
2024-07-06,14,19,123929.2,74253.15657936546,81866.50652054648,83419.98
2024-07-13,14,19,106577.44,66919.56876524564,72167.0578180169,68841.41
2024-07-20,14,19,114752.2,67557.42695981357,73904.5627570476,72161.9
2024-07-27,14,19,50664.4,76449.77491739605,76267.18387377996,72693.914
2024-08-03,14,19,94057.3,76020.91873726886,75862.48412911185,72364.15
2024-08-10,14,19,26783.32,76336.75501804554,77704.31357370988,71564.016
2024-08-17,14,19,17621.8,74504.1813777709,68905.44913244851,69183.5
2024-08-24,14,19,110933.97,73728.83280734823,74538.18543356772,69797.38
2024-08-31,14,19,11749.33,72442.72246793233,76028.95765920637,70519.21
2024-06-01,14,20,87065.93,52235.0809205296,56567.12034426562,61094.547
2024-06-08,14,20,83946.51,48404.31622550672,59996.38993233872,63599.312
2024-06-15,14,20,11538.91,47738.2212432971,65795.81350984609,62964.0
2024-06-22,14,20,120379.29,56567.23892725599,61752.840974877596,64423.348
2024-06-29,14,20,60931.02,57333.121600452,68941.54277000255,72185.125
2024-07-06,14,20,35481.27,81678.83741595817,77007.35055241977,91654.34
2024-07-13,14,20,106659.44,62395.92377578433,63240.220812810774,67769.42
2024-07-20,14,20,60530.94,61485.155504148024,67221.90061799702,74088.53
2024-07-27,14,20,93990.19,65917.43510407326,65410.901380036965,63781.85
2024-08-03,14,20,104438.53,65210.572954901545,68430.46552629338,68759.47
2024-08-10,14,20,25900.38,65372.81577646614,65982.31734778472,73658.516
2024-08-17,14,20,15893.49,67419.29731832782,70144.76988028707,67330.67
2024-08-24,14,20,19070.28,66654.37707866219,66512.09807413808,60707.03
2024-08-31,14,20,123267.21,60211.79898374991,61232.589538956236,67855.64
2024-06-01,15,1,69389.24,61402.90658405495,44391.634164270574,52302.555
2024-06-08,15,1,16399.19,62191.24361979149,44225.524650777224,48682.97
2024-06-15,15,1,13721.91,55245.95759809348,54127.44485993274,49809.684
2024-06-22,15,1,56628.91,51789.90615400073,55829.71044352361,51019.35
2024-06-29,15,1,86845.17,56089.797251462216,51559.29876341529,48211.645
2024-07-06,15,1,85646.8,77944.67342861497,72864.04600562119,62525.996
2024-07-13,15,1,74470.52,59227.79601166036,57366.01514492468,48886.344
2024-07-20,15,1,63352.22,61924.17894209666,49682.9188217193,42976.324
2024-07-27,15,1,74319.79,66055.52148577699,51289.602953394555,42125.58
2024-08-03,15,1,47607.78,64510.86337272822,49461.834507620726,47063.48
2024-08-10,15,1,62119.49,63677.059453304486,47966.74518577125,51104.246
2024-08-17,15,1,76625.0,75011.98969408468,47847.77486514271,48173.16
2024-08-24,15,1,15813.17,80025.38576820184,70774.91901388225,48450.504
2024-08-31,15,1,37902.98,71716.94010739986,54749.35613404889,54706.754
2024-06-01,15,2,90294.09,71705.17993983207,52312.07424483732,51792.73
2024-06-08,15,2,9429.48,69729.54733308611,53010.29917444359,52048.773
2024-06-15,15,2,92321.13,68283.64211494563,61526.52860281919,52785.77
2024-06-22,15,2,28584.79,70240.81899268311,64521.55654286586,51733.93
2024-06-29,15,2,63719.9,71449.83316649933,65121.099408994465,53866.41
2024-07-06,15,2,15770.07,88289.07174981872,79417.91003083113,69148.414
2024-07-13,15,2,80581.4,67092.83757720448,54540.22686032337,50330.105
2024-07-20,15,2,81597.23,70155.00450577491,51579.92167255115,52581.18
2024-07-27,15,2,85877.6,69975.3135631143,50469.38457189817,50256.79
2024-08-03,15,2,57777.32,66873.14670301654,52105.05821028362,53046.633
2024-08-10,15,2,63323.78,62781.64182112253,54366.14075201112,53103.926
2024-08-17,15,2,32818.69,69942.39833436976,53113.54548205451,53045.094
2024-08-24,15,2,43173.05,75441.1528403,56625.636231318684,51754.805
2024-08-31,15,2,89028.78,67942.95438516099,51966.08423872303,53439.082
2024-06-01,15,3,95569.96,60158.233068823385,59486.45883281446,57132.46
2024-06-08,15,3,82853.78,62749.13328820872,59695.73411360683,56310.645
2024-06-15,15,3,77428.93,58497.0948502508,57744.16035403787,53926.688
2024-06-22,15,3,81817.25,57931.10280793832,59992.717097387875,55910.055
2024-06-29,15,3,24992.61,61865.40780256826,57023.03365239171,51313.867
2024-07-06,15,3,119995.46,83564.34458423132,74791.21829149377,69425.234
2024-07-13,15,3,10350.89,73619.01909680295,64452.96666890404,57451.94
2024-07-20,15,3,25547.61,76181.29922246528,63989.8237426404,58754.184
2024-07-27,15,3,75941.93,76984.74505116369,66377.82266576999,59373.8
2024-08-03,15,3,70421.98,74894.33865357551,66195.7962249532,52783.91
2024-08-10,15,3,53640.78,65847.05599807983,55353.704360748234,55023.848
2024-08-17,15,3,94753.57,70058.21222895672,56233.773228002174,51308.523
2024-08-24,15,3,96005.14,73705.91350514,54470.40388090363,50905.074
2024-08-31,15,3,84691.03,72890.89361581343,58098.67509879007,50537.184
2024-06-01,15,4,70050.57,78943.92622802683,69114.64471890457,57628.844
2024-06-08,15,4,8521.18,73566.98984871802,69233.19491953286,56936.21
2024-06-15,15,4,100204.59,65183.98833221857,62997.474164196414,56092.18
2024-06-22,15,4,32857.23,71581.64490685123,65856.27597859433,59871.41
2024-06-29,15,4,58278.21,71183.39496714249,67195.45537927345,57954.145
2024-07-06,15,4,77659.98,86233.64992829433,78017.30218564457,66196.6
2024-07-13,15,4,80677.28,65596.50483098591,63018.08178545634,56556.21
2024-07-20,15,4,23124.6,69400.35871139236,63660.428422964265,57015.207
2024-07-27,15,4,19266.55,67949.15349133458,62673.873174760316,55268.96
2024-08-03,15,4,92282.25,64810.60452344508,61950.56621248674,58312.086
2024-08-10,15,4,64160.97,67524.08522681225,64576.35241969211,59567.83
2024-08-17,15,4,55050.65,71911.03535266017,64484.06975836057,60521.215
2024-08-24,15,4,27246.8,75005.07086661254,64757.701753171685,54443.207
2024-08-31,15,4,59433.15,67933.11202901872,64527.79051613541,54962.133
2024-06-01,15,5,44825.57,81454.8528557466,73157.00792458921,61647.22
2024-06-08,15,5,102060.49,76456.65307143188,73175.67373364932,61045.516
2024-06-15,15,5,89322.39,74321.89594086556,72876.83743361449,59754.477
2024-06-22,15,5,15635.78,73690.6396683213,73371.48641763465,58595.805
2024-06-29,15,5,14724.6,75016.58276829866,69915.7825896844,60681.566
2024-07-06,15,5,26485.26,92552.37029151106,76826.02466058263,75286.836
2024-07-13,15,5,12526.83,69131.5725937023,63836.316304156724,61759.887
2024-07-20,15,5,11492.22,61335.418181043635,57211.44373085153,60983.0
2024-07-27,15,5,13961.51,57882.11707132722,58337.897941738156,60926.42
2024-08-03,15,5,63154.76,53462.866124613625,61004.191490931924,60460.14
2024-08-10,15,5,93642.39,49253.17482895357,59058.85746388675,55712.25
2024-08-17,15,5,25807.22,59238.80531039977,60240.64001199067,55397.727
2024-08-24,15,5,98283.31,61752.378804680695,61721.88690888475,56762.12
2024-08-31,15,5,75710.12,61812.3537317247,62412.69338063157,59426.258
2024-06-01,15,6,69607.1,68288.17906657464,62214.75224204245,65169.953
2024-06-08,15,6,27913.98,64788.71836029211,60398.10253351588,62997.06
2024-06-15,15,6,55967.62,63239.497871061576,62950.73107195836,61460.73
2024-06-22,15,6,80100.68,60168.038373208394,60308.176473774154,64306.062
2024-06-29,15,6,88938.53,66234.16882993942,63815.13055585976,61986.656
2024-07-06,15,6,15544.15,86332.36302331818,81029.8032805496,75677.79
2024-07-13,15,6,54906.12,64485.47611256554,65177.809684548694,60178.406
2024-07-20,15,6,87196.55,66138.46163463531,61139.295123411146,60938.53
2024-07-27,15,6,39991.64,72454.0441163836,64622.722750913286,59094.746
2024-08-03,15,6,31416.9,66577.65435882562,64094.342189057854,62667.188
2024-08-10,15,6,91810.55,62306.07413109627,64234.38917646723,61092.72
2024-08-17,15,6,77428.83,74618.14739624545,64940.973478416214,59071.816
2024-08-24,15,6,21266.98,76313.2684563282,65065.5068710516,61974.383
2024-08-31,15,6,19130.97,67070.03118371154,61122.61298573627,62609.652
2024-06-01,15,7,16780.93,78303.90167891991,72863.80191030736,66401.23
2024-06-08,15,7,96242.46,71018.39730764096,64900.816213590355,63867.73
2024-06-15,15,7,83242.42,70500.40501190667,66456.77025793983,62980.6
2024-06-22,15,7,44336.03,71451.80479840862,65633.31366489093,64251.355
2024-06-29,15,7,14045.24,71035.11518779994,67022.81885580746,65559.04
2024-07-06,15,7,87756.84,84022.30438737199,76012.86967925663,80325.15
2024-07-13,15,7,20650.23,67258.30705215529,65090.17581890356,61990.246
2024-07-20,15,7,106878.51,66575.77935064497,60433.68388480328,62363.633
2024-07-27,15,7,92070.2,72964.24890110822,69553.32389267039,66490.39
2024-08-03,15,7,55150.37,74110.1663660609,68660.83107640303,62875.26
2024-08-10,15,7,65227.52,66250.28726153943,67151.58730734879,69412.0
2024-08-17,15,7,102065.93,72082.09935715157,64396.39307136557,64098.47
2024-08-24,15,7,20996.04,79462.25296915488,66836.35102132798,61826.484
2024-08-31,15,7,29027.14,75884.49000839691,67503.82375457854,61662.836
2024-06-01,15,8,27896.06,86154.04541993534,74354.42769792784,69686.93
2024-06-08,15,8,105701.21,78524.71470718714,73864.293970259,69542.54
2024-06-15,15,8,102790.6,74955.37564451335,74061.96905171408,72047.32
2024-06-22,15,8,28039.7,79943.58523614539,75470.08923852765,69709.95
2024-06-29,15,8,63518.84,79528.76777478174,76016.94784277247,73813.28
2024-07-06,15,8,85531.9,92766.46323358017,89613.48686947268,88838.07
2024-07-13,15,8,72262.88,71574.12602297499,66024.39732455029,65347.03
2024-07-20,15,8,64250.87,73400.52167858224,66208.69786252094,65587.81
2024-07-27,15,8,105337.59,72099.84942292102,66115.94242257411,65802.72
2024-08-03,15,8,46825.7,76228.01961106385,74329.5480718921,67386.97
2024-08-10,15,8,113514.08,69153.79197450762,73888.9006661146,70107.58
2024-08-17,15,8,63146.0,79456.80424309784,74185.36733157349,70756.09
2024-08-24,15,8,15275.14,85486.33540045653,74790.78467435957,70929.93
2024-08-31,15,8,71132.32,78097.75250630925,75466.3160074192,71781.35
2024-06-01,15,9,113247.06,77502.32247702283,73612.2297478344,69579.95
2024-06-08,15,9,20111.77,78414.84870353766,78949.6412384434,72324.664
2024-06-15,15,9,84688.45,79804.94099717017,77298.6644748291,73273.18
2024-06-22,15,9,30664.72,83025.92453082881,81889.46004535459,73908.3
2024-06-29,15,9,117845.7,84296.36643987423,75448.80788764676,72235.33
2024-07-06,15,9,95223.08,102057.72497771322,103004.46870683497,94096.55
2024-07-13,15,9,120787.74,80433.84958699759,74364.64701019762,72757.32
2024-07-20,15,9,42402.58,84747.61665746657,80582.60534721625,72194.28
2024-07-27,15,9,57673.6,80317.30948511782,74426.87433457118,71174.02
2024-08-03,15,9,120000.48,75454.23636632058,74399.9621600132,73685.28
2024-08-10,15,9,63510.49,79806.12867441788,76343.03080169702,70522.37
2024-08-17,15,9,113264.55,84619.6751458437,74696.87276237702,74136.41
2024-08-24,15,9,28875.0,92402.47805678882,80760.19009589664,72603.48
2024-08-31,15,9,24886.59,83699.0009169802,75688.40563788959,73661.79
2024-06-01,15,10,100435.46,68828.31494049332,76007.29131285909,69621.14
2024-06-08,15,10,56576.94,65902.21765206836,72521.76789300735,66962.65
2024-06-15,15,10,88727.04,63020.11406354528,66082.19674546437,65512.18
2024-06-22,15,10,12582.15,61207.00751971939,64156.68096031897,65688.4
2024-06-29,15,10,112470.78,67545.55741495622,68833.05994212907,69330.55
2024-07-06,15,10,66257.13,92082.72470968866,83236.82843127957,86399.49
2024-07-13,15,10,38353.67,74821.19698815426,73961.41713953161,73781.805
2024-07-20,15,10,121651.24,77535.08233935427,75784.93125128023,75321.5
2024-07-27,15,10,25481.53,80313.62447427225,74493.9458463563,73252.266
2024-08-03,15,10,22859.3,73429.77287838983,67239.58506386424,70062.63
2024-08-10,15,10,47711.72,67872.65315217458,67602.88697251206,72237.695
2024-08-17,15,10,103334.54,75402.39026794524,77060.41414424124,70146.82
2024-08-24,15,10,123685.78,81934.01024668282,68068.06380139952,71940.39
2024-08-31,15,10,13116.31,77313.67329314095,72393.14899273294,72613.34
2024-06-01,15,11,41480.95,84813.3261436091,80082.08377906615,77956.945
2024-06-08,15,11,45506.06,83575.56086008003,79971.04065955059,79053.32
2024-06-15,15,11,36050.58,83844.03293857537,80173.3609969243,76340.5
2024-06-22,15,11,48941.54,76985.48731373606,76420.26367491354,75524.84
2024-06-29,15,11,17273.89,74910.15398041345,76518.25887743413,78139.24
2024-07-06,15,11,143378.32,85850.35497613039,82418.78702415268,87728.61
2024-07-13,15,11,115468.86,76309.43304566242,78701.86390451642,74928.445
2024-07-20,15,11,35756.46,77327.9817030711,83013.17298782394,72063.83
2024-07-27,15,11,103913.39,73803.0635578727,77625.23184050234,75199.12
2024-08-03,15,11,68935.53,75125.43048314599,80508.66228089166,71140.46
2024-08-10,15,11,30731.8,71925.57265631948,74156.15073068303,76167.53
2024-08-17,15,11,25297.36,79023.56874534328,74419.95307417965,75489.484
2024-08-24,15,11,113209.94,82890.4283907516,68598.43178715186,71469.13
2024-08-31,15,11,24164.93,84173.61755811714,76916.62344191603,83144.09
2024-06-01,15,12,64501.75,80468.95205034036,76597.43984430768,78483.945
2024-06-08,15,12,13447.75,77661.52527430071,75749.51005453075,77523.72
2024-06-15,15,12,25586.71,72574.16050300581,75038.2018772209,75082.01
2024-06-22,15,12,47030.8,61394.12299710587,60815.892657236385,68608.9
2024-06-29,15,12,60675.63,62491.48815627813,61241.40743854032,69494.0
2024-07-06,15,12,175342.04,80655.68435190432,64849.8517337298,82506.88
2024-07-13,15,12,112352.43,76180.85748876986,75654.93605526614,79254.43
2024-07-20,15,12,65991.0,75434.48648359434,84171.52251974159,75136.484
2024-07-27,15,12,119744.07,77288.24051873497,79726.76375080546,79026.23
2024-08-03,15,12,138648.8,79717.75051421617,80148.98938927596,78726.89
2024-08-10,15,12,40372.01,81889.74795279605,81147.82376907139,79097.266
2024-08-17,15,12,121533.66,93042.87853696558,83216.53241840337,81075.04
2024-08-24,15,12,54406.16,102045.4484778351,85567.92956404151,81216.234
2024-08-31,15,12,24839.45,97444.25950980111,84582.38486788954,81986.87
2024-06-01,15,13,20152.75,81803.60542375845,74597.46182338253,76559.09
2024-06-08,15,13,68217.31,76691.06622740952,75500.59213154376,80694.04
2024-06-15,15,13,109637.85,69135.99954289515,65393.48697842542,73292.96
2024-06-22,15,13,76005.66,72134.76596398218,69798.8829069174,75052.75
2024-06-29,15,13,55233.31,73396.54204057678,69476.70276473547,75938.555
2024-07-06,15,13,31086.46,88519.35333674148,84949.96233978926,90948.57
2024-07-13,15,13,113028.56,68564.74397000595,66655.14629646945,73832.6
2024-07-20,15,13,132235.14,74335.7870996701,66029.31656607344,73188.86
2024-07-27,15,13,26405.61,81730.02175317958,78170.93965551724,83109.97
2024-08-03,15,13,79033.65,79912.7393685503,78723.7995827821,78417.734
2024-08-10,15,13,101968.12,76457.66472881165,77737.92227759556,77648.4
2024-08-17,15,13,27062.92,84953.33853539484,77630.25766801638,78371.94
2024-08-24,15,13,30403.64,82901.2839092268,76820.95917917496,79975.38
2024-08-31,15,13,110520.48,76813.38938746389,70308.90480048643,77123.54
2024-06-01,15,14,131125.41,84380.20509692546,78560.38249109467,81145.68
2024-06-08,15,14,78977.96,86103.39542656331,81567.11978419732,83466.48
2024-06-15,15,14,90031.1,84926.59892014635,81082.04018237979,80470.22
2024-06-22,15,14,78175.15,81526.39363691024,80314.86996087185,82897.89
2024-06-29,15,14,22027.4,87032.0811577111,80409.4268066845,82949.766
2024-07-06,15,14,140821.96,102077.44821806418,102137.30814620525,111265.086
2024-07-13,15,14,48931.84,88012.24769517282,85091.79737076255,83389.96
2024-07-20,15,14,148083.07,85866.81072162249,79509.16389523921,78779.86
2024-07-27,15,14,70657.45,92045.35158731381,85551.03366529748,83693.266
2024-08-03,15,14,72182.96,84351.0756865257,81670.80818644722,74943.2
2024-08-10,15,14,91566.83,78262.17538038871,79407.41473475579,83085.125
2024-08-17,15,14,65274.13,87005.8979927779,78947.37613926135,81559.39
2024-08-24,15,14,89378.4,85384.35326516465,79290.54097485308,81657.02
2024-08-31,15,14,129130.97,84237.8358281386,80837.1713821759,82780.75
2024-06-01,15,15,55399.11,90841.3432377076,82959.11800324799,85952.12
2024-06-08,15,15,109058.58,82459.02506202212,90569.22773798979,88738.836
2024-06-15,15,15,116579.57,85121.85918795157,82108.22799234136,86011.26
2024-06-22,15,15,109039.1,80394.88870782484,81207.16757398596,88024.13
2024-06-29,15,15,28353.48,81929.10958460128,80723.92959093301,89192.97
2024-07-06,15,15,142458.82,101645.28187901518,107572.02645325183,119952.63
2024-07-13,15,15,100564.28,88579.43185802244,84822.64497942947,83331.27
2024-07-20,15,15,50192.9,88635.91736842587,83262.68309658571,86161.44
2024-07-27,15,15,103775.9,88487.78146276044,84476.98139038957,87534.766
2024-08-03,15,15,106772.87,88669.25208417245,82200.52813879398,81926.234
2024-08-10,15,15,31218.43,82594.75096637078,80621.09788115292,83611.305
2024-08-17,15,15,144787.41,86274.20078846093,86264.15745177811,86339.94
2024-08-24,15,15,30156.67,94382.07805595605,85370.78802483896,88899.7
2024-08-31,15,15,128148.02,90536.59868709338,85289.07262284121,89981.65
2024-06-01,15,16,93035.43,79516.94596459839,86347.62044285247,94158.65
2024-06-08,15,16,48772.92,80690.10246830827,81899.51890876195,87905.9
2024-06-15,15,16,98297.22,72823.65498676719,86197.19530865029,89672.52
2024-06-22,15,16,87954.12,71139.35331743475,87681.45640865254,89217.58
2024-06-29,15,16,95655.42,73381.68018496738,85498.8021144205,85641.24
2024-07-06,15,16,47484.75,91212.38974841192,100952.54839381784,107696.14
2024-07-13,15,16,25537.85,72362.92460267074,82358.40623175605,85651.47
2024-07-20,15,16,152215.06,77303.23936865578,87685.55142307721,87530.71
2024-07-27,15,16,123276.76,87108.14075850128,79633.41345319802,83662.984
2024-08-03,15,16,45973.17,86054.81199465576,85027.07950122168,89209.28
2024-08-10,15,16,82967.89,80513.81592329414,82924.47346606804,88437.375
2024-08-17,15,16,52368.93,87368.38942168161,82534.96734614814,86275.5
2024-08-24,15,16,111680.66,87374.65217594808,88516.0753728473,86039.55
2024-08-31,15,16,158034.23,81706.09290637387,84171.08576747956,86701.664
2024-06-01,15,17,162017.58,92512.44605974399,84495.9792337055,90999.65
2024-06-08,15,17,140978.19,96328.18340581571,93963.86669336783,95840.836
2024-06-15,15,17,15324.93,94342.09816722028,89818.30127004023,84752.14
2024-06-22,15,17,136036.3,90768.90666254482,89781.95547371666,88231.39
2024-06-29,15,17,62397.85,101081.87484782605,88428.8150583133,88852.82
2024-07-06,15,17,123379.71,112475.18477937035,119409.30734265802,127875.055
2024-07-13,15,17,86295.18,95116.4154915238,93160.01926633448,91735.89
2024-07-20,15,17,85984.47,97121.53602337776,89781.75266643715,89147.76
2024-07-27,15,17,156646.89,91126.52313062627,87769.90920064127,84393.39
2024-08-03,15,17,140999.84,90151.60901287495,88673.01296174357,83632.086
2024-08-10,15,17,36572.95,86065.0617978196,88086.31539056082,88082.86
2024-08-17,15,17,14836.23,98121.25914992046,87286.21388706887,90853.805
2024-08-24,15,17,146509.41,98787.97869538778,86097.43638962718,92238.12
2024-08-31,15,17,146922.0,99665.84462761934,88858.87336822906,90504.086
2024-06-01,15,18,41803.44,100787.4433016619,105273.33326764658,92340.984
2024-06-08,15,18,88187.53,93961.56051591327,100727.3492306475,94801.336
2024-06-15,15,18,164657.46,81416.37247573445,91745.63752748193,91299.33
2024-06-22,15,18,149410.8,85139.08743788936,91116.68540407455,96054.59
2024-06-29,15,18,20521.01,92535.47483770823,93941.85948178956,92158.016
2024-07-06,15,18,116363.88,108419.38475548354,116585.98560251956,119726.81
2024-07-13,15,18,156467.73,89585.44470130475,98848.61715815924,92625.28
2024-07-20,15,18,112434.13,99962.72860416718,93823.82656631048,94538.95
2024-07-27,15,18,44847.04,98098.29572244242,95159.00773135797,93257.62
2024-08-03,15,18,87624.04,94939.82877268572,95821.93038667181,90455.29
2024-08-10,15,18,76576.06,92489.73178446828,100914.52580144588,90261.78
2024-08-17,15,18,80059.07,92113.64450693628,94319.78934267069,86397.39
2024-08-24,15,18,94944.04,88905.81624902648,96590.05537972074,88035.77
2024-08-31,15,18,80022.87,86578.65323649262,87337.08915891558,88014.25
2024-06-01,15,19,154886.96,81480.56045870174,97804.513402996,94770.29
2024-06-08,15,19,121148.96,86257.00747061815,88955.89074567523,96651.69
2024-06-15,15,19,33801.28,79304.4976159402,84641.93085624362,87593.695
2024-06-22,15,19,102216.59,81723.25409508296,90165.85724620866,95112.086
2024-06-29,15,19,149963.48,87929.12582283787,88205.57337124286,95862.734
2024-07-06,15,19,60981.1,111448.04119374347,114596.36901004818,110522.2
2024-07-13,15,19,95799.54,93079.69464390608,96867.5405479091,95866.805
2024-07-20,15,19,135369.11,92765.80888256099,88487.42593451665,90915.87
2024-07-27,15,19,159196.23,97239.30597969817,98745.03144763337,93704.14
2024-08-03,15,19,80085.47,94135.90676191478,100607.94892398691,92944.25
2024-08-10,15,19,52962.06,86212.4575361617,90272.35936506094,94882.07
2024-08-17,15,19,164309.09,99015.01932300793,95786.64667038154,93807.164
2024-08-24,15,19,51182.05,108608.47484250626,101142.13371091198,90129.29
2024-08-31,15,19,85788.99,95624.70619144189,89836.26838340193,94347.34
2024-06-01,15,20,56973.67,101716.81792811857,107064.46158844157,105184.31
2024-06-08,15,20,91304.3,102293.19145211767,116424.76254487116,110820.95
2024-06-15,15,20,131014.71,104557.89742718355,107500.29891838312,104683.08
2024-06-22,15,20,153464.05,100081.78874552122,103307.93281486545,100374.64
2024-06-29,15,20,103909.74,103751.5268878935,106212.42544735079,101134.914
2024-07-06,15,20,98974.03,116955.79176917969,114738.02476944996,123162.17
2024-07-13,15,20,20122.86,93481.90307829631,101304.9090279446,103117.28
2024-07-20,15,20,75449.8,92751.48629876514,95200.84261355002,100489.58
2024-07-27,15,20,153607.7,90131.59121416116,87934.76580478782,99750.08
2024-08-03,15,20,84167.01,96980.73729323794,97620.79102138922,97531.74
2024-08-10,15,20,94660.35,90147.65378113821,97468.95212637933,102028.805
2024-08-17,15,20,84142.89,92304.36025265057,87363.86700655824,93381.34
2024-08-24,15,20,66148.16,92031.2348943144,86368.89806442022,95767.15
2024-08-31,15,20,65036.59,80593.6001692003,91329.2994495673,101263.12
2024-06-01,16,1,32296.12,55813.25630251035,43745.27461692827,41714.85
2024-06-08,16,1,43576.22,48439.80299574226,44403.50576857095,42616.86
2024-06-15,16,1,15982.51,54911.25396672551,44228.88122619121,42996.742
2024-06-22,16,1,58153.31,54881.773385449495,44887.85324055207,39602.695
2024-06-29,16,1,76044.42,56571.37567060692,41853.792242005475,41778.43
2024-07-06,16,1,84102.02,60340.48001280575,63877.136148913785,58468.53
2024-07-13,16,1,52774.57,57282.24314062985,47788.55428891833,44411.445
2024-07-20,16,1,64590.3,56235.956416381036,40579.845269563746,41043.62
2024-07-27,16,1,33567.55,58302.95979532443,44696.99055153074,41325.227
2024-08-03,16,1,53802.17,60393.59355891152,42424.86448279449,42145.87
2024-08-10,16,1,8094.5,64346.024574107905,41993.28524394241,42193.395
2024-08-17,16,1,39788.51,57600.62429259033,48203.705428978195,46218.2
2024-08-24,16,1,51883.05,59602.73711898951,44233.1076741439,41139.34
2024-08-31,16,1,25067.3,60066.0462017842,46295.97554881089,43886.926
2024-06-01,16,2,53081.25,59884.01089932361,51807.38222864938,47326.953
2024-06-08,16,2,70829.73,54761.63654260632,53881.578287305616,47395.21
2024-06-15,16,2,51627.17,60373.66847206129,52416.971249855196,48908.406
2024-06-22,16,2,35338.0,61514.114520915544,53761.689149356884,48982.977
2024-06-29,16,2,42006.4,63631.48054726951,52362.93871721367,47272.2
2024-07-06,16,2,56700.01,63670.07506881026,64960.288292263336,62375.55
2024-07-13,16,2,64841.87,55463.86648579069,53550.8083977098,48071.44
2024-07-20,16,2,75604.18,55718.120126353206,53866.09069169713,50130.7
2024-07-27,16,2,79573.12,60019.16223319692,50255.60743607604,49124.438
2024-08-03,16,2,46630.12,60856.85821511478,51126.89874564656,46169.645
2024-08-10,16,2,75464.92,64313.83913065031,50535.12786773346,46844.305
2024-08-17,16,2,72148.85,57836.64159348925,51720.01283584738,48414.367
2024-08-24,16,2,81878.32,64679.47747520479,55429.91773406374,49528.996
2024-08-31,16,2,12920.25,68569.10381783277,50793.680411382724,47603.656
2024-06-01,16,3,18121.18,62430.972667939066,55331.53730222866,51170.85
2024-06-08,16,3,80047.15,56605.985541105554,52676.697540422574,50207.92
2024-06-15,16,3,59917.17,63683.16685599702,50031.01785053537,48192.76
2024-06-22,16,3,81934.33,65698.45833765648,49765.738688109406,50005.23
2024-06-29,16,3,82739.05,66185.4812609046,49824.91547569437,48156.805
2024-07-06,16,3,90637.47,63314.76696321177,78493.25799431278,67212.31
2024-07-13,16,3,33458.89,59605.78111878501,48093.990844208776,46748.414
2024-07-20,16,3,15182.75,61193.697924453976,53727.454010224705,46170.887
2024-07-27,16,3,81390.48,65441.53528322133,58908.35347839735,51065.043
2024-08-03,16,3,54756.08,70458.90318433355,62188.47731820996,50014.7
2024-08-10,16,3,26557.38,70978.65178601327,53975.56972708211,49719.664
2024-08-17,16,3,72537.03,59518.55144726541,53037.11749189671,47176.54
2024-08-24,16,3,61787.32,62858.111358615344,54167.59210069972,47713.9
2024-08-31,16,3,40442.88,62015.99327594118,51261.06701923587,50427.992
2024-06-01,16,4,62120.77,50598.59304987906,52964.13181737713,49539.074
2024-06-08,16,4,66881.75,46667.34343342337,54469.49519407021,52538.02
2024-06-15,16,4,87700.17,54811.87855667223,53198.70376098804,49444.03
2024-06-22,16,4,30604.79,59051.39125838348,54450.2525256344,48927.75
2024-06-29,16,4,55295.92,62156.075424161354,53605.52116328421,50581.336
2024-07-06,16,4,9029.79,64786.89838397898,57433.64147210219,61235.527
2024-07-13,16,4,29749.36,60500.44192655372,55385.53944758985,54174.047
2024-07-20,16,4,43251.47,57190.23790013212,53917.607654401945,51080.453
2024-07-27,16,4,88111.95,58322.63779219501,54222.26360668265,50337.508
2024-08-03,16,4,57254.6,61210.06201904623,54730.81694704523,51179.457
2024-08-10,16,4,53414.95,62479.96829102057,54815.95856878826,49743.023
2024-08-17,16,4,66802.32,50568.11153181457,55983.14429079674,50372.484
2024-08-24,16,4,58915.41,57206.87477572992,54833.273798013375,48997.816
2024-08-31,16,4,47452.92,57666.476414618,55317.031807757776,49295.168
2024-06-01,16,5,73830.56,62400.91430352363,54324.629461565666,52453.26
2024-06-08,16,5,66920.2,61121.073988894546,59603.50139686021,53290.61
2024-06-15,16,5,80453.04,65671.16354393316,58714.890049447014,54070.086
2024-06-22,16,5,94111.04,66424.83121132228,58730.997469334696,53131.9
2024-06-29,16,5,27172.59,69840.43444799923,60366.79199882068,54497.07
2024-07-06,16,5,19166.53,68889.18262356403,77150.85566630648,68370.516
2024-07-13,16,5,68614.77,61741.45896314098,55978.46156540862,54881.8
2024-07-20,16,5,87430.7,65119.23208110037,59986.82546265174,54925.934
2024-07-27,16,5,85544.79,68293.07891988684,61295.40238548572,56850.562
2024-08-03,16,5,80776.43,67706.07912016436,60721.662326000325,52698.598
2024-08-10,16,5,83039.34,68852.40202419503,60873.51946392912,54720.625
2024-08-17,16,5,65274.81,59548.459457377096,61739.605909022015,50484.87
2024-08-24,16,5,59765.87,63339.08142205391,61021.97103546338,53311.816
2024-08-31,16,5,57127.74,68161.77115911714,60641.86674415379,53713.727
2024-06-01,16,6,45949.74,53358.39778591392,55076.108533382205,58617.316
2024-06-08,16,6,66038.83,50198.333154319036,56853.737516321096,56930.246
2024-06-15,16,6,31243.19,57575.04332985725,54712.67024725134,56817.1
2024-06-22,16,6,88867.36,56790.546257787755,54941.416958332615,58368.32
2024-06-29,16,6,48763.67,62581.4940393284,55797.065201621845,58331.414
2024-07-06,16,6,100844.71,63453.76707443137,62119.77180414007,70952.79
2024-07-13,16,6,16327.67,61456.30505527653,62936.84557602499,56790.18
2024-07-20,16,6,82674.85,61288.47195869611,64034.06697280383,59590.055
2024-07-27,16,6,78080.63,66059.38328789306,65188.12305646261,58910.64
2024-08-03,16,6,68954.5,68698.22399689478,66635.13937947006,57794.242
2024-08-10,16,6,38748.87,71116.24934501885,63317.8037753631,58494.996
2024-08-17,16,6,33893.79,61599.475596016586,63004.1644580102,56029.92
2024-08-24,16,6,41380.08,63328.5884855113,62050.25238114339,56492.145
2024-08-31,16,6,60423.89,63856.33404098538,62389.2226740023,58420.184
2024-06-01,16,7,57673.81,70935.50254888422,72954.66544664007,67646.23
2024-06-08,16,7,62892.73,61820.4723440474,62988.80703215515,58172.727
2024-06-15,16,7,59625.39,64678.86678151803,62456.26017286864,58784.25
2024-06-22,16,7,79550.23,65058.4021528673,60879.76736988258,59463.125
2024-06-29,16,7,51384.09,68658.61308569275,62216.06354494961,59654.547
2024-07-06,16,7,47196.82,69848.5634478193,80829.08817708946,75523.4
2024-07-13,16,7,61938.99,62185.079920593875,61103.446289176296,60046.082
2024-07-20,16,7,47184.19,62306.41097950808,61948.07237405723,60246.09
2024-07-27,16,7,9949.52,60629.44176864107,60893.17918363186,59958.59
2024-08-03,16,7,34939.2,60187.99034279935,55695.09037800818,56869.254
2024-08-10,16,7,103172.73,63297.212693732705,55173.589480664145,56247.387
2024-08-17,16,7,58977.54,59976.63862243828,65077.86426360196,62543.43
2024-08-24,16,7,36125.05,61442.537325114165,55124.22059703853,58524.09
2024-08-31,16,7,37419.36,60606.725998264235,56009.661400649835,56652.227
2024-06-01,16,8,10501.11,65661.75171102158,63386.01867084897,62309.668
2024-06-08,16,8,97720.54,55506.71092491551,59978.792822621006,61216.793
2024-06-15,16,8,28483.34,66808.31732728964,73582.54639781167,61206.19
2024-06-22,16,8,30916.82,65382.2496610265,63706.939925884166,58354.74
2024-06-29,16,8,97197.29,60430.11879925087,55443.28034478362,59547.05
2024-07-06,16,8,73328.92,66075.5254132849,78419.55634408511,72969.76
2024-07-13,16,8,96522.09,62854.87441249073,63056.99060373675,59627.934
2024-07-20,16,8,18411.94,66049.22844938943,64554.62104392234,60645.023
2024-07-27,16,8,52949.12,63908.04248353374,66686.55767009559,60131.598
2024-08-03,16,8,13766.61,66607.19002218687,64163.86117242761,60003.242
2024-08-10,16,8,27882.54,67521.3693254533,57705.61560046941,60203.906
2024-08-17,16,8,42768.62,55267.9282852243,56020.68437994468,58457.74
2024-08-24,16,8,81665.97,60286.21766574548,56793.48987569171,58596.543
2024-08-31,16,8,95846.14,61943.73616775397,55195.45811253253,58079.79
2024-06-01,16,9,103052.81,67483.10175731403,63604.01101887599,64801.11
2024-06-08,16,9,89019.72,61090.067430900286,62907.65341168613,63298.445
2024-06-15,16,9,57542.94,67204.98578511784,63034.68614293661,63635.047
2024-06-22,16,9,78638.36,71284.30750188488,70621.79727056508,68687.18
2024-06-29,16,9,63621.77,74634.87455872932,72492.93224966101,70425.195
2024-07-06,16,9,139479.83,76295.61834731221,91295.09222091736,81436.53
2024-07-13,16,9,71870.11,77256.52568991954,79009.30016755387,69430.82
2024-07-20,16,9,42745.86,75525.59043883518,72293.82645502585,67867.93
2024-07-27,16,9,109599.64,76720.54093298817,73848.87328817745,69481.16
2024-08-03,16,9,51117.16,78788.71176147714,74824.05327033525,66558.82
2024-08-10,16,9,31124.61,78284.68524062814,72858.75008506874,67024.07
2024-08-17,16,9,69147.09,68501.8275433022,72722.2386939882,70927.49
2024-08-24,16,9,39575.75,73145.31761766248,72353.69129011405,69843.9
2024-08-31,16,9,42210.16,69836.82645062351,66604.63729375816,68061.83
2024-06-01,16,10,97292.26,65174.65746528467,65031.62389475316,64872.152
2024-06-08,16,10,86901.88,60877.581690341445,63791.200268956025,64228.54
2024-06-15,16,10,92264.05,66243.95680919845,66704.9264389444,66790.336
2024-06-22,16,10,26173.3,68439.64492012368,70476.42831309066,65571.06
2024-06-29,16,10,97204.58,72189.71512105412,64995.7772535346,65409.676
2024-07-06,16,10,30960.94,77655.47192093759,83583.8402249204,86048.63
2024-07-13,16,10,49997.58,70720.31314376753,65879.58235575788,67149.02
2024-07-20,16,10,97072.22,70105.59476179763,73501.99136383538,71886.33
2024-07-27,16,10,21558.23,72699.76099331563,72081.49294741341,70613.625
2024-08-03,16,10,80033.92,66843.6759652152,64449.91528603171,66077.79
2024-08-10,16,10,64143.19,70548.2435217225,64870.75542526219,64322.242
2024-08-17,16,10,108118.88,60702.12681122563,63663.19144355059,61229.863
2024-08-24,16,10,107877.05,69504.57257807258,67275.92436883245,66372.42
2024-08-31,16,10,72259.03,69481.42064366367,71049.69014759036,68433.85
2024-06-01,16,11,91841.15,72374.08669844712,72931.53569340892,68748.41
2024-06-08,16,11,55739.77,69903.90003424464,73826.3536462477,70954.4
2024-06-15,16,11,94822.49,74683.63491022572,72913.53613957972,70894.71
2024-06-22,16,11,77129.76,82545.53134722821,75815.08734391292,69798.96
2024-06-29,16,11,101543.37,82694.05275002887,75395.72217130235,70508.56
2024-07-06,16,11,77702.25,81625.92430935922,94333.62841442678,94676.14
2024-07-13,16,11,95988.58,73901.83377437713,72474.01883992877,69428.65
2024-07-20,16,11,36316.3,74159.90472876147,74711.6538368041,69180.3
2024-07-27,16,11,91394.01,74599.64994652927,72409.181670306,69872.56
2024-08-03,16,11,35035.97,74688.37524047433,72641.52009047792,68205.36
2024-08-10,16,11,18562.19,79067.8180121711,72911.89080983319,70110.02
2024-08-17,16,11,71568.06,64952.014095399245,64590.69880610265,65813.08
2024-08-24,16,11,31518.07,69862.69529474608,65442.294392839736,67555.25
2024-08-31,16,11,44978.24,64628.042021462454,63249.70651542742,64260.71
2024-06-01,16,12,18142.35,70164.49919386755,71504.13557659723,69892.984
2024-06-08,16,12,63673.43,64610.620306717894,64779.024396455956,66487.8
2024-06-15,16,12,99510.85,68276.4515451556,65799.90003700051,67477.81
2024-06-22,16,12,90892.63,71957.82169008141,64031.92708314453,66571.164
2024-06-29,16,12,68942.1,72201.15840154415,67381.61076993131,68539.69
2024-07-06,16,12,166829.74,71341.24300421955,85628.60304136173,84108.79
2024-07-13,16,12,52510.0,74870.87517276977,79631.48965607533,74156.25
2024-07-20,16,12,117836.57,74805.72406656898,76767.34907122263,72146.13
2024-07-27,16,12,96092.43,80113.50120646911,78868.74394729425,74853.72
2024-08-03,16,12,122679.68,86173.75223227614,81980.48531051028,72903.04
2024-08-10,16,12,12155.25,90589.32482028613,78867.73793229615,70786.34
2024-08-17,16,12,125590.19,80142.11592803491,78544.68039340494,69096.64
2024-08-24,16,12,122817.34,87667.17689951227,83238.57616049924,74238.87
2024-08-31,16,12,105936.5,93117.28325289878,80182.12830163792,74114.914
2024-06-01,16,13,36758.34,64868.29728550846,65679.67330346395,65375.8
2024-06-08,16,13,62680.95,58786.269195322406,65192.45499301336,65755.94
2024-06-15,16,13,35411.83,64414.85922219579,64765.94995677069,62477.75
2024-06-22,16,13,50168.32,62046.644944122636,56662.37726966542,63561.125
2024-06-29,16,13,22553.92,64145.568648076725,54728.41823968401,64480.51
2024-07-06,16,13,154268.94,64097.60350971735,67828.27618581835,79563.6
2024-07-13,16,13,40694.12,72850.3443522854,77711.01722474593,71524.34
2024-07-20,16,13,54175.24,66642.11335474192,74121.67123285815,68083.71
2024-07-27,16,13,36271.33,66619.52651127859,78426.1288616338,70265.66
2024-08-03,16,13,128676.35,68416.20445150248,79790.24243593792,67779.99
2024-08-10,16,13,90098.59,74422.59573157711,71041.49344342665,71640.26
2024-08-17,16,13,70309.9,68122.56929604986,74223.12729145215,74650.234
2024-08-24,16,13,63067.35,72620.02713307197,74391.76574521956,75398.62
2024-08-31,16,13,129885.34,76363.5864723504,77186.66062865265,72013.266
2024-06-01,16,14,133088.45,72522.55675873382,77062.66743017653,74898.586
2024-06-08,16,14,134250.88,74258.03139960644,77276.50282396872,76930.04
2024-06-15,16,14,63227.5,85408.72706786191,79729.57537696928,77042.12
2024-06-22,16,14,133708.26,84186.58939866684,82897.0243646949,79093.08
2024-06-29,16,14,110422.67,94603.07982137398,84681.40191338204,76453.33
2024-07-06,16,14,113078.46,94435.53471757649,98686.32237639825,95914.53
2024-07-13,16,14,21836.39,87517.87893954932,82456.99890703332,77404.195
2024-07-20,16,14,116259.72,88080.4318490143,76323.92944363429,77166.516
2024-07-27,16,14,125588.12,90790.88641541346,78421.91266827595,75111.55
2024-08-03,16,14,67257.99,90624.55035594743,82387.19605466769,74009.74
2024-08-10,16,14,67772.54,88858.0756320148,80325.52316300487,76002.85
2024-08-17,16,14,32113.27,78502.39051775192,78129.27734303998,75135.05
2024-08-24,16,14,22756.08,78461.55538870126,77034.41410485345,76756.63
2024-08-31,16,14,32061.55,72191.85777310803,79269.33665080366,79090.086
2024-06-01,16,15,69861.28,80711.57877737068,84532.98547265871,84301.49
2024-06-08,16,15,128745.89,74062.88729648961,85238.70226651322,82208.96
2024-06-15,16,15,100987.48,76880.44479473052,85982.85793205112,78278.164
2024-06-22,16,15,22483.03,78384.23648900405,80298.76530384988,78040.27
2024-06-29,16,15,131076.83,80957.44597980665,84683.68465330185,83157.4
2024-07-06,16,15,167279.72,90349.25926771658,98786.21465951685,95427.3
2024-07-13,16,15,121997.11,95694.05666517696,85713.7433607543,79728.52
2024-07-20,16,15,65704.51,91584.58643383105,80236.17107416957,80323.14
2024-07-27,16,15,38683.71,86679.68702618338,78325.82118594926,79165.875
2024-08-03,16,15,134064.89,89184.51681084692,80361.96936341163,77696.54
2024-08-10,16,15,101876.76,92643.28916533748,79917.53620553162,77879.484
2024-08-17,16,15,136117.33,82767.93782440785,79451.03629646159,80251.64
2024-08-24,16,15,16346.29,93348.75932325635,86844.8158263523,83945.75
2024-08-31,16,15,132991.54,89830.32831288534,79615.14357689348,78155.21
2024-06-01,16,16,126900.59,73708.35419432409,85010.3002684242,81725.36
2024-06-08,16,16,25659.17,73736.68221591698,79874.39392178068,84115.09
2024-06-15,16,16,25372.65,74137.44109675806,79533.90226040925,81592.69
2024-06-22,16,16,90665.99,73048.93205233797,83827.15701290425,78736.9
2024-06-29,16,16,139883.88,79746.51106380773,76632.15510891928,76265.61
2024-07-06,16,16,145572.14,85454.7413734837,94990.87449795984,103523.16
2024-07-13,16,16,96058.81,82823.50578663868,86023.29766623836,82637.93
2024-07-20,16,16,81685.27,79548.45244839191,79929.2421262071,78104.49
2024-07-27,16,16,135616.84,80074.28097913528,79552.68422448971,82669.95
2024-08-03,16,16,109417.44,81907.57148552316,80870.85105687616,79486.28
2024-08-10,16,16,137181.66,90287.13744952218,82516.90243893131,80261.59
2024-08-17,16,16,34053.69,88860.0198796549,89254.2772550436,83798.93
2024-08-24,16,16,120859.82,93558.9971295755,85095.39087131637,83684.25
2024-08-31,16,16,21036.45,94016.63444785264,85649.36030366273,81951.85
2024-06-01,16,17,103739.35,81778.95254795643,77084.55511920564,77793.39
2024-06-08,16,17,75778.52,72635.05623888382,78086.77090622943,81681.05
2024-06-15,16,17,57333.67,76130.42331625143,78990.79463949415,78653.875
2024-06-22,16,17,109557.27,78069.4222195248,74068.75404795498,78725.99
2024-06-29,16,17,47378.91,79905.34831644318,73832.73672914262,78739.98
2024-07-06,16,17,139213.4,80308.8517168249,102530.49793645382,99130.97
2024-07-13,16,17,76087.09,82897.19562306986,80897.06165747467,80813.54
2024-07-20,16,17,119761.16,80670.80751512377,79686.4569815251,83021.39
2024-07-27,16,17,93291.97,81619.42469462965,82467.82774446637,79678.68
2024-08-03,16,17,100798.4,79689.35737888585,80570.62263978101,79354.57
2024-08-10,16,17,139606.76,83735.1094336262,82190.49399182732,78275.055
2024-08-17,16,17,90044.88,81099.54666185804,80817.66804371055,81380.35
2024-08-24,16,17,82025.54,84171.89789946636,81709.46035783096,79396.96
2024-08-31,16,17,120944.29,88577.63339460135,84315.02070475521,82416.16
2024-06-01,16,18,125169.36,85508.91712941739,83321.14012921663,78266.164
2024-06-08,16,18,49484.7,82020.39916857891,85322.07549697101,85085.31
2024-06-15,16,18,97030.55,86250.54275597338,80660.00073820588,82006.8
2024-06-22,16,18,32420.76,92579.77665988627,85908.91446155973,79869.65
2024-06-29,16,18,32367.51,89965.27257972828,79371.99660087169,78684.11
2024-07-06,16,18,137798.01,82983.84839735727,100959.03304125507,98311.67
2024-07-13,16,18,102072.4,84109.41869799199,85080.07064314051,83791.19
2024-07-20,16,18,56310.47,80545.87037093082,85910.07909358483,87900.49
2024-07-27,16,18,13547.33,75728.42265907253,86333.27327425864,84700.82
2024-08-03,16,18,118078.9,71734.35857057013,78372.6804945862,79686.01
2024-08-10,16,18,116546.66,80143.83094774783,87586.717732186,81123.914
2024-08-17,16,18,113524.75,72505.62206397034,78420.80628790997,79846.484
2024-08-24,16,18,39600.28,80432.20214817184,86303.24962964174,86324.72
2024-08-31,16,18,143687.92,80970.86485746689,82783.53592393741,81525.7
2024-06-01,16,19,100045.6,74031.53408814615,79293.56524319004,84556.72
2024-06-08,16,19,55618.43,72730.21537415523,81361.51820648341,82743.914
2024-06-15,16,19,86277.45,79004.79575977096,86253.50045091774,84428.24
2024-06-22,16,19,141551.29,81235.35157976634,83644.34307727289,83597.555
2024-06-29,16,19,33709.8,88403.17081677908,83183.78049393832,86013.164
2024-07-06,16,19,50246.34,83126.24121484178,105358.84215122211,103741.58
2024-07-13,16,19,35836.73,74171.7411158435,80013.48014450408,87253.52
2024-07-20,16,19,14316.94,75143.49211631989,77770.94531736439,81191.98
2024-07-27,16,19,100287.53,66039.82415092582,74685.0679317398,83015.89
2024-08-03,16,19,110394.59,69772.21251141588,72625.57484117946,86163.28
2024-08-10,16,19,74503.35,78099.15440291213,87696.71953777008,85682.75
2024-08-17,16,19,82048.1,66014.40960686674,79300.15830492649,86400.375
2024-08-24,16,19,50605.72,62793.37353928267,73909.18545352787,76896.875
2024-08-31,16,19,105961.51,67887.41296919156,75455.89748719396,77391.31
2024-06-01,16,20,41200.55,86034.16464034517,87473.78550068288,83402.06
2024-06-08,16,20,15413.37,78926.24773723539,93262.73042709786,94006.21
2024-06-15,16,20,23841.4,75061.25424763243,76759.7429165617,91973.57
2024-06-22,16,20,95900.22,80408.170294218,92361.843420204,110817.26
2024-06-29,16,20,113568.95,80066.04789666459,100265.64917304089,95024.16
2024-07-06,16,20,164950.76,79977.60968602137,88094.85869328091,122545.586
2024-07-13,16,20,17051.8,75356.0126845442,91765.07349371635,98359.47
2024-07-20,16,20,38702.0,74603.09308086496,95393.73706735822,88773.02
2024-07-27,16,20,94783.74,72477.7657332618,87231.65613895361,88007.41
2024-08-03,16,20,135023.3,78206.97222233476,90506.46401582057,105901.4
2024-08-10,16,20,80089.23,86683.31908224977,86115.1225762876,91410.27
2024-08-17,16,20,19380.62,78023.16714254464,82969.164453156,93961.09
2024-08-24,16,20,27523.77,79065.78689910079,96773.8158331023,103032.13
2024-08-31,16,20,61204.88,77642.22166432379,97345.36575300392,98689.484
2024-06-01,17,1,13099.5,47126.95193347707,39928.17476221675,40949.66
2024-06-08,17,1,42701.45,46046.15235893143,41571.80642311502,38114.58
2024-06-15,17,1,16908.77,45031.90809732217,35896.91991147717,39252.38
2024-06-22,17,1,51410.28,48963.305832203456,51764.11405005678,36349.504
2024-06-29,17,1,30087.03,41409.10369016757,32483.157681297464,40517.01
2024-07-06,17,1,23418.97,69089.66135286528,54864.76099141395,55691.47
2024-07-13,17,1,24199.95,49626.54091532669,38987.43093433268,40622.324
2024-07-20,17,1,40457.65,50614.24955209015,41074.56082499876,38488.836
2024-07-27,17,1,58166.67,43124.25546283171,36833.569073902276,38578.137
2024-08-03,17,1,48530.67,51217.939269240036,38769.242481702066,39016.96
2024-08-10,17,1,20843.65,42893.33382353104,37730.02717865897,39296.758
2024-08-17,17,1,73920.07,51038.328116611265,40211.69967874691,38567.773
2024-08-24,17,1,26291.31,48561.419672793745,41014.061614587976,36974.703
2024-08-31,17,1,49199.49,50326.41138244399,40248.0184833103,39978.69
2024-06-01,17,2,70416.35,43310.97466137341,39043.00616317115,41187.125
2024-06-08,17,2,75659.86,48782.88098486236,40942.887531386914,42308.14
2024-06-15,17,2,46945.34,51186.576343704255,44315.97278850785,43107.426
2024-06-22,17,2,45510.55,51353.728229937486,44237.76618754062,42949.395
2024-06-29,17,2,78118.71,43951.749798178396,44472.96653660773,43627.027
2024-07-06,17,2,84680.44,75938.30780786861,56144.063278942,58381.633
2024-07-13,17,2,67188.33,60420.61918887444,52376.83616104396,45909.965
2024-07-20,17,2,66927.84,63329.38453096714,51332.812104928795,46441.098
2024-07-27,17,2,66744.43,61383.62314794654,48678.76428165363,47924.848
2024-08-03,17,2,7929.53,65708.48238029703,51449.87361564733,50162.152
2024-08-10,17,2,61469.46,57103.31030741873,50451.0427483396,46794.594
2024-08-17,17,2,27334.07,66295.81826533028,49859.555676072196,45935.945
2024-08-24,17,2,67092.76,59745.216150542146,52841.68687802936,46586.98
2024-08-31,17,2,12368.13,59742.69029489281,50590.00046000185,45833.965
2024-06-01,17,3,14670.92,51914.47851821177,50177.51375874105,47086.55
2024-06-08,17,3,29887.92,54221.35453599424,50645.03282167166,47906.53
2024-06-15,17,3,41525.4,55931.020261596386,50191.91797994277,47413.004
2024-06-22,17,3,55649.38,56446.07275473458,49746.97408417026,46912.3
2024-06-29,17,3,63631.14,48720.00701304386,49141.679429830714,46755.695
2024-07-06,17,3,103334.62,75979.72537233189,61483.234313304405,64952.742
2024-07-13,17,3,70007.47,61027.428974243034,49526.25270462236,44061.016
2024-07-20,17,3,48889.03,61208.963036971436,52412.484513972064,44555.26
2024-07-27,17,3,50041.28,56115.65752523907,51621.97814971835,44633.883
2024-08-03,17,3,69538.74,64305.295070629676,49321.582934671955,46202.695
2024-08-10,17,3,62026.87,57012.92742145736,52288.1405690671,46221.973
2024-08-17,17,3,57555.72,65385.37296322642,49787.05728388612,46372.355
2024-08-24,17,3,76377.52,59535.920641241646,52954.037899825526,46434.77
2024-08-31,17,3,12249.66,62010.516647980905,50373.025053456324,46028.754
2024-06-01,17,4,86776.03,55758.89846954698,49195.42963412541,46608.62
2024-06-08,17,4,29148.11,56907.99130628612,51288.05941422432,48305.707
2024-06-15,17,4,74826.96,53820.80515286033,50021.85750670628,48497.965
2024-06-22,17,4,82381.77,57864.50050498073,52330.90785056818,50890.113
2024-06-29,17,4,70924.92,53637.39151190603,57930.767822624315,48867.24
2024-07-06,17,4,78460.2,78696.83694641569,70987.17286802903,65866.59
2024-07-13,17,4,24823.85,59807.9844775208,57391.866568139725,46916.543
2024-07-20,17,4,29169.46,64586.504404522035,58589.546654824204,48327.336
2024-07-27,17,4,26593.64,61624.56535145711,57747.833245067326,49698.766
2024-08-03,17,4,7239.17,62625.40174041589,49942.59068976747,49342.586
2024-08-10,17,4,13888.75,50365.809744853344,51148.78905924619,48959.387
2024-08-17,17,4,16300.14,54115.7706573816,49826.569618530695,46639.637
2024-08-24,17,4,77210.34,43873.44129066431,48895.280581912346,43279.785
2024-08-31,17,4,34793.96,49124.21583248623,48260.96464507349,45202.793
2024-06-01,17,5,59023.35,48048.472207337814,45500.41045044277,46048.754
2024-06-08,17,5,44571.26,50121.14131931573,50562.06339133338,46781.88
2024-06-15,17,5,29675.73,46684.20960455111,50973.00547086221,46756.82
2024-06-22,17,5,15438.95,51292.33520551898,49554.65017471049,46525.848
2024-06-29,17,5,65160.79,43627.52644537131,47745.05292500064,46273.176
2024-07-06,17,5,99738.38,71973.04996321918,54076.98707061697,64164.36
2024-07-13,17,5,64883.81,60711.26279560019,54511.63321135646,50594.434
2024-07-20,17,5,25813.25,62046.60481125836,52445.848287972454,49153.52
2024-07-27,17,5,9983.46,55823.60164627563,51486.18747011841,47137.344
2024-08-03,17,5,18882.13,60026.05249208038,54277.284729954175,51141.91
2024-08-10,17,5,29946.23,48676.59739313486,47561.00991503705,48738.184
2024-08-17,17,5,36766.72,53880.03439037114,51156.73620658691,48728.293
2024-08-24,17,5,63581.89,49663.74072080445,50410.77101734237,47850.926
2024-08-31,17,5,55907.7,51586.28045327799,49467.06305278736,49188.547
2024-06-01,17,6,67356.24,49899.21373100833,49686.67999234303,49522.79
2024-06-08,17,6,79453.38,50454.05429732394,51593.045084729834,49085.562
2024-06-15,17,6,94467.81,54033.56233238805,52258.9058813574,49081.625
2024-06-22,17,6,65492.04,60169.73441397922,60929.60405949772,53713.863
2024-06-29,17,6,84125.91,54199.22442122039,60470.681301696626,51846.12
2024-07-06,17,6,117490.32,84816.28890709265,87265.0600761163,77658.06
2024-07-13,17,6,56273.95,71355.74530170782,69942.27211914302,59190.55
2024-07-20,17,6,33263.08,72951.67039525296,69030.38236053637,59159.03
2024-07-27,17,6,48611.24,70277.89187279783,69519.0865519924,55690.715
2024-08-03,17,6,15136.5,74802.34683523336,70610.83506863686,52110.926
2024-08-10,17,6,42057.78,59564.68819056318,62482.94974620491,53534.02
2024-08-17,17,6,31883.09,63120.73584929456,60991.57135553941,56928.723
2024-08-24,17,6,14044.29,55448.36010550909,59678.01439620272,53197.465
2024-08-31,17,6,78062.16,51635.04430976563,53360.10184157539,55829.242
2024-06-01,17,7,48696.61,63083.97938356533,62362.416273684416,54206.94
2024-06-08,17,7,68179.41,63597.825767348004,62320.99992666992,52365.41
2024-06-15,17,7,92233.94,64340.65273325028,68202.02487551945,56653.152
2024-06-22,17,7,49525.07,68839.70212528121,69636.67291448303,58475.145
2024-06-29,17,7,73880.98,59777.922572040385,63299.935775372156,54654.113
2024-07-06,17,7,78099.74,87917.53264856088,86076.80822686777,79524.01
2024-07-13,17,7,28050.34,68506.75079004173,68762.26083564393,55402.195
2024-07-20,17,7,20959.25,67494.39722770712,61525.33906364861,52970.62
2024-07-27,17,7,15430.72,61024.34873613445,60732.08578854048,56404.086
2024-08-03,17,7,42044.04,63820.46555236902,52527.725472867765,55043.082
2024-08-10,17,7,25437.77,50955.968249324265,53157.89437790901,54127.3
2024-08-17,17,7,95919.84,53847.64657943791,50940.28639556335,51618.7
2024-08-24,17,7,28761.22,54556.78183311616,54692.92535947685,55995.36
2024-08-31,17,7,76292.51,52176.00566429788,49842.338836920506,51606.76
2024-06-01,17,8,35932.07,60589.34621663835,62344.96715561906,58060.016
2024-06-08,17,8,50711.83,61003.37776855335,61517.24115685858,56546.812
2024-06-15,17,8,61081.84,61652.16822004844,61011.99141103122,54576.797
2024-06-22,17,8,88463.42,64017.32651464092,60197.63907469823,57453.5
2024-06-29,17,8,63370.96,59338.53090695432,61435.595459113225,57012.305
2024-07-06,17,8,92833.36,87017.56247258783,84901.15206574528,77873.88
2024-07-13,17,8,36112.64,68061.89014299124,69272.30896120258,63603.637
2024-07-20,17,8,66035.76,66991.05140319682,61882.10003249079,56624.41
2024-07-27,17,8,25903.86,61502.56617217033,60961.074446745384,56790.125
2024-08-03,17,8,23676.2,67110.38050005739,61088.219870337045,59010.8
2024-08-10,17,8,48827.31,55570.07607126673,61042.19628322806,57321.457
2024-08-17,17,8,18122.45,62946.59744079477,60184.65136454916,57641.66
2024-08-24,17,8,96646.26,51369.21509857667,53411.17882769738,54034.777
2024-08-31,17,8,11118.08,58169.605313188345,55847.18037770705,55819.695
2024-06-01,17,9,57110.45,56828.15135731245,56567.211316782945,54459.773
2024-06-08,17,9,73249.58,57397.86346027768,60252.28720761886,57110.97
2024-06-15,17,9,74089.61,59843.77767286696,60484.354686820545,58767.51
2024-06-22,17,9,52327.07,63814.23990005167,60844.73705332298,59229.62
2024-06-29,17,9,71272.92,57667.54316310901,62648.611303238926,59338.285
2024-07-06,17,9,36008.53,82977.96491979377,80896.22544248657,80972.48
2024-07-13,17,9,80651.1,64940.06535995176,61089.58745358112,58940.066
2024-07-20,17,9,32622.99,68597.60118762235,62516.109622601776,59660.645
2024-07-27,17,9,55380.36,60985.2846883845,60539.172962153556,57815.87
2024-08-03,17,9,37795.61,64384.88233144803,60436.82066237596,58362.742
2024-08-10,17,9,84989.51,54605.704332060755,60378.61507863967,57469.664
2024-08-17,17,9,10599.52,62803.58984182134,60505.81196741199,58434.207
2024-08-24,17,9,77056.17,55747.14176143481,53050.45199263332,55058.26
2024-08-31,17,9,37012.68,58455.635834982684,54022.75703064249,56440.78
2024-06-01,17,10,93395.66,68793.9371634867,71228.91566651982,65398.797
2024-06-08,17,10,79545.78,69884.5186572927,70730.07710747665,63709.234
2024-06-15,17,10,107306.59,67693.9367029451,69092.18561572023,65015.215
2024-06-22,17,10,51249.0,72414.38802317678,69852.66879832529,63023.18
2024-06-29,17,10,58886.41,63871.95842150367,69177.94997071376,65010.176
2024-07-06,17,10,126688.2,88991.02990631483,94381.72943320117,86322.08
2024-07-13,17,10,106393.93,79023.42838372404,69997.66013838834,65103.48
2024-07-20,17,10,97776.66,82372.61563695004,73572.52680097641,66022.24
2024-07-27,17,10,62251.24,75641.03487832565,72372.4953221791,66002.44
2024-08-03,17,10,28291.7,78538.25261222917,71005.7879827888,64081.973
2024-08-10,17,10,10371.45,69488.15070156168,70816.80213670009,63884.598
2024-08-17,17,10,70233.95,72655.42286535774,66787.93840180335,64910.363
2024-08-24,17,10,56384.04,67177.01616928188,72329.19834390002,64944.39
2024-08-31,17,10,95210.74,67371.68151440739,71889.40058253743,67873.86
2024-06-01,17,11,72614.36,60910.91935359511,58602.13415320948,60044.242
2024-06-08,17,11,10188.35,58702.68136929679,60474.255499118015,61645.695
2024-06-15,17,11,42426.28,54723.48385692771,54405.33168669794,59450.164
2024-06-22,17,11,108277.21,55597.637439044316,54261.27445073389,57198.895
2024-06-29,17,11,23819.65,56087.23266683553,66317.61031413107,64600.906
2024-07-06,17,11,114708.04,76543.29312516784,72383.680719206,77830.695
2024-07-13,17,11,78288.79,63819.22497416761,68557.85154983765,63243.33
2024-07-20,17,11,111870.06,68969.36970875817,69633.82010507541,64579.195
2024-07-27,17,11,63223.14,67359.40253153857,71454.49523478727,67903.016
2024-08-03,17,11,94459.22,69186.8049600994,64733.58118993099,63930.35
2024-08-10,17,11,16563.8,66234.17365214118,72745.35664580973,64994.367
2024-08-17,17,11,57939.89,76350.45433604924,72224.87971191648,66441.6
2024-08-24,17,11,80301.93,66635.92510995359,72190.8070354886,65353.473
2024-08-31,17,11,53381.01,72714.15277224669,72069.16372297025,66911.49
2024-06-01,17,12,17554.02,69333.59292106447,71122.02239191362,69674.26
2024-06-08,17,12,66625.67,60602.63975710373,63168.31593207866,61907.94
2024-06-15,17,12,13753.36,62519.64839891853,61685.19901341212,63389.88
2024-06-22,17,12,97463.07,62942.46401744603,62225.07237666329,60381.13
2024-06-29,17,12,34441.14,58494.441867929585,65821.57593236672,65648.984
2024-07-06,17,12,97993.5,79626.3145247768,75462.93282708178,75452.836
2024-07-13,17,12,116776.27,64102.777034196166,64956.04734105651,61740.043
2024-07-20,17,12,52609.59,68708.52097693071,65743.7080851114,65701.09
2024-07-27,17,12,67410.24,62628.299133277505,68532.23507150974,65545.3
2024-08-03,17,12,23937.35,69430.87807758898,63355.77660060015,63269.336
2024-08-10,17,12,100355.6,61847.556272563896,68599.5071875839,65456.645
2024-08-17,17,12,62986.18,73717.17100816703,72924.61774855011,62832.336
2024-08-24,17,12,108479.48,65829.38204267615,71279.500834702,66441.16
2024-08-31,17,12,12407.15,72305.73513657198,73152.39598203932,68007.125
2024-06-01,17,13,79305.41,44833.99689573796,48598.61947221395,56559.527
2024-06-08,17,13,21704.43,51344.15686747389,51359.038762779535,56670.2
2024-06-15,17,13,40698.17,47342.74911840551,51095.50151057306,55720.176
2024-06-22,17,13,35284.55,48537.78068507295,48325.27749128647,53752.035
2024-06-29,17,13,24401.93,42746.232674325765,47286.98325455405,54681.656
2024-07-06,17,13,68050.07,67133.38086962156,70515.04057837752,72500.37
2024-07-13,17,13,72104.05,52565.692811643,50101.84454147542,57103.94
2024-07-20,17,13,115777.04,57557.50177867289,53163.173704855566,60031.727
2024-07-27,17,13,43614.81,60115.984348140184,64688.17964556532,64822.76
2024-08-03,17,13,20916.9,60779.71905656359,54137.48830946953,58870.633
2024-08-10,17,13,78169.85,55270.96345468911,56464.60304703348,59752.49
2024-08-17,17,13,58497.81,67093.54767927455,68502.77934128632,63699.812
2024-08-24,17,13,91086.97,59933.83486333182,63225.30667425395,65216.902
2024-08-31,17,13,97871.22,66023.40878941887,64353.18288369769,64852.85
2024-06-01,17,14,17791.22,70204.45066273349,71798.89595130675,70714.11
2024-06-08,17,14,37289.86,68240.1160316026,72724.5483570325,71551.33
2024-06-15,17,14,20013.2,68551.19759138976,71936.76792655993,72117.805
2024-06-22,17,14,65415.59,68429.73352544184,65080.47469560386,73016.914
2024-06-29,17,14,102122.49,57102.820484612275,63156.51240168541,70336.41
2024-07-06,17,14,59294.72,84232.24860663689,72314.43178085459,82748.5
2024-07-13,17,14,110754.19,61663.482788112735,62947.91445329116,63070.785
2024-07-20,17,14,112508.43,63613.736621029566,61523.36012993724,64190.05
2024-07-27,17,14,83281.9,62777.34318074493,62613.26599869484,68538.76
2024-08-03,17,14,40758.0,70747.46427856231,72863.87469260227,73209.72
2024-08-10,17,14,41855.39,65565.4879823392,73331.79248382383,71885.76
2024-08-17,17,14,13485.52,76197.86754158372,74953.95729118503,70638.305
2024-08-24,17,14,60962.22,66991.42136817783,75126.74458970643,71981.11
2024-08-31,17,14,77162.15,64488.71346252027,62459.93986870778,67450.95
2024-06-01,17,15,18058.88,68958.66609481821,78755.19696580607,73374.79
2024-06-08,17,15,113905.44,70742.28841500092,78426.19662643105,74802.76
2024-06-15,17,15,105638.41,73329.9762314911,74717.43190473945,74030.14
2024-06-22,17,15,96768.62,80067.05856040103,78628.63823549531,75794.75
2024-06-29,17,15,65613.03,74081.17221331806,72524.45370493723,73389.4
2024-07-06,17,15,57635.12,96510.3482193416,105348.7829355309,104023.234
2024-07-13,17,15,128766.92,73883.52096062255,76414.52103622322,75728.37
2024-07-20,17,15,73384.54,79565.6352242833,75960.12852629976,76701.52
2024-07-27,17,15,54392.69,73558.7896526496,79006.62443843031,79713.48
2024-08-03,17,15,51850.09,80055.63221750251,71595.41527211171,75422.67
2024-08-10,17,15,130441.91,69588.5901656294,75148.39045428089,72796.234
2024-08-17,17,15,41067.14,78711.48833036056,78579.83101984696,76189.07
2024-08-24,17,15,127488.4,69596.52730099723,76713.75837662176,73398.945
2024-08-31,17,15,27422.62,76123.12238402647,82891.62929783456,75907.89
2024-06-01,17,16,88919.2,74227.8950204204,74982.91244454597,74469.69
2024-06-08,17,16,96240.1,72446.33395705096,73919.82218401025,75863.016
2024-06-15,17,16,46475.7,69586.36689892758,76802.50155958079,77026.56
2024-06-22,17,16,40804.33,75876.99361532132,74891.52014964708,77267.84
2024-06-29,17,16,59192.96,63971.27217606012,76101.03783025256,76672.68
2024-07-06,17,16,121942.19,92488.68528102609,98431.3047046611,99728.805
2024-07-13,17,16,14766.85,81204.22819442948,73672.25773928102,75517.586
2024-07-20,17,16,33791.45,76034.48930703028,76736.80660813204,80980.84
2024-07-27,17,16,70825.24,65779.04793308614,71311.2627293942,72047.14
2024-08-03,17,16,56554.88,70236.39453656695,74411.57662976955,75261.7
2024-08-10,17,16,80252.14,54933.595653032426,62876.513042374216,70088.37
2024-08-17,17,16,119232.11,63583.54895027176,62058.79378452145,68947.7
2024-08-24,17,16,99617.16,64103.30498615221,71895.11587633673,74588.664
2024-08-31,17,16,71985.66,67228.87714856816,79663.24516563718,79430.38
2024-06-01,17,17,20566.26,70994.96151444534,71937.35038065269,76954.14
2024-06-08,17,17,72584.7,62811.9878101416,66770.04503632954,70920.54
2024-06-15,17,17,28534.21,59066.7558105798,65511.72815328378,74385.69
2024-06-22,17,17,104637.22,56794.51047785054,64907.983618512306,68377.93
2024-06-29,17,17,44161.49,55127.755552133,71624.30328435914,75610.99
2024-07-06,17,17,178023.28,79183.76880295464,65377.698998217966,100719.86
2024-07-13,17,17,16916.56,72603.4864697436,83314.12180118101,73766.336
2024-07-20,17,17,86327.78,74244.81555972854,83135.21791891035,75963.56
2024-07-27,17,17,50906.31,71785.18191697821,79337.49341263351,77499.37
2024-08-03,17,17,15210.97,80115.11937360416,82047.84846656794,80901.37
2024-08-10,17,17,103897.54,61971.76175775329,66109.77446246124,73022.84
2024-08-17,17,17,104878.55,76077.42849324216,72929.24487657654,74854.32
2024-08-24,17,17,114181.21,70541.86082922615,75083.92191833575,75183.07
2024-08-31,17,17,18085.87,74934.65516748541,90444.26105196249,77713.414
2024-06-01,17,18,103164.19,75578.79525329621,78109.80014750379,79955.84
2024-06-08,17,18,68732.89,75674.58342492188,76864.32740372201,76223.94
2024-06-15,17,18,141168.35,77631.20802374583,79339.11557922428,74493.87
2024-06-22,17,18,118223.45,86131.36738915805,75424.05979366288,77424.23
2024-06-29,17,18,29696.31,76657.69752197855,79438.69742825386,76784.97
2024-07-06,17,18,94036.73,106630.94880756864,100606.06518166076,106134.08
2024-07-13,17,18,45066.33,85928.75297669056,76929.31821241314,73681.08
2024-07-20,17,18,114181.57,85472.60264595321,71343.5594466964,75764.945
2024-07-27,17,18,28140.37,78684.29686204254,72282.82139662026,74932.48
2024-08-03,17,18,64155.45,78453.97125191346,78211.48254975709,78877.445
2024-08-10,17,18,130086.76,69138.09466348583,72963.8994889511,78551.875
2024-08-17,17,18,112448.01,78091.04340969017,77419.12974792128,75465.42
2024-08-24,17,18,32455.22,70647.71647829501,80330.26324098711,77633.07
2024-08-31,17,18,131554.6,71831.76363474087,81114.55370407982,78418.28
2024-06-01,17,19,112380.51,62533.72518460747,68929.27059118355,71374.06
2024-06-08,17,19,51808.67,66877.53489220847,70056.4171452409,76375.27
2024-06-15,17,19,15335.25,66749.01583134182,72003.8735466648,78833.734
2024-06-22,17,19,119725.48,73568.09584191587,83126.360293983,81641.0
2024-06-29,17,19,69884.6,66615.7768367813,77180.08875546585,82270.82
2024-07-06,17,19,156385.23,93356.49272196263,93837.73544057082,105817.95
2024-07-13,17,19,50580.82,84796.26366328949,81922.71484223843,81491.28
2024-07-20,17,19,29063.26,82249.33874760216,75880.57842595561,80790.82
2024-07-27,17,19,30449.71,73074.75081000739,77771.94086173181,80450.05
2024-08-03,17,19,48108.87,75306.63866023382,82601.0932380665,72513.086
2024-08-10,17,19,63587.4,59320.67918361135,69616.116694783,71443.586
2024-08-17,17,19,137559.36,70053.46630477475,78878.45050904862,82486.42
2024-08-24,17,19,98958.36,69681.47666868995,85467.09348444086,83204.05
2024-08-31,17,19,44225.8,70386.74503097421,82670.10465472861,80042.18
2024-06-01,17,20,27397.64,61630.46165195185,68548.95672564219,82892.68
2024-06-08,17,20,71689.07,60850.445440327116,70401.73982707606,74708.12
2024-06-15,17,20,150253.39,62280.280162379706,64286.885936486324,70562.18
2024-06-22,17,20,24697.63,75085.03247198349,77397.99808696043,81897.79
2024-06-29,17,20,56443.62,67043.21179900892,74605.42835058812,84690.4
2024-07-06,17,20,155229.3,90989.82179673831,96031.11841733812,105543.34
2024-07-13,17,20,90236.37,84118.40807239932,73983.70561343369,82085.28
2024-07-20,17,20,143316.9,80933.8738993608,74313.60611141584,72670.484
2024-07-27,17,20,122993.39,78029.00695230396,79455.81598022139,79936.664
2024-08-03,17,20,90046.24,86464.67483520473,77392.20160886977,69433.07
2024-08-10,17,20,23169.06,78605.09120835041,80906.4868391774,75313.85
2024-08-17,17,20,62733.02,84152.32965246664,79302.70586568481,85155.59
2024-08-24,17,20,128306.35,81125.68851354183,75599.17018362938,78605.086
2024-08-31,17,20,129219.7,87522.15776232339,78917.56161918612,78850.49
2024-06-01,18,1,22058.18,21306.82216428357,18826.998984418457,16993.484
2024-06-08,18,1,29180.88,17933.024184184258,16902.411633280684,16972.611
2024-06-15,18,1,10670.31,24705.834418332262,19649.852255946447,17342.408
2024-06-22,18,1,8555.9,27932.4450645626,19660.072799322712,18081.203
2024-06-29,18,1,13438.81,20854.494699352377,19558.661281483204,18131.488
2024-07-06,18,1,8227.59,40033.90874062705,30995.655322696563,22378.805
2024-07-13,18,1,29522.64,20117.274075501817,20170.720023030506,17856.047
2024-07-20,18,1,26167.16,20821.688444940766,19714.389365643816,18322.115
2024-07-27,18,1,27934.96,21093.18075156369,19669.90013040113,17826.04
2024-08-03,18,1,29832.12,24073.76373429136,19466.90757868566,17912.416
2024-08-10,18,1,13187.11,17090.60157351219,19809.664092090843,17953.531
2024-08-17,18,1,3924.64,28656.600372659726,18304.569316129342,17445.756
2024-08-24,18,1,25100.56,26156.227983583078,18996.2956662318,17698.047
2024-08-31,18,1,10890.34,24631.78110218604,20039.705176409512,17989.213
2024-06-01,18,2,26592.94,25288.123345129003,23489.60896985746,20532.777
2024-06-08,18,2,8055.83,22327.536105908228,22065.599859516413,19833.193
2024-06-15,18,2,31642.63,26647.22477226347,21290.826338298666,19060.523
2024-06-22,18,2,30114.91,29663.175793082897,21513.757458579046,18958.908
2024-06-29,18,2,13460.66,22938.73967738307,20488.856843723028,19156.07
2024-07-06,18,2,4318.76,41164.21985895186,28716.207289027006,26272.836
2024-07-13,18,2,21077.35,24032.57848325401,20644.314102897282,18799.742
2024-07-20,18,2,18335.1,22901.55937037574,20381.837638734843,18608.719
2024-07-27,18,2,15961.72,21362.225359549273,20540.674423757115,18905.764
2024-08-03,18,2,5182.82,23473.04892620063,20208.32311160109,19129.107
2024-08-10,18,2,2750.34,17488.343170508597,20724.536324484026,18330.51
2024-08-17,18,2,20488.17,26182.130835896918,21424.667640861866,16961.25
2024-08-24,18,2,19919.52,22455.06886149913,19638.55897060143,16854.518
2024-08-31,18,2,25294.48,20214.872310435043,19350.43841999358,17609.479
2024-06-01,18,3,30778.02,23265.427743244465,21826.443400918917,20094.486
2024-06-08,18,3,7798.94,21200.10461525729,22036.008607395353,20262.191
2024-06-15,18,3,24520.93,25412.83937768567,21863.91594532006,19946.674
2024-06-22,18,3,11512.94,28545.672568879403,21879.304003719324,20021.559
2024-06-29,18,3,9979.2,20973.208379954747,21892.677534361042,19936.854
2024-07-06,18,3,18794.85,38184.16016255185,25706.919688574224,24100.98
2024-07-13,18,3,23641.42,21886.665520842012,21753.0288087157,19490.74
2024-07-20,18,3,4082.0,20747.044894291917,22003.721065673657,19645.236
2024-07-27,18,3,18490.05,19772.845403945874,20714.893276723487,19225.025
2024-08-03,18,3,27858.91,22167.611676382236,20694.264304811615,18738.723
2024-08-10,18,3,25985.63,17995.545791246892,20668.25211653122,19064.24
2024-08-17,18,3,21174.29,28068.158803323182,22044.02828182092,19468.354
2024-08-24,18,3,20198.89,24280.6360629295,21484.185980724975,19539.441
2024-08-31,18,3,29033.36,22436.86970402112,21851.0086043668,19911.9
2024-06-01,18,4,32246.01,23757.312586964326,22713.069038703637,20476.197
2024-06-08,18,4,22439.74,21411.311644250767,22625.617174046627,20805.871
2024-06-15,18,4,24300.07,25503.264873564374,22548.34992389331,19984.91
2024-06-22,18,4,27554.78,28691.10660193875,22791.556093045707,20957.482
2024-06-29,18,4,18952.98,23041.586049461795,24206.791744464957,21390.922
2024-07-06,18,4,19314.0,40676.17057229601,27854.112674036893,25757.264
2024-07-13,18,4,4248.98,23724.292057146442,23008.972257355217,20793.115
2024-07-20,18,4,29224.9,23545.835656954427,22702.215162523724,21277.34
2024-07-27,18,4,12528.77,23488.442587012883,22824.294554673383,21246.082
2024-08-03,18,4,26974.01,25202.278595551506,22586.032951478817,20484.28
2024-08-10,18,4,14728.22,19560.598942248427,22532.642353444713,21004.195
2024-08-17,18,4,19961.08,28824.921350002718,22686.012223164096,20068.535
2024-08-24,18,4,10449.32,24543.00894817435,22400.54199378488,19962.654
2024-08-31,18,4,17364.44,21735.719820944454,19414.209382011624,19632.57
2024-06-01,18,5,29125.4,23344.496817670442,23042.475783026046,21868.281
2024-06-08,18,5,21561.19,21785.10441239288,23150.09626826282,20790.06
2024-06-15,18,5,34866.96,25571.29625021566,22976.315095941234,20997.469
2024-06-22,18,5,30203.19,29044.990753382917,23363.629526360623,21619.512
2024-06-29,18,5,30808.51,22542.761335271578,23505.818056991873,21746.75
2024-07-06,18,5,9385.62,42368.29942017444,34425.46950713202,30450.682
2024-07-13,18,5,22661.73,24761.802863296653,23650.12144713282,21997.992
2024-07-20,18,5,28844.9,24426.230530895155,23454.040768352224,21281.137
2024-07-27,18,5,37458.6,25320.35068898576,25939.00863481669,22859.506
2024-08-03,18,5,21851.27,28817.90190737501,26727.328906238683,23609.127
2024-08-10,18,5,14926.87,22070.081086187973,25931.83716750785,23194.496
2024-08-17,18,5,37787.08,31620.47346847009,24253.377642310505,22228.271
2024-08-24,18,5,31667.03,29341.06384233218,25883.452270491012,23321.877
2024-08-31,18,5,9992.37,26447.675861934542,26274.012400349107,23805.574
2024-06-01,18,6,16536.71,26815.66379909293,26341.52604574183,24109.914
2024-06-08,18,6,24171.35,22853.060978243484,24576.574028653693,22910.81
2024-06-15,18,6,13779.61,28615.60208369456,25742.62606931997,23839.191
2024-06-22,18,6,32922.18,30010.967237843368,23685.18764428157,21949.156
2024-06-29,18,6,17347.97,23016.95370700572,23563.345522364467,21760.04
2024-07-06,18,6,47147.85,40159.21175363354,30297.996638794026,26171.307
2024-07-13,18,6,8379.75,26300.354796110085,26841.734923402764,24564.516
2024-07-20,18,6,18046.84,24827.54042343112,24241.186733931267,23300.348
2024-07-27,18,6,15198.31,24117.630592916626,24413.858291937857,23451.906
2024-08-03,18,6,9938.47,27722.18235537607,24880.548634738545,23459.61
2024-08-10,18,6,38894.28,18751.0456890044,23190.583933611088,21585.19
2024-08-17,18,6,15860.45,31946.65776510894,23598.862509558254,22515.367
2024-08-24,18,6,32764.48,27276.91438240742,23155.482844218965,21347.432
2024-08-31,18,6,22131.26,25443.133153507668,23949.481395735755,21802.799
2024-06-01,18,7,34524.1,23502.404326588643,23230.378184239747,21952.258
2024-06-08,18,7,10433.57,21468.309511554064,22999.571689956018,21315.857
2024-06-15,18,7,6343.61,24884.158954152874,22378.45308748202,21205.457
2024-06-22,18,7,33556.48,26721.7238952068,24246.103778623263,21467.984
2024-06-29,18,7,8795.86,21754.239200002427,23046.260134772678,21817.895
2024-07-06,18,7,33261.76,39611.70453474051,31165.384378612147,28076.484
2024-07-13,18,7,31352.65,22622.319357795866,23083.651834137625,22613.07
2024-07-20,18,7,5827.63,22641.657030472612,23077.635144930005,21739.945
2024-07-27,18,7,19042.47,22556.712069074245,23149.436420183723,21840.004
2024-08-03,18,7,5451.24,24781.726938043597,23136.311980360973,21674.344
2024-08-10,18,7,8721.23,18968.061655196798,23517.83418961066,22056.018
2024-08-17,18,7,17882.7,28260.085543043766,23666.251681263708,21731.434
2024-08-24,18,7,10122.1,24137.239255258515,21552.097274524393,21260.67
2024-08-31,18,7,24119.14,21089.230539021504,20661.98277646701,21082.498
2024-06-01,18,8,16470.85,21443.801693424757,22893.095135870277,22216.9
2024-06-08,18,8,23755.33,18301.153593875504,19862.813261918156,21740.346
2024-06-15,18,8,27507.54,24365.59862359576,21026.081184013285,21767.342
2024-06-22,18,8,32430.36,27678.804289992906,23102.756379837985,22233.73
2024-06-29,18,8,26470.09,21856.694994684716,23255.727458447564,23031.64
2024-07-06,18,8,30143.23,40327.57922039534,28232.66257405572,30174.977
2024-07-13,18,8,30325.55,23591.805852373793,24468.950323999787,23167.48
2024-07-20,18,8,9492.38,23149.49595399996,24420.118486042153,23660.023
2024-07-27,18,8,24174.25,24280.009615845644,24618.664695177897,23628.871
2024-08-03,18,8,19122.84,28069.939972043947,26269.98435123328,24853.62
2024-08-10,18,8,18854.46,21916.719169018856,24973.29638052356,23852.273
2024-08-17,18,8,24865.03,30931.026551758936,23817.532326555498,23239.062
2024-08-24,18,8,5215.92,26676.747663156828,23450.76828816675,22955.576
2024-08-31,18,8,33159.17,23495.109765353132,23290.38920468856,22238.059
2024-06-01,18,9,30673.54,27495.112118188576,26073.20112549703,26500.502
2024-06-08,18,9,3829.79,24166.590670225676,26616.30970656577,26751.691
2024-06-15,18,9,10681.41,29481.50109155151,26468.104853736808,26308.775
2024-06-22,18,9,27936.39,31127.354599848637,23925.64786835826,25093.71
2024-06-29,18,9,37566.85,24597.80966009143,23841.663998073294,24110.736
2024-07-06,18,9,20902.84,43828.28283618856,32989.73230838936,32989.86
2024-07-13,18,9,10303.6,25373.46164421978,26150.373042744654,25132.541
2024-07-20,18,9,41921.62,23265.575705442905,23325.478663020534,23369.748
2024-07-27,18,9,32997.01,24340.92381758037,23920.716286487124,23670.307
2024-08-03,18,9,36319.46,27190.848359568685,23759.674279497838,24343.578
2024-08-10,18,9,41596.68,23127.863777727776,27480.194000439005,26597.459
2024-08-17,18,9,38674.19,34075.655383630525,27816.35526812694,27496.922
2024-08-24,18,9,42909.51,31180.98618591119,27719.749752942458,27114.783
2024-08-31,18,9,12388.04,28870.28026401162,27456.543654925375,27537.375
2024-06-01,18,10,24776.99,26130.567361318113,24065.51389384923,24076.488
2024-06-08,18,10,22843.65,23551.68427778464,23973.308154225688,25175.38
2024-06-15,18,10,16517.34,27738.668743294955,23791.86036612363,24544.908
2024-06-22,18,10,25916.58,29050.77766807221,23696.831907939402,23762.85
2024-06-29,18,10,28846.2,20426.54739003379,23001.999269561238,22651.998
2024-07-06,18,10,15877.3,39563.96489478155,29862.95480189596,28030.678
2024-07-13,18,10,18535.33,21097.43064201268,23104.530500139757,22799.125
2024-07-20,18,10,31122.76,21390.935768139847,23215.167868387824,22745.316
2024-07-27,18,10,17834.82,23283.442779422803,23508.044095983325,23565.63
2024-08-03,18,10,19482.66,25557.175033382555,23500.667749909306,24149.604
2024-08-10,18,10,41142.47,19421.476988731447,23439.279292312465,23686.793
2024-08-17,18,10,24975.4,32207.477032273724,24870.065497929278,24771.898
2024-08-24,18,10,35631.02,28424.30418457945,24716.16588801525,24751.03
2024-08-31,18,10,36237.8,26043.03810492975,26468.68662067897,25828.477
2024-06-01,18,11,44241.38,27316.238015009403,26988.415273158374,28563.855
2024-06-08,18,11,33625.23,27147.897752397694,27988.81145140949,28604.559
2024-06-15,18,11,19137.91,30994.242811699187,26824.405097148276,28185.742
2024-06-22,18,11,8136.42,32334.812107168604,26655.247406229628,27577.266
2024-06-29,18,11,5925.21,24355.743261382537,25200.215274678954,25684.37
2024-07-06,18,11,25764.17,42446.937031875226,32432.65264943889,29768.389
2024-07-13,18,11,32119.01,23308.837950713823,23541.65350206283,23767.285
2024-07-20,18,11,39847.31,23689.25707223045,23488.77905768095,24351.832
2024-07-27,18,11,47284.97,25443.922640046658,26615.172041539783,26430.139
2024-08-03,18,11,40288.63,27561.498063756735,26705.477521066437,26263.215
2024-08-10,18,11,38042.97,21549.06783700105,27547.27666490928,26686.094
2024-08-17,18,11,36908.15,32944.370857138376,27539.776427262048,27101.541
2024-08-24,18,11,17199.46,31970.300192616858,27236.207662194698,28455.994
2024-08-31,18,11,17096.81,31342.37839136974,29794.58704109329,28035.312
2024-06-01,18,12,6019.82,30795.701962862826,29144.495472296527,29215.648
2024-06-08,18,12,19091.66,26979.843175072303,28714.353346865577,30288.852
2024-06-15,18,12,48963.95,30778.15174227429,26712.577759951437,28431.232
2024-06-22,18,12,5036.56,35550.54057379111,28637.82917157867,29799.201
2024-06-29,18,12,28175.83,25954.747798867713,27017.097882327373,28867.646
2024-07-06,18,12,57328.21,44218.96761595663,33137.89412677395,34526.863
2024-07-13,18,12,20101.12,30689.066169564707,30616.576726211166,31181.988
2024-07-20,18,12,12779.59,28162.7554436376,27546.97479699081,29417.709
2024-07-27,18,12,24100.62,25594.73852596128,26125.585744596974,27900.074
2024-08-03,18,12,46998.63,30700.47690106165,28193.1439844762,29473.96
2024-08-10,18,12,9452.18,25500.658412364122,29555.34756404892,28551.42
2024-08-17,18,12,44308.29,33314.48403649851,27051.46703380015,28383.084
2024-08-24,18,12,11698.97,32698.81367095765,29191.761920972694,29895.672
2024-08-31,18,12,8443.19,29642.07888615058,27542.516537781088,29751.504
2024-06-01,18,13,22399.99,22391.80692778904,23055.336144194385,24487.848
2024-06-08,18,13,4463.18,19782.103427625996,23589.69630383758,24279.55
2024-06-15,18,13,44368.73,24201.64240939582,22093.644980219775,24067.758
2024-06-22,18,13,9910.42,29749.362637415616,24900.162090290883,25993.605
2024-06-29,18,13,14465.2,22398.073051439744,24536.74769608829,25639.102
2024-07-06,18,13,37994.9,40519.456448542514,27587.297486500618,31243.379
2024-07-13,18,13,14414.21,24585.955482841477,25361.874155403817,26106.627
2024-07-20,18,13,28785.55,22327.039134648483,23336.937056385166,24682.63
2024-07-27,18,13,16555.67,23056.21936185159,23545.69887453105,25400.69
2024-08-03,18,13,22375.2,26039.05594378504,23426.458027847115,24922.588
2024-08-10,18,13,31254.9,20376.731162429583,23488.459606382876,24984.65
2024-08-17,18,13,21839.55,30034.708938446238,23948.014461517156,25444.432
2024-08-24,18,13,31947.78,27219.307273030354,23650.349251153002,25282.123
2024-08-31,18,13,19748.43,25558.530840729945,25957.42672328673,26785.492
2024-06-01,18,14,4495.62,27926.939483622104,27404.361033282064,28353.934
2024-06-08,18,14,38203.99,22288.396685025276,25640.77699134141,26788.115
2024-06-15,18,14,33133.6,29466.978870564097,27491.833845016714,27086.008
2024-06-22,18,14,38503.83,30723.252003569505,25973.844652191205,27171.596
2024-06-29,18,14,28668.22,25101.804274113507,27492.379914549576,28966.7
2024-07-06,18,14,21384.3,41346.062522443215,33187.9223107524,32983.33
2024-07-13,18,14,13625.7,25549.944354660904,26693.89886622652,29005.432
2024-07-20,18,14,30869.33,24606.715494209093,28444.79531753929,26697.805
2024-07-27,18,14,20475.2,25170.92950948285,26771.75466342644,27862.334
2024-08-03,18,14,26025.49,28942.694495023898,26809.952398419668,28397.023
2024-08-10,18,14,41461.55,22124.552107887168,26998.723610057285,27080.266
2024-08-17,18,14,50804.7,33199.48526265129,26551.832757271844,28098.438
2024-08-24,18,14,48116.57,31067.112526729943,27774.791077445912,28982.816
2024-08-31,18,14,11132.08,28971.362131451584,29364.35384637309,29904.127
2024-06-01,18,15,20155.51,30321.55861353354,29693.21466308809,31649.682
2024-06-08,18,15,17316.29,27059.74445897274,29662.62137093374,30316.959
2024-06-15,18,15,46031.82,32150.18649392741,28686.00271947742,29768.467
2024-06-22,18,15,6237.88,35906.71602389687,29735.148372835592,30678.816
2024-06-29,18,15,21190.73,25942.14827728508,27214.666896962084,29188.926
2024-07-06,18,15,9436.56,42394.27886482688,28135.240687185065,31400.203
2024-07-13,18,15,29082.33,25057.054480505387,24903.15590456781,26523.902
2024-07-20,18,15,22971.28,22734.03146793254,23375.598930648146,25919.994
2024-07-27,18,15,45489.42,22566.904274990084,23251.317161161784,26467.82
2024-08-03,18,15,17011.22,27978.55904372249,24963.17873311763,28441.543
2024-08-10,18,15,31619.81,21530.27976779375,25061.116393011533,27336.145
2024-08-17,18,15,37532.68,31016.7292417758,23789.44905520994,27217.094
2024-08-24,18,15,14173.8,30012.43522873326,27394.214518899946,28751.207
2024-08-31,18,15,54070.22,26673.799971470682,26705.61107995794,28393.787
2024-06-01,18,16,6915.33,30184.238393041618,29989.63071493886,31574.674
2024-06-08,18,16,34191.92,25416.94012591843,29838.992643254325,31617.9
2024-06-15,18,16,29849.57,32196.508923587542,28710.781990330746,31116.67
2024-06-22,18,16,30097.38,33557.4525799868,30373.118103063272,31077.05
2024-06-29,18,16,15941.96,26818.915481773955,29078.724698221587,31055.936
2024-07-06,18,16,57495.63,43353.46881790673,36777.468822508774,41204.74
2024-07-13,18,16,23793.93,30159.472197036506,30983.976399821066,32578.242
2024-07-20,18,16,29149.41,27623.305137202005,28403.21598686481,31011.238
2024-07-27,18,16,30800.57,27209.54351542302,29098.720580185476,31993.795
2024-08-03,18,16,23719.55,31910.7967060936,30442.01661314068,32260.434
2024-08-10,18,16,17109.58,23387.81637381285,30183.995163736097,30865.115
2024-08-17,18,16,56610.14,33401.41912217788,29291.880985451742,30670.75
2024-08-24,18,16,10127.04,33697.03009090167,30578.231621455467,32898.945
2024-08-31,18,16,44596.3,30828.89369597163,31207.27495532917,32241.184
2024-06-01,18,17,12024.15,32246.117699083814,32491.826947356374,33142.78
2024-06-08,18,17,14981.36,28893.341670141388,31250.91928061271,32753.047
2024-06-15,18,17,25371.49,32878.100953891604,31157.92469682579,32080.29
2024-06-22,18,17,15468.59,36292.44579340565,31169.19638157342,32560.541
2024-06-29,18,17,21219.92,24951.6141677309,33016.93835189644,29928.1
2024-07-06,18,17,53055.5,43659.81563287798,36767.60621883347,37165.023
2024-07-13,18,17,22679.31,28707.784517358094,30081.709175417636,31113.73
2024-07-20,18,17,35208.74,26788.70149210537,31830.278268740614,30375.654
2024-07-27,18,17,28503.73,24741.40359003863,31765.368192466747,29539.977
2024-08-03,18,17,27669.94,29148.917365270558,33715.55540672755,29572.113
2024-08-10,18,17,46625.13,22707.826880376742,29161.31946451016,30008.477
2024-08-17,18,17,5242.37,35142.03118563297,28885.78483815189,31676.96
2024-08-24,18,17,7071.42,32455.058952655287,30333.33980633623,31576.484
2024-08-31,18,17,24241.78,29551.465352511776,30283.937792578967,32151.582
2024-06-01,18,18,17495.07,30055.178602626416,33260.43283309231,34886.844
2024-06-08,18,18,25374.32,27711.088531440728,32742.493391189473,33865.95
2024-06-15,18,18,6547.81,33638.974969949864,32646.453313409766,33641.55
2024-06-22,18,18,14426.94,32770.64373111484,33028.497054838306,31189.123
2024-06-29,18,18,11161.08,24014.705888490847,29798.638258597708,29913.047
2024-07-06,18,18,36708.34,41460.40230566343,32916.70602188325,37862.99
2024-07-13,18,18,59345.35,24179.206873511786,24255.24513323846,28293.05
2024-07-20,18,18,8484.9,25084.754630766198,25609.922886171775,30049.2
2024-07-27,18,18,6502.31,24622.169499525335,25554.8402364814,30978.723
2024-08-03,18,18,56047.73,27666.40460762808,25569.84327925011,29806.387
2024-08-10,18,18,37092.23,25328.667505862344,34931.30683251814,33926.418
2024-08-17,18,18,31305.89,36090.49401433247,35618.90662589826,34407.67
2024-08-24,18,18,24630.68,32841.973389945146,33999.21301398021,36324.008
2024-08-31,18,18,28588.11,30586.17988017042,32989.89925367374,32651.715
2024-06-01,18,19,20243.61,31331.788158073214,33263.26816624933,34249.492
2024-06-08,18,19,44732.61,26259.786881529704,28689.99926527564,33083.246
2024-06-15,18,19,54915.24,30476.29681648888,30254.242665824608,32009.672
2024-06-22,18,19,21764.65,33986.10543987179,30523.217795770393,32753.623
2024-06-29,18,19,45044.03,27535.629377594552,33299.10236164359,34048.28
2024-07-06,18,19,17713.68,47974.869591993534,40433.675420384396,45190.95
2024-07-13,18,19,34750.27,31525.317026350283,31423.31945515394,33704.426
2024-07-20,18,19,39582.72,31310.32687781901,33208.00663560707,35396.457
2024-07-27,18,19,54435.66,30265.37743125394,31841.14191590969,33248.316
2024-08-03,18,19,18370.66,35487.99292876782,34693.88752869305,35593.44
2024-08-10,18,19,21866.81,27699.572713296453,33532.02886500601,33604.03
2024-08-17,18,19,6382.1,36563.25707480586,32424.05556824176,34663.35
2024-08-24,18,19,28349.18,33485.20889628805,28743.482334903376,32683.363
2024-08-31,18,19,25834.47,27981.964365049113,29964.308092532025,30965.855
2024-06-01,18,20,9832.1,28698.773081526742,30318.270134473158,34643.008
2024-06-08,18,20,46553.39,27459.66044881998,31642.820994427926,34923.742
2024-06-15,18,20,41683.6,34972.83992434463,32660.163305649083,34926.035
2024-06-22,18,20,40595.01,38206.33705904258,32631.399410068756,36102.79
2024-06-29,18,20,18645.78,30810.978002974756,31391.942216364685,34701.918
2024-07-06,18,20,32403.7,47950.110721286495,41703.15729543374,47903.54
2024-07-13,18,20,36161.85,30031.96131573146,30484.140790081023,34132.36
2024-07-20,18,20,8340.74,29062.51750671029,30523.42970704371,33832.332
2024-07-27,18,20,43498.0,27301.696835006856,30583.661956978634,33025.164
2024-08-03,18,20,51060.35,33043.8001635619,31800.20341363201,34049.074
2024-08-10,18,20,57069.45,27896.352735393477,32571.207829996296,34370.305
2024-08-17,18,20,28190.89,38853.63594154553,32888.987617616054,36252.97
2024-08-24,18,20,61852.31,33311.325387874,29991.893547480624,34485.992
2024-08-31,18,20,21871.49,34230.3858522932,35525.571336902496,37190.35
2024-06-01,19,1,20548.11,48638.41605954263,50596.99182308518,46666.297
2024-06-08,19,1,27506.8,55992.36015299023,43894.14463301166,49118.04
2024-06-15,19,1,46781.61,56514.198411708225,47341.197773622116,49382.566
2024-06-22,19,1,69056.05,51669.07303732324,49864.061228795086,51134.375
2024-06-29,19,1,76356.82,54648.19985977925,49973.876100259266,49687.84
2024-07-06,19,1,20134.84,66367.68979262598,62784.42119709819,56613.56
2024-07-13,19,1,68506.67,55015.43453980254,47275.50908775018,46084.105
2024-07-20,19,1,56408.23,55698.85343859168,53139.57585893032,46716.938
2024-07-27,19,1,50174.91,60484.617945862214,53547.43956777732,48009.844
2024-08-03,19,1,27767.69,64525.57791031365,49206.50851972701,47382.316
2024-08-10,19,1,70366.09,60813.32804413245,52781.1736174442,47717.766
2024-08-17,19,1,54856.59,61916.54524832144,45396.98264945382,47242.977
2024-08-24,19,1,71056.61,62865.48632272357,51805.97194711466,46243.785
2024-08-31,19,1,56522.6,62849.51771401631,52486.98497986645,47196.742
2024-06-01,19,2,49720.5,54564.838219836245,57089.17334074929,58179.24
2024-06-08,19,2,85183.17,58249.0066991267,56877.609199224826,54331.42
2024-06-15,19,2,78693.51,62521.96130978567,56823.42703559383,58486.168
2024-06-22,19,2,20159.41,60719.88553513644,56175.38052904725,53569.58
2024-06-29,19,2,89196.27,58497.47808719098,56926.51055410322,53189.633
2024-07-06,19,2,55212.27,72963.74928283057,72475.82735250861,65859.17
2024-07-13,19,2,64353.71,65181.79259091503,50386.31900189043,48834.723
2024-07-20,19,2,84513.56,61217.21250556391,48630.88602008746,49560.527
2024-07-27,19,2,32395.15,68038.16088301336,51525.40167616729,49166.465
2024-08-03,19,2,71919.68,70847.74598648923,50496.78824986135,48595.85
2024-08-10,19,2,26568.58,66545.17824306147,51263.54452406787,48750.836
2024-08-17,19,2,46952.17,64343.86660771742,49992.83618308327,49187.89
2024-08-24,19,2,54663.99,66580.0084648832,50277.84587921782,50342.547
2024-08-31,19,2,32327.19,64939.23108774347,50297.339841056404,52221.613
2024-06-01,19,3,31303.53,47435.23714295944,54596.17244339615,54169.934
2024-06-08,19,3,24716.01,51414.2176158742,51645.17802654656,51184.13
2024-06-15,19,3,10757.36,53540.98382357337,53970.43592406082,51299.473
2024-06-22,19,3,77239.95,44475.49684280003,53464.132237740734,42184.434
2024-06-29,19,3,21117.15,51172.25268349432,59410.39566820178,44224.547
2024-07-06,19,3,79125.43,59593.473952049935,45124.24630219671,53111.758
2024-07-13,19,3,74934.46,53654.10718221768,56078.19455137304,53169.69
2024-07-20,19,3,10181.68,54633.77623760109,56749.36144103046,52290.46
2024-07-27,19,3,29879.85,57325.85484342387,58987.554657276145,57135.19
2024-08-03,19,3,57953.39,61661.70623246622,58185.30189418846,56486.793
2024-08-10,19,3,90938.25,60146.62310987397,55822.84418619716,54633.055
2024-08-17,19,3,61892.52,64411.30311361193,57075.25410585714,53225.23
2024-08-24,19,3,54065.98,63338.12034999519,56247.56654295352,50293.0
2024-08-31,19,3,81516.08,64427.619450394115,52177.53364810202,50475.535
2024-06-01,19,4,31761.76,63018.72238244861,63752.28191956685,58613.06
2024-06-08,19,4,58240.9,64526.91829370366,62473.12430188871,55451.703
2024-06-15,19,4,58757.56,67316.62046365245,62516.412831764275,54762.395
2024-06-22,19,4,12916.22,60366.67438289991,62671.59370581148,53587.977
2024-06-29,19,4,20117.17,57243.44293070885,57225.017122209494,54616.766
2024-07-06,19,4,57148.43,65558.78031711187,62355.10798164431,65390.688
2024-07-13,19,4,16852.11,57259.722203793564,56457.42941659835,53067.234
2024-07-20,19,4,36223.2,51506.21000246275,55029.70853046794,55176.293
2024-07-27,19,4,37468.07,53199.126614347224,58324.961961519664,56242.21
2024-08-03,19,4,61796.04,57022.76892311109,56860.14396104223,52073.613
2024-08-10,19,4,17632.53,53119.83391114791,55119.05040616082,53766.55
2024-08-17,19,4,89624.46,49721.91883372896,56991.31401287542,51009.7
2024-08-24,19,4,37518.13,59151.67192881606,57849.069849102096,55741.547
2024-08-31,19,4,74486.77,60577.91439561404,57745.597950305935,55548.176
2024-06-01,19,5,73151.22,59763.86509314605,62361.52663570758,56979.18
2024-06-08,19,5,48441.88,64924.729452822845,61509.50293989311,55900.977
2024-06-15,19,5,20875.46,65700.01103221186,61292.17836510644,56077.812
2024-06-22,19,5,48952.02,63051.35719770718,61711.266001416305,56322.92
2024-06-29,19,5,54373.65,61552.62930198773,56809.3106252444,54522.332
2024-07-06,19,5,49307.68,69976.40094879325,61947.814560284794,67818.414
2024-07-13,19,5,74032.04,58937.728025545184,55322.04460004757,55901.992
2024-07-20,19,5,27765.73,56897.40392111308,54983.41973985954,52321.344
2024-07-27,19,5,37984.27,59628.82972890919,59068.02084943675,57004.027
2024-08-03,19,5,55038.89,61166.31893583017,57041.72033871347,56366.676
2024-08-10,19,5,102882.78,58705.41214915424,57103.952028959335,56482.047
2024-08-17,19,5,20928.67,64689.98686234211,62705.894487171645,54609.5
2024-08-24,19,5,22043.04,64848.603068276956,55479.37969156158,56466.844
2024-08-31,19,5,99618.32,64187.72392969109,59783.77065214105,61217.625
2024-06-01,19,6,85758.37,60265.136008135036,64774.417996744036,60026.47
2024-06-08,19,6,64583.57,69535.68614951833,66894.2225141736,61814.26
2024-06-15,19,6,18209.56,74129.58347987171,72389.50643798796,63800.11
2024-06-22,19,6,92671.67,69906.6450644295,65052.37208696042,59791.098
2024-06-29,19,6,106045.59,73188.99010391746,65969.84873324116,59383.992
2024-07-06,19,6,80433.24,84957.47523218239,84016.0712352503,79173.59
2024-07-13,19,6,85824.86,73364.65852465382,72642.3321860345,63346.727
2024-07-20,19,6,77568.03,67994.7986007402,71557.04268303885,62335.254
2024-07-27,19,6,67448.76,72398.02863217553,72194.76604075839,61742.387
2024-08-03,19,6,68930.22,73940.2491743507,71785.26801196588,63060.395
2024-08-10,19,6,54699.5,71272.69883131076,71968.54198168588,63486.9
2024-08-17,19,6,28638.79,73254.32908152306,72361.89343661357,61765.742
2024-08-24,19,6,85312.57,72948.55049785736,73746.64370632119,66807.67
2024-08-31,19,6,24915.15,73083.57429542695,65007.836669608805,59701.46
2024-06-01,19,7,60015.87,60211.13103804821,59507.62052836957,64616.742
2024-06-08,19,7,59089.64,62576.483835368206,55753.66481746548,63381.527
2024-06-15,19,7,106792.1,67346.71866699809,63806.57935296677,66484.37
2024-06-22,19,7,82168.22,63919.49165667123,64992.5038155355,69744.2
2024-06-29,19,7,55464.56,63717.707808607556,63441.92608580771,63377.6
2024-07-06,19,7,114576.43,71349.71309530459,83663.15164798884,80972.3
2024-07-13,19,7,47522.78,68308.41334603453,65895.28598115548,60113.883
2024-07-20,19,7,57884.03,67407.63185712695,64804.256165832216,62225.277
2024-07-27,19,7,90431.8,73753.69692845494,72298.50443464989,66147.69
2024-08-03,19,7,107915.3,80211.29199357232,71812.68761843372,61381.605
2024-08-10,19,7,33392.95,78096.88488104945,72674.27225252571,62669.727
2024-08-17,19,7,21719.43,73001.45727106807,72636.05461284234,65208.246
2024-08-24,19,7,97416.32,73938.11926135601,67762.33302913823,62406.56
2024-08-31,19,7,111764.52,78192.00767504255,73287.93844479621,64697.758
2024-06-01,19,8,37360.1,69562.84626104406,72543.38911082041,69430.18
2024-06-08,19,8,37164.33,74867.24413684418,72224.05058128202,70455.664
2024-06-15,19,8,12738.02,77177.25810058217,66260.15723744295,64257.844
2024-06-22,19,8,52439.52,67111.08687598596,64757.41354364277,67500.13
2024-06-29,19,8,53409.58,68181.27740818655,65999.66335732916,67887.94
2024-07-06,19,8,79049.97,74411.61088287557,75883.05097894078,76617.305
2024-07-13,19,8,112305.24,62871.15720260201,64560.061023678456,63253.93
2024-07-20,19,8,67514.99,60239.369174879255,63497.516380523535,59580.75
2024-07-27,19,8,33628.65,62907.96683023999,63526.870727976486,60848.375
2024-08-03,19,8,102018.43,67908.99560994224,64927.89259608651,61670.797
2024-08-10,19,8,30384.05,70362.58721450844,68054.57258003677,65070.09
2024-08-17,19,8,73558.38,70392.88705828923,65405.93639106404,64332.38
2024-08-24,19,8,51291.66,73825.9283960404,66696.85544734089,63691.44
2024-08-31,19,8,57647.42,74236.00941964352,65971.87240938509,63389.047
2024-06-01,19,9,110881.3,68820.2120629292,72468.34888707093,73686.56
2024-06-08,19,9,116335.14,81688.37486640568,78646.37351226083,71448.97
2024-06-15,19,9,39610.48,88007.60852296156,79070.86499650608,67695.945
2024-06-22,19,9,89778.42,79410.72562197759,74500.98276038234,71053.3
2024-06-29,19,9,117054.63,79102.18063104732,72539.43254741616,71878.95
2024-07-06,19,9,128968.55,92811.63845955764,102586.73740186454,98787.31
2024-07-13,19,9,85922.83,85506.08597226348,79797.2392139303,70489.13
2024-07-20,19,9,18946.04,78384.38650795119,78791.76754308004,67421.086
2024-07-27,19,9,97907.11,84714.55680725578,83948.65348291518,73278.13
2024-08-03,19,9,14005.31,88122.87832855346,82260.9651307383,74211.305
2024-08-10,19,9,92018.5,77759.07591870386,75485.6910563965,71198.05
2024-08-17,19,9,29690.98,79958.29998722134,75624.4172118624,71460.2
2024-08-24,19,9,108374.26,78276.91143245061,74593.60944301466,72283.59
2024-08-31,19,9,47604.78,77243.36634947895,75201.85558902274,74187.44
2024-06-01,19,10,92077.45,59360.3020543496,64989.540664301494,66571.84
2024-06-08,19,10,24850.31,66615.13027868446,63907.589371959584,64494.99
2024-06-15,19,10,119594.49,66861.97498327508,71830.87359997553,65478.473
2024-06-22,19,10,20645.27,69657.63490362809,68882.99858539936,70740.97
2024-06-29,19,10,63145.78,69410.7028081018,65433.78200346927,66645.164
2024-07-06,19,10,24677.1,76559.33902693921,85236.71797309889,78546.56
2024-07-13,19,10,17261.11,67558.56396344767,69177.05503297014,69339.8
2024-07-20,19,10,75830.05,58010.017011433105,70448.7858419659,65938.68
2024-07-27,19,10,14613.49,65183.51146512155,63851.581253721146,64287.383
2024-08-03,19,10,54434.2,63078.96552354839,69673.99042689637,66411.04
2024-08-10,19,10,81742.38,60681.8161156146,72993.3761862434,67956.84
2024-08-17,19,10,18363.06,58203.98375080083,73694.24927709143,64777.957
2024-08-24,19,10,93654.97,59551.37777357756,70555.84366063467,66176.13
2024-08-31,19,10,81516.19,62536.9086857001,71933.06086605715,65842.23
2024-06-01,19,11,91142.79,68751.18775104423,73007.50431917267,73737.91
2024-06-08,19,11,23253.77,73058.53215586365,72085.14678121859,71714.88
2024-06-15,19,11,55955.01,76007.2350950639,71629.25812817719,71816.6
2024-06-22,19,11,33660.67,73409.18703914978,72957.39745255439,73688.266
2024-06-29,19,11,106993.13,73620.218618788,66018.82333923348,69744.92
2024-07-06,19,11,22827.67,87519.98783992138,93651.54734452249,88673.35
2024-07-13,19,11,91296.17,71393.73609352886,67183.29644264073,69876.5
2024-07-20,19,11,47044.69,67750.4321705288,66981.87386831958,69504.055
2024-07-27,19,11,48770.53,68170.40343079332,67435.19989937177,68570.35
2024-08-03,19,11,103351.88,66639.34920112364,72161.99657374722,71270.05
2024-08-10,19,11,127337.51,68857.37177542257,65527.59865230138,65518.82
2024-08-17,19,11,83323.17,73741.76837290975,74781.51800779962,76186.31
2024-08-24,19,11,120333.03,76868.95525687857,73060.57000752096,72612.31
2024-08-31,19,11,115865.63,76509.60595342424,74413.90181852848,76552.164
2024-06-01,19,12,89800.44,71081.28313139695,74828.58395181326,77115.21
2024-06-08,19,12,129713.83,78626.3972212972,74444.6810930536,75388.57
2024-06-15,19,12,57056.17,85284.34528550511,79374.18329236688,76295.42
2024-06-22,19,12,105894.41,75361.21757401412,73686.16838985025,75683.43
2024-06-29,19,12,65598.34,74169.1461251782,73038.4200291187,72738.38
2024-07-06,19,12,133573.19,83171.41525248016,95303.92397336742,96126.25
2024-07-13,19,12,12924.6,80246.26232792041,79812.60553369245,77558.82
2024-07-20,19,12,107756.22,78319.88400089426,77793.67485664028,76712.23
2024-07-27,19,12,54438.87,85401.69699304766,85555.52320894085,80068.72
2024-08-03,19,12,132081.15,87501.67948622507,79428.30098588651,75644.75
2024-08-10,19,12,128016.84,82409.78884062608,79295.47245565601,77926.37
2024-08-17,19,12,44617.33,83261.47432319901,79886.05086139168,74251.61
2024-08-24,19,12,115595.13,82533.63304890343,79051.36356341386,80751.95
2024-08-31,19,12,131044.66,86254.56394402811,81672.65039692361,76159.19
2024-06-01,19,13,126271.85,72961.02125412278,73815.71487257739,82677.28
2024-06-08,19,13,66521.7,86093.76165697465,83047.57862106054,80064.234
2024-06-15,19,13,51438.54,84899.1404397552,75901.49831340376,76575.96
2024-06-22,19,13,73685.6,77535.82792937692,74228.51390164939,78206.02
2024-06-29,19,13,101972.17,81318.94373783661,76470.15638457928,75830.13
2024-07-06,19,13,53451.41,85652.96163706455,97213.14992979953,93761.79
2024-07-13,19,13,32910.23,70677.02062574084,73228.21098318495,76896.69
2024-07-20,19,13,58368.69,70485.43263293401,73677.7460576284,75252.9
2024-07-27,19,13,17137.36,73365.58516615586,75117.0943418973,77396.78
2024-08-03,19,13,35319.42,68034.3697874211,66636.24851195246,71383.62
2024-08-10,19,13,119488.83,61931.724412169766,56528.95251601858,72786.16
2024-08-17,19,13,89996.27,70076.18262269875,71198.6097845445,73467.4
2024-08-24,19,13,15159.89,71990.93584268753,73799.33495769856,73541.086
2024-08-31,19,13,81035.1,66296.67635174561,61705.0568317796,67798.71
2024-06-01,19,14,35857.17,77845.8270696853,77069.56067912624,79732.01
2024-06-08,19,14,70980.03,80694.58855717359,79314.72756781608,78663.58
2024-06-15,19,14,45378.27,74258.84612693585,65406.34946206821,75038.69
2024-06-22,19,14,55479.8,68002.98179914942,65220.52939443384,74968.74
2024-06-29,19,14,134541.86,68450.26479136682,65460.64760917496,76603.234
2024-07-06,19,14,108694.22,82054.52650819169,87370.95046064026,96568.11
2024-07-13,19,14,63468.93,69319.32179483361,67090.77119671897,80150.875
2024-07-20,19,14,16809.88,67751.0189621702,69839.6669808525,77197.43
2024-07-27,19,14,83946.02,73955.99715395411,71956.20355275899,79898.93
2024-08-03,19,14,94774.48,79618.06862953666,77375.18465587958,81199.92
2024-08-10,19,14,46993.38,76393.32533599556,77059.79286407605,73980.68
2024-08-17,19,14,92699.78,74838.05772431724,79183.14893387147,79387.98
2024-08-24,19,14,46110.44,77464.94036996164,79009.95311849356,74728.336
2024-08-31,19,14,67238.78,73088.1592315996,67493.67062379938,73912.06
2024-06-01,19,15,95189.96,73748.38833076402,81829.6828436865,86526.12
2024-06-08,19,15,44373.19,81953.22718048285,81369.37044591598,82332.74
2024-06-15,19,15,38273.52,82379.1558043216,77175.13562103386,83315.66
2024-06-22,19,15,24134.94,71975.64956591278,87242.7394864083,87034.45
2024-06-29,19,15,101578.58,71794.97367544856,72462.6877180384,80806.375
2024-07-06,19,15,181715.55,83518.6917075169,89650.47904124537,99129.36
2024-07-13,19,15,57673.62,82522.09771478194,85715.91362016894,89843.67
2024-07-20,19,15,21148.12,73931.47951514763,89693.4998096599,90368.01
2024-07-27,19,15,19625.19,77315.23831458291,91883.24404538855,87612.42
2024-08-03,19,15,135842.7,80282.27692856037,83717.5423839371,89135.805
2024-08-10,19,15,125289.02,78831.08644306689,82847.84955769712,87235.74
2024-08-17,19,15,49954.05,83660.81752713054,86516.34879452072,89216.15
2024-08-24,19,15,101847.89,84849.43504683496,86541.56622989182,90249.195
2024-08-31,19,15,55504.37,83104.40241793345,83473.07044376827,87720.16
2024-06-01,19,16,84533.26,81202.59364529373,86592.70409882534,82414.62
2024-06-08,19,16,86653.84,92556.10343750136,86385.06626237504,81638.61
2024-06-15,19,16,46677.34,89901.5247920207,82705.41127482174,82350.75
2024-06-22,19,16,67866.14,80811.52570281841,84746.41061024893,87006.58
2024-06-29,19,16,150310.61,76657.66897043513,86165.71010678512,85987.54
2024-07-06,19,16,87919.7,94252.42316832568,105828.94408330641,92600.98
2024-07-13,19,16,114949.29,79468.85739860963,79853.60177164161,85783.92
2024-07-20,19,16,56110.89,79498.72110542218,86414.85102902506,83612.85
2024-07-27,19,16,105074.02,82343.26415164032,85591.13351455022,89818.96
2024-08-03,19,16,65863.02,84935.68453844366,85091.33089797113,84080.86
2024-08-10,19,16,116258.07,81111.265589964,82940.46653571996,81543.76
2024-08-17,19,16,135742.59,84519.6956035198,83986.7241741577,83139.62
2024-08-24,19,16,128516.55,90793.52933907197,88461.21101176245,83645.2
2024-08-31,19,16,82787.92,88903.2089693406,88196.85623492458,89126.29
2024-06-01,19,17,85795.6,75993.4689534386,84545.99660703674,87419.46
2024-06-08,19,17,46279.38,76738.20512170126,79759.80203321172,87251.71
2024-06-15,19,17,17709.28,77278.76529685024,77425.24720407235,80361.555
2024-06-22,19,17,58037.57,64584.896911700715,65304.86274951062,77807.1
2024-06-29,19,17,120211.54,67801.39711601657,66031.00952822146,78291.266
2024-07-06,19,17,96657.84,84623.0011771098,91722.66293754563,97585.42
2024-07-13,19,17,56935.13,74167.48497904782,78765.5262586064,86648.01
2024-07-20,19,17,60813.71,64212.52211403222,67321.43416804858,78943.42
2024-07-27,19,17,108683.99,70827.98642324036,69808.1290865853,76579.44
2024-08-03,19,17,67430.76,75563.15890945698,74648.10721293163,79292.89
2024-08-10,19,17,143905.95,72510.1520300495,75455.32887089223,78438.77
2024-08-17,19,17,103588.18,82050.6857990798,87808.04679987107,87162.17
2024-08-24,19,17,139407.66,85764.34045016143,88228.46778147868,83891.18
2024-08-31,19,17,125338.74,87163.96661254184,85699.02513343509,89796.06
2024-06-01,19,18,31996.98,90550.91399054401,92824.81429090329,93763.086
2024-06-08,19,18,156203.06,93713.4688969366,93322.72348524057,89715.125
2024-06-15,19,18,66634.48,103659.05732994125,95700.26334008142,93349.58
2024-06-22,19,18,33456.77,99853.66053413917,96326.20627749845,96579.78
2024-06-29,19,18,22899.18,94627.15789665226,96879.90860289503,93792.6
2024-07-06,19,18,140230.63,102082.82001217431,114841.73119070049,107869.44
2024-07-13,19,18,130511.64,89104.8714330578,97043.45781429473,93553.37
2024-07-20,19,18,116209.28,84982.91615572025,95338.20392939827,91793.016
2024-07-27,19,18,40443.71,82929.68209928105,98031.28574693423,96366.66
2024-08-03,19,18,28771.55,86321.7297295848,90376.63986330532,90118.63
2024-08-10,19,18,83222.92,77058.11653904332,92323.54046296736,89374.06
2024-08-17,19,18,104872.1,77048.57417679019,93464.15272764271,91218.195
2024-08-24,19,18,127734.96,82513.05236328644,88843.17871527586,89408.17
2024-08-31,19,18,18729.74,88926.92376989577,98092.58510419512,93117.766
2024-06-01,19,19,41037.9,87987.47197893378,99855.06873106601,93615.23
2024-06-08,19,19,29225.74,85831.10244750147,90026.13486654061,92715.984
2024-06-15,19,19,21393.71,88144.20201127935,89426.01376352501,95152.8
2024-06-22,19,19,93526.04,77879.93179127149,81003.73658316793,82885.88
2024-06-29,19,19,19875.83,71492.62315042206,82602.91343385237,84129.31
2024-07-06,19,19,148736.96,76092.55178048214,76642.86104565002,97326.22
2024-07-13,19,19,56265.58,76565.39134513773,84400.41232521099,89715.516
2024-07-20,19,19,59113.5,73153.03668030456,93929.34716491892,94903.11
2024-07-27,19,19,26185.86,68735.15606337416,80436.81786627672,80942.6
2024-08-03,19,19,66627.83,73221.29039134955,83157.10335282356,80749.414
2024-08-10,19,19,48749.15,66505.66868649758,79767.23486826305,81786.98
2024-08-17,19,19,150245.99,67392.12621377385,79684.00786745932,84755.805
2024-08-24,19,19,30514.6,78467.62810109567,84859.57569237304,86969.93
2024-08-31,19,19,129448.11,78313.86528764464,90914.74558205085,95021.5
2024-06-01,19,20,100540.29,72262.58961604125,100192.75557656794,95060.914
2024-06-08,19,20,70874.18,82118.63573953445,89864.17919413984,93652.766
2024-06-15,19,20,112334.69,82426.14906272417,99251.72623905865,93226.56
2024-06-22,19,20,37961.69,75696.11936135561,97431.48621624669,94875.56
2024-06-29,19,20,37028.81,70898.93495373151,70816.60044326796,88602.01
2024-07-06,19,20,121436.69,77887.75689563062,76410.1504702737,116884.914
2024-07-13,19,20,101771.96,72864.30125399196,75170.6433448988,95695.164
2024-07-20,19,20,136176.19,74707.40291379529,92806.37051880799,93889.016
2024-07-27,19,20,28010.73,83069.96007321027,84875.85071471325,93679.46
2024-08-03,19,20,162797.28,83193.23638495145,91490.86828671726,94997.27
2024-08-10,19,20,148907.6,87477.8240014042,97689.30170700952,97149.41
2024-08-17,19,20,161864.83,89995.8519908223,100531.30497858724,90279.97
2024-08-24,19,20,23061.21,98903.31778106227,101284.39420186444,92707.2
2024-08-31,19,20,36144.63,99913.55349154113,100265.46248582572,95600.86
2024-06-01,20,1,59646.55,56196.7069359208,49386.54456924614,46240.156
2024-06-08,20,1,34761.39,63640.233460028445,41886.76973069942,43364.035
2024-06-15,20,1,52399.12,61304.48149091499,38531.17901302286,47127.906
2024-06-22,20,1,62625.62,57205.50398093685,43208.01364646493,44421.34
2024-06-29,20,1,72103.63,59687.57105653226,43767.55358035271,43374.27
2024-07-06,20,1,38635.79,82960.66281553014,77463.49738932047,63691.535
2024-07-13,20,1,81309.77,57959.06203207482,43638.71692550422,42368.88
2024-07-20,20,1,76318.21,59974.137914988976,44865.137273061286,45973.13
2024-07-27,20,1,21813.08,65711.76878432906,43491.694782046325,47324.76
2024-08-03,20,1,78181.83,63510.52810670388,45166.149821130995,45635.84
2024-08-10,20,1,81522.02,66864.77743064094,44832.80692069351,48437.645
2024-08-17,20,1,48798.5,62907.613513534445,49312.34761905452,48629.38
2024-08-24,20,1,48167.71,71715.21520114364,47770.57097549933,50135.406
2024-08-31,20,1,60267.24,68314.30134532065,43075.6451667925,45541.254
2024-06-01,20,2,16839.86,58659.03720687853,54390.06250889959,47950.22
2024-06-08,20,2,14741.59,60687.21782221925,55050.90606616645,52177.676
2024-06-15,20,2,16484.77,59243.44176912138,55385.49213863273,51648.316
2024-06-22,20,2,58088.85,49329.82262809127,54060.443241022964,51158.895
2024-06-29,20,2,61285.72,55319.975785996525,53447.29011980917,51659.29
2024-07-06,20,2,22146.57,74073.53758259522,60588.224732715025,61214.57
2024-07-13,20,2,84551.91,51152.160450731295,54267.880270319816,50930.133
2024-07-20,20,2,9017.58,52397.75557624247,55452.82595552044,50130.87
2024-07-27,20,2,65287.0,55660.56427284357,55012.265627647044,53879.664
2024-08-03,20,2,12874.8,57832.61203323941,54393.596796312675,54807.363
2024-08-10,20,2,78820.78,58886.475516649436,56733.75746497728,54096.3
2024-08-17,20,2,39730.22,55960.53132545332,57533.94905767506,54635.848
2024-08-24,20,2,24322.01,64637.31049347344,54474.65829636486,51003.26
2024-08-31,20,2,54373.97,60765.38540905761,52627.6016798809,52086.945
2024-06-01,20,3,63541.74,60168.77442976744,53241.04071087599,51755.31
2024-06-08,20,3,18005.4,66424.93842446903,52368.24892309543,51634.387
2024-06-15,20,3,53520.27,63586.0436454458,55936.65487334312,52092.445
2024-06-22,20,3,35036.26,59301.249865555124,54090.17314600172,51674.773
2024-06-29,20,3,26866.83,59709.5089944335,56489.11912145835,52245.93
2024-07-06,20,3,60492.46,77001.86066558561,62742.51147696916,62610.47
2024-07-13,20,3,68065.43,54750.70740911262,55798.765897592355,50634.34
2024-07-20,20,3,79325.22,54042.970045721355,54958.601502788726,50694.094
2024-07-27,20,3,30535.43,60776.59853074587,54582.19460863214,51793.89
2024-08-03,20,3,12433.1,57590.208996823254,55460.58258596744,51217.19
2024-08-10,20,3,83998.24,59478.32451141856,55648.15952516962,52594.906
2024-08-17,20,3,58585.24,57147.39920715945,57575.43947549804,52934.973
2024-08-24,20,3,43231.49,68170.23754695442,55317.95102842412,51491.195
2024-08-31,20,3,55747.82,67131.8992724584,51166.0219544792,52387.3
2024-06-01,20,4,70608.07,54753.3454156188,54967.99355527199,52290.832
2024-06-08,20,4,25286.55,59971.006564323055,55786.005037935785,53113.387
2024-06-15,20,4,72168.68,56837.04714900451,54768.837151541746,52402.562
2024-06-22,20,4,92883.45,53967.17318667666,56631.51235430594,53458.82
2024-06-29,20,4,44565.94,62882.11537505531,56226.50319144748,51504.676
2024-07-06,20,4,56805.19,83905.65423418829,72310.45680211988,65263.984
2024-07-13,20,4,29430.15,60794.13488287728,59287.38080750536,54383.082
2024-07-20,20,4,59490.3,63178.70963642277,59930.64803507531,52479.508
2024-07-27,20,4,68601.87,63689.0950467767,59489.51546841591,53471.28
2024-08-03,20,4,22410.24,63172.071944842544,59619.62833717689,54260.523
2024-08-10,20,4,34171.11,63077.82964118354,59651.83164320224,53625.637
2024-08-17,20,4,64133.44,54881.48682735707,59703.38082350159,52280.516
2024-08-24,20,4,79238.22,64537.97056674568,55716.46628773988,52038.332
2024-08-31,20,4,55576.15,65493.07422916008,52426.83784153815,52513.445
2024-06-01,20,5,64756.22,56088.76081809846,55541.99142645634,52289.355
2024-06-08,20,5,95696.39,60739.19522430229,55302.72093417299,53389.562
2024-06-15,20,5,13966.96,62306.44836258224,59949.93487973625,51649.69
2024-06-22,20,5,65757.68,60189.04299415029,55494.32013708184,52841.04
2024-06-29,20,5,63912.94,65442.67708021096,61862.31397274738,54827.574
2024-07-06,20,5,75704.47,87159.50728482864,72086.9535331624,65787.58
2024-07-13,20,5,65143.58,65293.53900702121,60325.62506490143,55176.707
2024-07-20,20,5,10650.61,63542.0881337876,60853.23206450413,52408.715
2024-07-27,20,5,34314.9,66007.16970842797,60082.32679120523,54001.49
2024-08-03,20,5,25943.78,63821.76139805547,59265.34094398765,54431.574
2024-08-10,20,5,24494.81,58731.26657714873,56323.86667371301,55937.67
2024-08-17,20,5,42558.37,50781.382850148955,56472.23062289612,54120.086
2024-08-24,20,5,59390.71,59805.89827783651,54866.322602677785,54752.906
2024-08-31,20,5,44360.22,59238.62844854454,53297.55970532327,53663.418
2024-06-01,20,6,99359.82,60047.784563929126,57521.460006723406,58221.594
2024-06-08,20,6,76614.96,69354.75898132994,68383.36938987045,61366.633
2024-06-15,20,6,85344.19,68987.0761785811,67265.66476464982,62631.844
2024-06-22,20,6,27812.58,65390.19611341408,71072.81950117377,64811.57
2024-06-29,20,6,69087.31,71126.63334077984,65399.71969564948,56785.848
2024-07-06,20,6,66570.79,89025.57710565723,78732.00971925296,84649.45
2024-07-13,20,6,55538.05,69181.72571066249,64067.23611376678,59684.586
2024-07-20,20,6,44161.86,69377.57347385946,72813.51468932908,65156.312
2024-07-27,20,6,31734.06,67811.63419524822,63873.55880763812,58849.53
2024-08-03,20,6,37743.01,63307.782725726625,62446.96460327104,57676.664
2024-08-10,20,6,18183.88,59914.66267004006,56048.713992286466,58266.703
2024-08-17,20,6,46077.05,50051.03127587634,59801.41036262289,59031.703
2024-08-24,20,6,85009.44,62048.42975531112,56192.22061631494,61978.64
2024-08-31,20,6,69415.42,64313.63607782781,54834.79067015548,58900.805
2024-06-01,20,7,55526.53,66457.89644750475,71448.36968164808,67074.234
2024-06-08,20,7,84945.03,73253.36592680999,71743.1586610585,64165.727
2024-06-15,20,7,24388.89,70661.5903440429,71936.65245715306,64827.797
2024-06-22,20,7,32954.96,64783.84025016947,63476.09951136164,64787.68
2024-06-29,20,7,77041.08,68820.89375178696,63775.43913506399,64024.277
2024-07-06,20,7,94895.02,90187.18316327964,77752.61328330952,82890.41
2024-07-13,20,7,76117.56,68376.7783055795,64565.75238128648,63567.35
2024-07-20,20,7,19490.39,64785.994287442016,63559.56986962481,64022.324
2024-07-27,20,7,22298.36,66621.65840689337,63784.50616118572,60088.387
2024-08-03,20,7,89327.88,65510.09643025361,64315.69337316403,62549.074
2024-08-10,20,7,54895.41,65975.06311423742,65246.58178831354,63247.016
2024-08-17,20,7,32483.96,60519.474647061645,63642.28200542219,60982.7
2024-08-24,20,7,36051.0,70178.33479028454,63302.21576923478,61452.758
2024-08-31,20,7,91135.43,66822.7375979227,57526.53001906021,59014.37
2024-06-01,20,8,61020.39,49705.00668422784,55484.511442732604,60067.5
2024-06-08,20,8,30412.18,58091.85474177893,56309.413114706185,57583.59
2024-06-15,20,8,72223.9,57193.66152584322,56008.37065563344,59401.953
2024-06-22,20,8,36555.34,58487.40489491274,60043.577659260445,61036.246
2024-06-29,20,8,83213.33,57234.25906179826,56959.277302282455,59046.34
2024-07-06,20,8,60808.0,82231.9551844217,72366.57615892186,67987.78
2024-07-13,20,8,103967.62,60497.14612353987,61742.726820592296,58403.72
2024-07-20,20,8,64618.36,63894.4455907881,62456.224251551044,59386.91
2024-07-27,20,8,26275.43,67487.13187128303,63316.74649769499,63601.13
2024-08-03,20,8,22151.68,66458.78264294655,63269.48458494097,59392.33
2024-08-10,20,8,13992.41,68179.22422312864,64578.03845040049,64278.336
2024-08-17,20,8,70462.73,56684.16650819865,59448.80715600557,60325.31
2024-08-24,20,8,19192.33,69750.67611818732,68160.36447910072,62691.69
2024-08-31,20,8,77311.04,64075.86758708588,53729.539688038036,61318.777
2024-06-01,20,9,25279.79,71291.18887061698,72248.51617930047,72376.24
2024-06-08,20,9,96037.23,74094.95541340578,70185.21263159528,69379.6
2024-06-15,20,9,11177.69,75743.60471552482,72242.59569110036,69864.625
2024-06-22,20,9,101089.03,70084.73412788237,66992.46499331307,66578.63
2024-06-29,20,9,17440.67,72138.50606793334,68262.8953253839,67057.94
2024-07-06,20,9,81470.93,88971.5670131532,75586.01885853417,79092.06
2024-07-13,20,9,89453.76,70240.65787177725,66114.83273520366,68508.69
2024-07-20,20,9,54853.23,69144.75537704365,67937.67520386622,65442.99
2024-07-27,20,9,104491.87,67099.66183884456,63420.41669829286,63757.54
2024-08-03,20,9,17634.79,69503.62379413412,70831.92544406487,67773.0
2024-08-10,20,9,93752.96,67770.53804856975,67953.44731040846,65491.46
2024-08-17,20,9,66002.65,67277.72386623311,71730.00113487983,69399.625
2024-08-24,20,9,42295.52,76565.5117205444,70777.25444648515,68710.41
2024-08-31,20,9,31631.2,75153.02183950634,65819.19077152338,67501.305
2024-06-01,20,10,57054.18,62711.40388778016,63777.109218995465,65924.86
2024-06-08,20,10,66360.87,68043.04275903874,64382.5037822275,65937.56
2024-06-15,20,10,72493.78,64072.40867692041,62951.011980364005,63887.203
2024-06-22,20,10,88625.01,63618.126172222845,63664.003446996016,62963.406
2024-06-29,20,10,24016.48,68488.43569296072,63867.51803015909,64647.016
2024-07-06,20,10,81432.99,90617.68226044031,80496.09309320981,86079.58
2024-07-13,20,10,11723.83,70120.10563647954,65484.7335718027,65288.895
2024-07-20,20,10,31375.83,68084.60147262868,66560.86818476339,68872.58
2024-07-27,20,10,114405.85,65376.761304520835,63252.483427076004,65095.734
2024-08-03,20,10,73435.6,71234.70108625639,67600.79632146592,68105.86
2024-08-10,20,10,67813.92,69563.06179143838,66993.22668279163,69251.695
2024-08-17,20,10,63003.24,60554.328282728085,65309.660206885004,65315.83
2024-08-24,20,10,18477.58,69362.2887584946,64092.276879509205,65810.82
2024-08-31,20,10,42697.55,68600.99894772691,63122.738232426775,63275.875
2024-06-01,20,11,101611.51,78948.87749077321,78112.07483987368,74575.43
2024-06-08,20,11,112929.37,88693.44726973856,79218.26756186338,72777.28
2024-06-15,20,11,16653.36,86264.53613549093,78425.88791142848,74326.195
2024-06-22,20,11,22352.82,78107.69010090028,75746.02807734226,74064.73
2024-06-29,20,11,33147.75,77048.89498264933,76215.7307386286,72899.8
2024-07-06,20,11,172857.46,95060.46876177436,80712.64126187416,88587.75
2024-07-13,20,11,59755.96,80836.65250041097,83159.22612206468,79285.086
2024-07-20,20,11,106175.41,79234.11405386217,77904.14677091071,74448.12
2024-07-27,20,11,91728.57,80121.19405200865,78723.48161072184,74487.664
2024-08-03,20,11,75985.15,77833.1890849238,78665.30017097753,70064.85
2024-08-10,20,11,94625.91,70395.32501357317,73370.22886684859,74097.2
2024-08-17,20,11,83203.26,69241.38778508033,72544.6943680643,72128.18
2024-08-24,20,11,50743.85,83758.34306248245,79252.8247341651,74768.4
2024-08-31,20,11,93491.77,85110.3080943494,79876.67627323444,77612.49
2024-06-01,20,12,12845.53,57190.499772984615,67159.25176741005,68652.445
2024-06-08,20,12,55318.33,56475.00969366806,58124.34882731086,62388.0
2024-06-15,20,12,13145.42,54702.72389340842,61823.145720203596,65439.906
2024-06-22,20,12,69508.83,44855.83216192098,55661.3212870536,53183.58
2024-06-29,20,12,43061.6,52073.842924587465,55840.990683053664,60571.992
2024-07-06,20,12,80971.32,71964.22508449954,61335.33188354883,70937.766
2024-07-13,20,12,21982.64,54766.06404678223,58384.43783135686,63120.406
2024-07-20,20,12,80312.9,53599.35412378399,60855.37735634329,62483.348
2024-07-27,20,12,101744.12,60693.09849504653,61081.728196952055,63309.504
2024-08-03,20,12,87432.91,66448.06777813553,64561.57623126317,63964.13
2024-08-10,20,12,98278.6,67316.69195183256,66138.40601772415,68919.89
2024-08-17,20,12,90833.96,62839.20844972043,72153.08292772896,73204.63
2024-08-24,20,12,87735.27,75005.5749951486,73579.98437324795,73541.84
2024-08-31,20,12,21512.61,76700.26930836428,72955.53715293681,72244.28
2024-06-01,20,13,43925.09,61274.10996631659,64923.76074700736,67894.92
2024-06-08,20,13,35914.77,64236.244687826584,61538.84138177502,68409.41
2024-06-15,20,13,84894.09,59711.111157666826,56102.22932357465,69619.055
2024-06-22,20,13,98212.51,58537.98806850492,56840.92965879795,64668.336
2024-06-29,20,13,56933.92,67592.19811336652,64338.099773579954,68805.625
2024-07-06,20,13,152901.69,83610.26535650718,79112.44143187703,78546.17
2024-07-13,20,13,18998.46,71506.65949902884,79392.87221723358,77898.79
2024-07-20,20,13,109034.54,73883.8060222595,78190.37993071829,77368.7
2024-07-27,20,13,129355.33,79524.66250706071,78469.43112668689,76495.98
2024-08-03,20,13,108046.42,85405.35945152675,87764.46682927512,81016.54
2024-08-10,20,13,76353.75,86317.1173046348,83700.71312248085,76856.914
2024-08-17,20,13,62257.85,75750.84625365122,78493.6572415657,71808.58
2024-08-24,20,13,51780.49,86943.48608279586,80076.65658649238,75715.445
2024-08-31,20,13,88820.86,85145.48672665036,80443.71803042653,74521.55
2024-06-01,20,14,57151.17,69408.16365653562,70753.91723577652,71936.19
2024-06-08,20,14,139261.83,70009.62332999866,63299.467435687446,72953.76
2024-06-15,20,14,39781.78,78697.60904606775,79457.44909900698,78289.17
2024-06-22,20,14,79432.28,75553.6040087018,79341.02302243043,77929.695
2024-06-29,20,14,108725.1,74156.22799574863,77399.6131128787,80637.25
2024-07-06,20,14,75372.55,93308.53394042558,89440.92781442456,100226.42
2024-07-13,20,14,36544.41,71215.50580889531,76775.17705152936,77767.5
2024-07-20,20,14,59608.94,69036.41264484375,64730.577210895455,72171.32
2024-07-27,20,14,86842.32,76294.98106907308,76182.89730533172,75922.97
2024-08-03,20,14,23623.03,75533.8982638761,76463.62603711104,77040.99
2024-08-10,20,14,108948.8,68254.13917334849,64015.46386804983,73275.62
2024-08-17,20,14,116308.21,68361.94056685947,78137.55006582536,78671.55
2024-08-24,20,14,35678.68,82049.41495357218,76710.7063921282,80387.42
2024-08-31,20,14,90625.34,75989.41235849675,69307.86954108917,73746.664
2024-06-01,20,15,147235.34,72067.07675377472,78991.0086519869,87334.7
2024-06-08,20,15,118298.51,83548.44495257278,90079.49857306313,88024.766
2024-06-15,20,15,89275.14,77688.51723446767,87910.67735602349,84817.17
2024-06-22,20,15,36333.3,69986.49202167295,89948.50757262949,80524.23
2024-06-29,20,15,103941.21,78241.71486630238,87232.95625411333,83660.72
2024-07-06,20,15,192908.55,103064.56844891093,103930.05836905929,109178.26
2024-07-13,20,15,132037.26,95665.19592889555,89962.80723567467,85169.78
2024-07-20,20,15,78798.01,99763.72066057139,94829.90434610493,84645.3
2024-07-27,20,15,25874.19,95776.38451232514,89062.16395747504,80911.89
2024-08-03,20,15,91264.67,93034.10592787396,91768.16907432175,73960.24
2024-08-10,20,15,139605.56,87907.2864397096,81169.26417094977,79492.78
2024-08-17,20,15,22617.77,85515.51581982014,85116.47795761841,83169.9
2024-08-24,20,15,21352.19,95452.3330022711,85834.18820125388,83387.82
2024-08-31,20,15,27946.95,89838.46192059701,86230.28000840466,85357.21
2024-06-01,20,16,150769.76,68633.74725279832,87021.15694788402,88272.805
2024-06-08,20,16,149748.94,78812.9270573323,82036.85382453646,85201.89
2024-06-15,20,16,105832.42,77267.95017828868,83612.15827744703,89082.37
2024-06-22,20,16,32458.56,77027.14537379128,83449.69651313558,84325.88
2024-06-29,20,16,147717.29,79818.96199809512,83202.50866572735,81074.44
2024-07-06,20,16,159200.1,109371.23862383439,114237.86522767282,122222.46
2024-07-13,20,16,126355.86,96361.34562439087,89319.58013702084,87027.92
2024-07-20,20,16,46576.85,98270.20710627935,95101.99680694034,91191.19
2024-07-27,20,16,150955.24,98657.379538571,93648.28548244259,87519.64
2024-08-03,20,16,79972.3,98966.61640376048,92728.06886138095,74079.445
2024-08-10,20,16,13603.49,93502.89017953363,86800.39458991506,86020.21
2024-08-17,20,16,68384.63,83375.84972112856,88779.67613380238,84633.055
2024-08-24,20,16,66300.74,98129.74300079781,85771.68471149115,83868.164
2024-08-31,20,16,55400.56,87105.76517391283,85879.92423342077,79701.91
2024-06-01,20,17,86710.82,77829.0180696772,87102.44800319319,87785.914
2024-06-08,20,17,140441.39,87473.71958573899,88445.62382269831,81793.28
2024-06-15,20,17,84786.38,88372.60095728279,90020.45101067037,88467.98
2024-06-22,20,17,153865.29,87546.42915035761,86550.45719471929,84596.05
2024-06-29,20,17,90979.96,91141.63782505514,87557.01829071937,83092.33
2024-07-06,20,17,125364.2,108639.70357856905,109066.14863416545,124830.875
2024-07-13,20,17,91681.54,85365.77667815579,84959.85278281309,82744.01
2024-07-20,20,17,13622.95,85954.70693244293,82352.49324704907,88599.7
2024-07-27,20,17,108793.79,90830.39329028287,82749.45090558176,84055.055
2024-08-03,20,17,65399.75,92745.44216136137,89980.76733524654,85810.46
2024-08-10,20,17,47323.06,86299.91147248185,84988.18434555054,82475.484
2024-08-17,20,17,98804.46,76090.05775781276,89374.05054885909,86778.266
2024-08-24,20,17,151910.52,82419.80845522639,74998.40491479448,81891.12
2024-08-31,20,17,40787.89,87104.13065406325,86530.41065033553,86028.16
2024-06-01,20,18,113396.79,71037.66361123743,79305.72442215007,89108.25
2024-06-08,20,18,116072.39,81110.85225719726,81923.62323995921,83450.81
2024-06-15,20,18,28425.29,80270.9936297716,85961.45436663073,85943.12
2024-06-22,20,18,47353.31,80136.38016682895,89297.92101779493,87559.51
2024-06-29,20,18,61506.0,78858.04949029512,82797.58906174098,84564.25
2024-07-06,20,18,109782.17,100872.38815279506,89829.27823897485,120331.86
2024-07-13,20,18,137057.78,81728.58105077696,87377.83393729743,82387.08
2024-07-20,20,18,153816.02,81499.65289068647,92700.12176082004,90380.875
2024-07-27,20,18,149876.59,85944.96848978303,93363.30686295526,84881.61
2024-08-03,20,18,27171.78,83374.84158445353,83977.72240187915,76470.7
2024-08-10,20,18,147034.29,85048.58923319724,96561.68830215262,91946.266
2024-08-17,20,18,35350.67,89000.08988286727,93980.42172483266,90512.414
2024-08-24,20,18,110248.82,101204.38196143601,89580.65933269482,87632.12
2024-08-31,20,18,122828.46,100753.57177114615,90933.34587514798,91405.94
2024-06-01,20,19,73969.15,89186.49637707465,88036.90211314414,87772.305
2024-06-08,20,19,72074.49,96224.13793402226,93746.52301541598,92855.26
2024-06-15,20,19,128131.07,90432.1955395712,87855.50245836824,86981.99
2024-06-22,20,19,19848.63,87536.06449923312,90322.3085960467,88606.414
2024-06-29,20,19,113719.58,89590.00342576555,89176.00474830496,87214.41
2024-07-06,20,19,199996.59,107916.38945412563,110664.53413811514,122458.13
2024-07-13,20,19,150672.33,100101.21855877899,94352.29723528987,92354.81
2024-07-20,20,19,147781.86,96526.20958712566,91345.28384336381,94039.4
2024-07-27,20,19,42359.82,93227.05672317574,93614.2304904167,97535.35
2024-08-03,20,19,94337.7,97360.875763266,94915.05271668578,91671.09
2024-08-10,20,19,120314.68,97549.68868927401,90982.52935263928,90665.32
2024-08-17,20,19,48113.46,91467.02305105119,93887.36416108742,93575.766
2024-08-24,20,19,135429.6,101649.48352621021,97050.93516479089,96651.516
2024-08-31,20,19,150173.9,101947.73703079612,93460.21863501261,96941.234
2024-06-01,20,20,16689.16,87672.56501979375,89864.07003622822,96796.88
2024-06-08,20,20,110591.51,83518.44723959127,86826.21795698121,92404.13
2024-06-15,20,20,73990.92,83896.84783448986,83850.25539297209,91703.0
2024-06-22,20,20,80897.11,81374.66988678972,83465.28923397386,91194.93
2024-06-29,20,20,96944.79,77293.96053943079,97568.3400788312,91646.93
2024-07-06,20,20,73746.53,90359.73643650519,89731.73246802784,119960.27
2024-07-13,20,20,27439.76,65727.70029397705,66136.40716779426,88053.12
2024-07-20,20,20,26210.63,67509.58430243417,65156.19883230059,82494.64
2024-07-27,20,20,164704.3,71529.07223481967,67181.2048920978,94267.76
2024-08-03,20,20,19367.76,84841.58231071586,90476.13949125662,93511.805
2024-08-10,20,20,102788.22,77921.77769178606,95050.76799861195,98682.94
2024-08-17,20,20,111133.9,73046.46880419535,98269.56169007075,100605.695
2024-08-24,20,20,115490.19,85869.0706731423,97137.04037700895,91748.31
2024-08-31,20,20,142204.45,81867.04631568538,92715.57360774784,96274.06
2024-06-01,21,1,48923.83,42669.54286425433,32849.20218469611,31899.594
2024-06-08,21,1,12488.76,42623.70665675806,36518.74444092291,30000.44
2024-06-15,21,1,42076.0,41665.18178347983,35558.01825320804,33137.883
2024-06-22,21,1,33173.42,40989.16592895005,32593.91440914882,29931.084
2024-06-29,21,1,49344.73,40040.74883118176,32292.91871022987,30977.861
2024-07-06,21,1,51225.88,57252.511218313804,52457.939594171665,46737.23
2024-07-13,21,1,34450.05,47806.067038098394,31126.604899248137,32057.85
2024-07-20,21,1,9237.33,45256.05494125544,34099.93784830285,32578.465
2024-07-27,21,1,37721.59,47977.23093825761,32462.67396037136,31583.227
2024-08-03,21,1,14636.37,50046.87217948581,30221.533562058743,30196.459
2024-08-10,21,1,18471.29,43938.9216044134,33180.738401970506,31954.361
2024-08-17,21,1,25201.95,38864.42625568261,33803.547647163876,32001.184
2024-08-24,21,1,19694.84,40130.7148984423,35474.49237921901,30993.416
2024-08-31,21,1,33697.22,43428.2029776156,32846.86953659744,31581.574
2024-06-01,21,2,30827.22,44602.7239385783,32692.7681599992,32758.797
2024-06-08,21,2,39715.31,47086.92048475804,33609.2204881186,32473.637
2024-06-15,21,2,35238.6,43850.884005583626,33134.90476302433,32376.133
2024-06-22,21,2,32484.55,43384.69136774304,32675.5981010153,34002.293
2024-06-29,21,2,33507.51,41031.190062940725,33846.81233252965,32146.168
2024-07-06,21,2,19954.66,56185.50178543393,54080.62937753249,44809.234
2024-07-13,21,2,36771.78,44800.87119338529,33875.01962390773,31504.457
2024-07-20,21,2,36913.89,40592.48420800276,33104.41372692517,31607.223
2024-07-27,21,2,47931.51,45395.77224868351,33164.32848897972,31889.965
2024-08-03,21,2,50674.08,49060.637854338966,32661.222145373813,31692.834
2024-08-10,21,2,40532.46,43217.27972747646,33162.99218494573,32324.936
2024-08-17,21,2,44766.05,40316.333280600964,33331.55605385751,32195.83
2024-08-24,21,2,28862.48,42905.64579572058,34426.72533790815,33554.63
2024-08-31,21,2,7484.67,50284.67660217918,36532.602457915644,35548.63
2024-06-01,21,3,42949.85,48352.86460046091,39821.68572888974,36248.355
2024-06-08,21,3,57131.74,46540.29399984969,38931.55279270423,36414.32
2024-06-15,21,3,41911.61,46245.59027220399,40906.64523748674,37416.203
2024-06-22,21,3,27345.65,46602.11952079279,43101.28074562509,38201.85
2024-06-29,21,3,15967.95,45440.8755229564,42041.199118967095,38313.87
2024-07-06,21,3,77086.21,61967.133502231045,54044.789123543,50012.516
2024-07-13,21,3,33495.84,55806.80101627997,47641.43874705483,40731.92
2024-07-20,21,3,32753.12,49971.902665798254,42527.8922299713,39098.03
2024-07-27,21,3,22662.19,51690.097655812824,42196.655768231634,38687.746
2024-08-03,21,3,36715.65,53371.04464242671,41799.30967564243,36214.027
2024-08-10,21,3,49750.34,43342.3154879173,35513.68392233333,34691.336
2024-08-17,21,3,20425.18,41621.617189146855,35397.57424585379,35187.027
2024-08-24,21,3,50148.76,43275.04681497241,37089.290651314106,35691.145
2024-08-31,21,3,24741.49,51993.54999253393,42883.863592318834,37809.625
2024-06-01,21,4,16812.6,44760.16942274924,36796.933408701334,33969.414
2024-06-08,21,4,46193.34,43283.525294698404,35957.1682836176,33482.16
2024-06-15,21,4,8920.75,43111.14361754954,36685.79298077255,34115.914
2024-06-22,21,4,44272.69,40401.67248824391,34820.30265231203,33268.65
2024-06-29,21,4,36497.66,39742.492849291244,35726.439770333825,33584.016
2024-07-06,21,4,76485.67,55567.935299190394,50798.39013008981,45695.434
2024-07-13,21,4,50880.66,50126.778246529684,42888.68890780203,36078.426
2024-07-20,21,4,47617.58,44993.45590271513,39117.26937906935,36706.72
2024-07-27,21,4,16944.28,49779.926853547986,39798.23080168682,36630.26
2024-08-03,21,4,35841.37,54237.84297854978,41764.23286146023,37140.227
2024-08-10,21,4,32642.62,46980.086146936344,39592.029507462066,37628.676
2024-08-17,21,4,15649.34,45324.29770224099,41678.83221922979,39029.58
2024-08-24,21,4,53588.41,44737.133209682775,38963.25721869202,38041.58
2024-08-31,21,4,15355.05,53126.282623026935,42639.42085246217,37729.965
2024-06-01,21,5,60878.64,48520.49048536148,43289.27869064484,39025.516
2024-06-08,21,5,65944.98,49720.26907489947,45428.697757040885,41340.605
2024-06-15,21,5,45587.22,50064.23412730387,47184.771088517715,40519.055
2024-06-22,21,5,62714.36,49170.6123612991,46501.01923119732,42539.62
2024-06-29,21,5,7244.9,51847.877144669044,49847.987527026395,42773.953
2024-07-06,21,5,90401.14,66586.94323665954,66605.12944575849,56885.965
2024-07-13,21,5,44300.57,62013.236662938165,52322.97961931976,43622.406
2024-07-20,21,5,48671.42,57081.08518502964,52705.542410232716,43980.367
2024-07-27,21,5,60980.33,59094.75249259742,49862.51091640672,43523.54
2024-08-03,21,5,59129.73,60148.77051450255,49642.58287203169,40883.363
2024-08-10,21,5,64315.24,51609.31351547833,47181.16873180368,41134.266
2024-08-17,21,5,52429.23,49388.95746086725,49977.747165376146,43876.766
2024-08-24,21,5,38237.96,50693.14628895251,48418.723945208614,42673.344
2024-08-31,21,5,18226.97,60287.95079117966,52557.63583759382,44117.336
2024-06-01,21,6,30652.36,45842.835032766765,38222.21873749203,38122.74
2024-06-08,21,6,55065.75,46050.5254006096,38068.51787358875,38283.65
2024-06-15,21,6,20801.21,44631.57823496751,39605.35940760767,37293.94
2024-06-22,21,6,68718.55,40456.39662961004,37629.131578511304,34179.22
2024-06-29,21,6,6673.1,42352.963386280244,41256.1738915526,37760.31
2024-07-06,21,6,67515.15,57856.33839463433,58563.82676394921,51472.28
2024-07-13,21,6,69758.58,52354.842493866156,45121.61231814447,42431.586
2024-07-20,21,6,63698.28,52223.58577057032,49325.58665845616,44205.617
2024-07-27,21,6,46355.3,55389.88060755014,48579.71419740299,44510.156
2024-08-03,21,6,66172.28,55912.52276168559,47246.98417590195,41418.824
2024-08-10,21,6,40300.78,51412.33582963663,47632.62440367618,43020.703
2024-08-17,21,6,28713.23,50164.95908011929,49053.530237412335,44169.887
2024-08-24,21,6,16181.36,50310.551427330276,47801.88007650618,42668.234
2024-08-31,21,6,54159.82,59037.32146601313,48421.54560016062,43713.246
2024-06-01,21,7,73728.05,49723.259765347066,41979.37182152035,42409.785
2024-06-08,21,7,18920.98,53123.217722321184,47903.46055795366,45739.81
2024-06-15,21,7,60257.15,48097.69899605786,42806.07563417594,43041.016
2024-06-22,21,7,23352.03,49044.49741738717,47632.38669793963,44745.05
2024-06-29,21,7,40825.52,46891.829049019514,42442.20702467662,43363.84
2024-07-06,21,7,74005.86,61341.36562616914,56826.58657873539,58396.824
2024-07-13,21,7,11095.27,56324.35631692083,48575.08558070227,44672.906
2024-07-20,21,7,35960.23,50207.07967389316,44631.51244764614,46361.58
2024-07-27,21,7,53102.07,52671.87793285118,44011.362765231366,43801.04
2024-08-03,21,7,37915.4,54688.891345952325,43123.01878666874,42959.39
2024-08-10,21,7,17632.1,47806.854925573345,41913.3458569871,42975.684
2024-08-17,21,7,68482.05,41757.09539285582,38214.113228717164,39113.66
2024-08-24,21,7,31131.46,48168.94313912118,43005.426126975944,42302.273
2024-08-31,21,7,31750.82,53563.669740016245,43920.276864131934,43731.95
2024-06-01,21,8,37231.13,49491.86859685384,42778.16611133736,42317.082
2024-06-08,21,8,71686.78,50143.81789111504,42274.880528096306,42112.402
2024-06-15,21,8,37705.3,50503.94769919673,45194.30018799483,44354.5
2024-06-22,21,8,66304.01,49933.22015862841,47992.69531009096,45056.418
2024-06-29,21,8,71839.37,48933.326655980076,46926.94218816308,44328.344
2024-07-06,21,8,13559.84,65894.59157181566,53931.97946769281,54267.2
2024-07-13,21,8,35070.16,54868.94696969442,48670.85632739099,46277.332
2024-07-20,21,8,15737.82,50862.41357614066,46967.168344696096,45997.082
2024-07-27,21,8,8155.26,54844.47857522926,45523.419987294525,44028.043
2024-08-03,21,8,23351.03,52473.29582085496,42987.38380544323,43384.97
2024-08-10,21,8,36858.8,43893.55071109477,38524.66434704664,37401.02
2024-08-17,21,8,49705.37,40498.344656520356,38145.90042590207,38743.992
2024-08-24,21,8,60946.54,41402.13754400972,38868.69892333654,39685.867
2024-08-31,21,8,12336.15,46585.94056134656,38920.00869932374,39034.98
2024-06-01,21,9,29608.6,56689.4781123583,53522.308821243074,49666.426
2024-06-08,21,9,66498.65,55684.56125360446,48183.646459316034,47680.55
2024-06-15,21,9,22651.65,55929.16623541076,47995.92441354974,48051.99
2024-06-22,21,9,9114.63,51485.64561378882,48810.72072617201,48780.883
2024-06-29,21,9,16622.3,46957.909910348375,42554.57144105696,46067.625
2024-07-06,21,9,33733.34,60234.22437646482,59616.706922396515,56086.867
2024-07-13,21,9,43162.26,46055.270309132946,37328.64654375008,39779.76
2024-07-20,21,9,63490.23,40984.41804645467,35684.283870276486,38275.707
2024-07-27,21,9,62128.84,47941.57019484437,38590.27830033764,41146.062
2024-08-03,21,9,13605.08,51073.94001019229,43725.55227088202,42638.44
2024-08-10,21,9,39574.73,43418.643556387804,41518.19007925035,41395.414
2024-08-17,21,9,74272.41,42521.25481249315,39768.68606884854,42932.844
2024-08-24,21,9,9899.59,49658.08543229622,45223.52608565989,45779.746
2024-08-31,21,9,78448.24,55508.540294834565,46333.723765804156,46905.29
2024-06-01,21,10,61268.42,49932.99399800662,44681.317976060185,44213.527
2024-06-08,21,10,35881.63,49472.40952539516,42293.0519059903,44207.215
2024-06-15,21,10,11709.68,47338.041595084884,41227.51692802981,44371.48
2024-06-22,21,10,28721.38,46728.680477101436,42800.42014956861,44563.676
2024-06-29,21,10,35234.06,44031.42035208242,39627.500046359746,41605.34
2024-07-06,21,10,83472.75,57874.6003878713,59142.106718817085,52575.668
2024-07-13,21,10,60831.58,54300.762368933625,46053.904604916184,47237.242
2024-07-20,21,10,12381.84,51121.68686347885,48624.89412541924,48104.86
2024-07-27,21,10,26884.83,51975.59239904429,44665.26852250563,46689.39
2024-08-03,21,10,69454.84,53680.81289488926,43687.0122926605,43530.863
2024-08-10,21,10,28610.23,49862.0585272409,44274.717837035445,45635.758
2024-08-17,21,10,60654.21,46772.732140698725,43510.187752557744,46895.723
2024-08-24,21,10,59341.17,50135.56484952766,48615.043830068425,47294.992
2024-08-31,21,10,65077.02,57712.279795793314,48400.72575090167,47616.453
2024-06-01,21,11,17597.72,55452.57937712993,51193.3807960347,50103.965
2024-06-08,21,11,20450.22,52024.08268704637,45869.78363499109,47685.332
2024-06-15,21,11,28320.07,47573.10195456279,44371.99424685298,45531.86
2024-06-22,21,11,27761.69,48101.62753464681,44882.61515472825,46439.113
2024-06-29,21,11,46305.67,40336.511837191894,40254.34852607025,40443.777
2024-07-06,21,11,86941.15,57497.457551152555,57724.52197747973,55319.473
2024-07-13,21,11,11241.35,52205.78653981911,45094.98220072304,45928.457
2024-07-20,21,11,34371.03,48246.426532041405,45708.6047448626,47871.836
2024-07-27,21,11,63199.47,49068.068228043885,43528.46992624595,44772.285
2024-08-03,21,11,41404.25,55744.27101422642,45027.99422672051,47178.883
2024-08-10,21,11,46293.25,48645.0867608671,42860.89828457478,46356.1
2024-08-17,21,11,84820.86,45288.63707643417,45916.73767912814,46615.45
2024-08-24,21,11,70868.36,52336.62066213464,48595.68765821161,47066.547
2024-08-31,21,11,86653.67,59775.98713882587,53159.48605812543,51514.418
2024-06-01,21,12,22817.27,54119.25838431689,47917.36693258129,48369.535
2024-06-08,21,12,56540.6,55275.68515707971,49133.087625675624,49069.51
2024-06-15,21,12,79045.36,51695.638076416195,47986.372539025266,49170.582
2024-06-22,21,12,23391.46,53982.50306724212,51291.2698606233,51220.332
2024-06-29,21,12,51398.3,49985.162152964294,48975.28823776421,49693.938
2024-07-06,21,12,41482.77,64072.00107924357,50330.09790166109,57732.42
2024-07-13,21,12,73403.19,54562.72959745206,46944.263395100796,49361.75
2024-07-20,21,12,79057.01,52781.11974457041,48247.75721827935,49641.395
2024-07-27,21,12,78326.01,56890.46118658425,47563.037512206996,48787.12
2024-08-03,21,12,16047.3,62292.81497727463,54686.18032996973,51216.64
2024-08-10,21,12,61479.22,56264.371759500216,53953.69430701918,51557.05
2024-08-17,21,12,35639.42,53005.53607366571,49236.57545151229,49745.035
2024-08-24,21,12,52975.87,55943.67250574806,53495.59478755537,52255.164
2024-08-31,21,12,18544.97,60768.36638364108,54417.76404183562,52245.055
2024-06-01,21,13,10355.29,55559.92151951687,49517.23179225869,50085.16
2024-06-08,21,13,25432.44,52536.366612307414,45975.41719040997,49871.06
2024-06-15,21,13,64364.94,48505.87342635859,44304.3920810776,48757.207
2024-06-22,21,13,23827.09,49627.19900555828,45550.99174492101,50419.64
2024-06-29,21,13,77798.12,45311.22670794019,42426.36411935296,47182.258
2024-07-06,21,13,65519.1,65138.7070016203,60555.68532222863,66409.95
2024-07-13,21,13,18193.49,57432.523083770495,50094.17356017984,50283.023
2024-07-20,21,13,92906.4,51226.64770596251,50336.399411392966,50983.895
2024-07-27,21,13,11451.37,56387.313406488574,54389.94579711457,51117.168
2024-08-03,21,13,28290.7,60186.402790634886,50256.98314117801,53052.48
2024-08-10,21,13,63844.69,54115.95470086179,49525.76329255434,52536.254
2024-08-17,21,13,85678.05,52204.260843223856,52375.59793206636,51798.992
2024-08-24,21,13,33157.45,56351.766688201715,54495.19040106064,51422.25
2024-08-31,21,13,89871.04,58124.149837310084,49859.315244897305,51654.973
2024-06-01,21,14,20577.56,56763.137348745375,50297.93673498539,53423.883
2024-06-08,21,14,88580.1,59915.32836771354,53703.38537556309,55954.73
2024-06-15,21,14,47950.55,60468.950450828495,55829.460227724325,54735.395
2024-06-22,21,14,31268.15,57558.438888848636,53447.736629042076,53589.074
2024-06-29,21,14,22117.49,53196.64015197958,50275.047389204905,53712.24
2024-07-06,21,14,113938.54,66570.38166210754,66339.9834561893,62961.496
2024-07-13,21,14,8043.61,61456.63557885915,57032.9545221173,53581.56
2024-07-20,21,14,53140.24,52623.062189147946,44775.70063208052,50139.734
2024-07-27,21,14,21074.76,58830.06005158646,50908.221658366776,51787.42
2024-08-03,21,14,63331.86,62644.15895368932,53967.91041292023,52603.547
2024-08-10,21,14,14340.81,51054.6991745786,48372.396801998795,52285.703
2024-08-17,21,14,71569.1,45811.6674415119,44363.98036146454,49998.113
2024-08-24,21,14,62720.28,50971.467393375475,49181.11939318847,52176.95
2024-08-31,21,14,13264.46,59377.76055424951,51029.95054719207,54285.07
2024-06-01,21,15,68834.42,59613.198775295656,53673.712932831695,54460.652
2024-06-08,21,15,62562.46,57349.403116405585,52813.19802905435,53996.4
2024-06-15,21,15,38442.91,52869.034216944296,47565.48967463849,52080.562
2024-06-22,21,15,72805.92,51810.01768096505,46645.81477447086,51727.4
2024-06-29,21,15,10299.97,54936.32971447355,52030.39567052143,53908.586
2024-07-06,21,15,35980.0,67785.85646691706,66049.79105810454,67603.52
2024-07-13,21,15,50380.25,57704.26380209144,49190.078091165546,54758.027
2024-07-20,21,15,78743.2,55200.598519900515,49543.16315667478,53089.91
2024-07-27,21,15,32045.46,58283.92254072418,50750.800310892395,53607.996
2024-08-03,21,15,56171.79,56571.48465221577,48298.76718079236,51940.473
2024-08-10,21,15,55683.77,50360.95346943924,48012.28802915091,51353.16
2024-08-17,21,15,34652.43,48894.651872235736,48660.03563896548,52496.957
2024-08-24,21,15,61150.7,47175.153462636525,47021.973704167314,51416.324
2024-08-31,21,15,43106.33,57152.078528917824,48102.92403764654,52714.836
2024-06-01,21,16,61069.31,55261.26022833738,52837.77649324433,56387.95
2024-06-08,21,16,10655.47,53643.983336979734,47218.17308241097,52855.6
2024-06-15,21,16,38974.68,52550.941582974985,50625.45007165148,57340.06
2024-06-22,21,16,46634.05,52988.33277539204,49968.85649266771,52473.332
2024-06-29,21,16,77025.94,49794.65326892753,49189.6635727251,53624.098
2024-07-06,21,16,33045.47,65467.344761959066,58150.73384688253,72629.13
2024-07-13,21,16,28139.91,53565.31562378319,48698.03343633229,54470.69
2024-07-20,21,16,11943.12,49287.24036175508,48284.71976428803,54262.203
2024-07-27,21,16,28917.33,51685.19810225056,46268.44942706886,51335.457
2024-08-03,21,16,98914.06,49261.532462191164,41383.693049081456,48524.03
2024-08-10,21,16,13113.92,53690.38947691049,51595.307358867845,55667.06
2024-08-17,21,16,17151.04,48363.96288439517,46530.56557521719,52674.664
2024-08-24,21,16,91346.05,48168.6639657962,47397.282862986496,51977.723
2024-08-31,21,16,65761.1,57938.697058508136,48618.21604394248,54459.24
2024-06-01,21,17,98280.53,53722.87578698545,55173.94721775466,56444.07
2024-06-08,21,17,53354.05,61709.47467332964,54239.80904824594,53665.26
2024-06-15,21,17,48240.09,61379.361587289306,56308.165769947496,53397.582
2024-06-22,21,17,95790.58,57823.46941475447,53753.71792342347,55247.32
2024-06-29,21,17,91087.76,61344.542742093,56037.94547780819,54595.508
2024-07-06,21,17,104267.15,77919.40643698775,78048.1573783178,74606.39
2024-07-13,21,17,101122.89,69899.96459885544,61798.7177896939,59343.047
2024-07-20,21,17,93532.34,65608.5490542303,61934.53335185432,58743.46
2024-07-27,21,17,97216.97,70958.918357154,58172.25511745697,58944.875
2024-08-03,21,17,56333.36,73490.73441174507,61640.002396294585,58228.53
2024-08-10,21,17,27788.6,71162.84989705888,56552.29545230815,59337.69
2024-08-17,21,17,91227.58,69537.62841079838,66270.49531424904,61729.977
2024-08-24,21,17,85519.7,71823.37224794622,65571.90427792132,60413.26
2024-08-31,21,17,56369.07,76679.21800897116,65983.82811228986,59827.85
2024-06-01,21,18,86570.04,64541.08156150324,61222.677705126494,57349.316
2024-06-08,21,18,87508.45,67203.84550478493,61708.38424049317,63658.41
2024-06-15,21,18,11203.62,63905.92508924215,59937.81290454773,57848.848
2024-06-22,21,18,90557.7,59701.88087208231,62333.85174343415,61011.746
2024-06-29,21,18,49077.88,58614.66003779592,60056.50885742777,62198.312
2024-07-06,21,18,42073.08,71941.9941576508,72679.1947818928,68620.43
2024-07-13,21,18,76277.09,61335.39236177183,57117.4025943973,61171.977
2024-07-20,21,18,33132.85,58095.656231952446,57759.54956571431,58719.918
2024-07-27,21,18,71509.86,60586.92721394674,58232.817173049065,58979.16
2024-08-03,21,18,19307.95,62133.26559685909,58293.50504414164,59276.902
2024-08-10,21,18,64174.87,53826.78241649486,58254.4889146321,58607.496
2024-08-17,21,18,74290.59,53374.5456735765,58823.428154071116,59671.543
2024-08-24,21,18,56479.5,54610.606815947955,55979.890017824626,56715.484
2024-08-31,21,18,52563.98,60432.86970420302,57613.7794235231,61262.62
2024-06-01,21,19,95932.49,50707.385601766735,46902.970170882436,54976.59
2024-06-08,21,19,64513.23,56460.79140397102,60448.709052321305,59657.258
2024-06-15,21,19,75344.84,57092.62246097887,55105.42093144975,59756.17
2024-06-22,21,19,34231.52,55906.9511640839,52986.92631440549,56230.92
2024-06-29,21,19,107288.44,56193.09689618872,54482.443266487004,60758.297
2024-07-06,21,19,105547.36,78212.61964297111,72467.75884376615,82150.45
2024-07-13,21,19,94180.33,70429.32040945234,65533.69045717099,63999.715
2024-07-20,21,19,18876.62,70014.73054302143,68680.31358549625,62967.715
2024-07-27,21,19,110406.74,71421.46770236766,68434.53784974023,61418.75
2024-08-03,21,19,53880.38,75927.8217364735,67364.15193211772,63148.625
2024-08-10,21,19,62156.85,69405.13879118176,69475.08328022511,61591.074
2024-08-17,21,19,55604.28,64254.29302787118,68662.5303951898,64077.617
2024-08-24,21,19,80213.26,66696.62980773314,68078.8227016511,60614.586
2024-08-31,21,19,63463.62,68533.03218013197,66035.95330949762,61848.324
2024-06-01,21,20,61009.32,57513.06322437809,52470.47022308991,62241.773
2024-06-08,21,20,66377.62,53936.48412609088,61430.56981150905,62617.34
2024-06-15,21,20,45816.85,52548.86923514175,57987.31546002317,58885.26
2024-06-22,21,20,99612.86,50025.38116906791,51806.73098138513,58277.242
2024-06-29,21,20,65037.66,54519.64318860045,60790.79885715459,60621.387
2024-07-06,21,20,123085.23,69284.52252943843,74813.1278547275,76755.61
2024-07-13,21,20,107697.93,68428.53597706216,61448.121378957534,63306.844
2024-07-20,21,20,34552.77,66619.81869525072,65473.06148830546,60355.445
2024-07-27,21,20,10911.63,70981.33278347293,66222.23031180343,63367.195
2024-08-03,21,20,23243.85,74304.10709616961,64595.208072295485,62833.637
2024-08-10,21,20,94898.78,65641.95709480802,61761.54558941835,62124.395
2024-08-17,21,20,82990.43,64199.468232824955,67926.6128853353,65261.33
2024-08-24,21,20,26490.85,64308.38844247294,62171.27019306491,61572.984
2024-08-31,21,20,36344.67,66416.96351643663,58051.898355420555,62539.082
2024-06-01,22,1,39694.95,37273.10052984645,33449.94562254229,35497.492
2024-06-08,22,1,32399.04,42714.903826235546,37781.80920405653,37265.953
2024-06-15,22,1,18648.27,36290.44382729202,31053.727651456815,33658.676
2024-06-22,22,1,14323.36,40472.91210574535,37213.045480199755,35882.12
2024-06-29,22,1,61997.09,38967.86993603736,31067.641815298823,33985.035
2024-07-06,22,1,64604.74,63407.70561362795,49377.45884201031,46542.75
2024-07-13,22,1,59979.94,42731.542693931864,38154.930033805686,36182.523
2024-07-20,22,1,45076.42,47281.258645876485,38435.164135519975,35103.055
2024-07-27,22,1,18624.15,44304.14244876051,35772.60492889086,33358.22
2024-08-03,22,1,63381.29,47304.72154728397,35400.12113513847,33763.793
2024-08-10,22,1,17384.79,49497.890770346385,34713.02110452259,34859.547
2024-08-17,22,1,52689.34,47382.09056409249,36231.67403884181,35829.953
2024-08-24,22,1,59157.39,50896.745660000604,40080.17671351787,38644.375
2024-08-31,22,1,36287.28,55330.05378908701,39113.92183187715,34186.254
2024-06-01,22,2,66998.52,42053.103256466755,45814.62772516271,41496.957
2024-06-08,22,2,32789.37,49385.63791707079,43738.85674002017,39713.355
2024-06-15,22,2,6887.53,41583.09234474658,44786.783225456915,40507.855
2024-06-22,22,2,47341.61,46018.10624066573,36871.281560728494,38664.812
2024-06-29,22,2,7969.67,46233.08684005695,39606.173536531714,37873.902
2024-07-06,22,2,54779.8,65293.035447336406,59616.71324777729,48784.414
2024-07-13,22,2,65982.2,43919.74859643875,35537.892876619786,39028.465
2024-07-20,22,2,28824.32,49832.1593342589,40634.76377811874,37965.61
2024-07-27,22,2,51664.83,45387.59912658469,38956.712020421866,37689.703
2024-08-03,22,2,55695.87,44926.2567572005,39877.97299620645,37382.26
2024-08-10,22,2,51070.38,46591.74150235117,39645.53383454079,39457.58
2024-08-17,22,2,27278.52,45923.7214420656,43993.29805284247,40382.65
2024-08-24,22,2,33874.82,46376.762124625326,41422.126789249014,39362.37
2024-08-31,22,2,47032.02,53436.96391542418,43223.041595019655,41998.344
2024-06-01,22,3,62960.19,38637.21206218009,43379.61832052177,40416.824
2024-06-08,22,3,67049.9,43722.692747933426,45258.780123336546,40481.2
2024-06-15,22,3,60431.23,39871.504225565375,43948.50928713098,40671.547
2024-06-22,22,3,51455.43,46580.15072183979,47102.43241379497,41913.92
2024-06-29,22,3,27429.62,47325.841221693074,48337.67250890088,43193.07
2024-07-06,22,3,45505.98,69723.22088791491,50550.03311066519,55886.508
2024-07-13,22,3,61650.67,46162.62142935151,47161.757575814736,42232.652
2024-07-20,22,3,57324.93,54073.51909581983,47773.932458398005,40759.67
2024-07-27,22,3,52284.59,52316.4350987673,52245.583300713755,43180.617
2024-08-03,22,3,15810.78,51813.974210792665,48146.47310106828,40807.113
2024-08-10,22,3,51650.14,50735.15268719306,48127.53019588263,42043.42
2024-08-17,22,3,33775.17,47861.108338781334,45841.909503702904,41143.938
2024-08-24,22,3,13511.05,47877.25200869243,44241.86592713343,42170.34
2024-08-31,22,3,29367.7,51531.26764501441,46611.45962084704,43240.344
2024-06-01,22,4,25172.22,42543.416126764,47357.88610081315,42596.867
2024-06-08,22,4,51414.01,45368.53269622897,44993.55918924614,43312.605
2024-06-15,22,4,57303.41,42348.760261694944,47627.476669021606,43523.258
2024-06-22,22,4,12052.7,47226.30721682007,46432.66379311445,42293.254
2024-06-29,22,4,38200.22,43685.429455222555,45225.818160458766,41368.84
2024-07-06,22,4,22331.78,64224.259081141245,52241.7933753934,49840.363
2024-07-13,22,4,14127.11,38464.4543812486,42726.66691854287,39537.58
2024-07-20,22,4,8828.2,41352.16540648217,35941.6470997615,37854.84
2024-07-27,22,4,13253.2,39605.82052559817,38651.604223188486,37068.24
2024-08-03,22,4,54159.56,39458.42822691888,40494.8735171533,36686.188
2024-08-10,22,4,64920.62,41340.45529881654,37793.82167331764,37451.59
2024-08-17,22,4,67184.83,39804.85759732602,50694.866550113205,36570.64
2024-08-24,22,4,39207.82,43181.94361951097,46082.583670215274,39540.844
2024-08-31,22,4,50370.94,46279.845758643125,45152.52497987898,40745.715
2024-06-01,22,5,73033.69,41684.75560615364,49750.686359681225,45127.965
2024-06-08,22,5,45929.55,48459.97852877518,49634.53182448353,44452.332
2024-06-15,22,5,29418.57,43774.14318536299,49766.087755645254,45943.37
2024-06-22,22,5,6808.63,51658.158882527285,49674.77268776914,44837.008
2024-06-29,22,5,41809.64,50066.41066547423,49197.67991695788,45758.414
2024-07-06,22,5,15722.86,71344.46688093219,53831.26755129536,55120.67
2024-07-13,22,5,38556.76,44725.174946710984,48326.30738330341,46570.973
2024-07-20,22,5,35180.89,48073.375284434114,48730.92937242965,44337.562
2024-07-27,22,5,76686.71,42559.16259871461,46886.0914092917,43149.695
2024-08-03,22,5,9936.18,46151.44515345782,47463.8830991358,41245.383
2024-08-10,22,5,72293.73,43607.95181182467,46851.8404876444,41027.81
2024-08-17,22,5,14415.27,44847.39722807682,45069.18689620485,43531.16
2024-08-24,22,5,47739.6,47902.12214622068,47658.618965691356,47700.66
2024-08-31,22,5,9892.52,51707.833218802516,48781.47255920066,45061.336
2024-06-01,22,6,75471.55,40892.40153670338,48452.64456373836,45447.215
2024-06-08,22,6,58068.57,48156.78454224085,50766.17828888642,47630.094
2024-06-15,22,6,35135.99,44196.401187419295,50162.0727492354,46981.89
2024-06-22,22,6,20142.21,50945.887678007326,50080.39651232956,46653.855
2024-06-29,22,6,67258.23,50546.36634838202,50599.70200554009,48297.34
2024-07-06,22,6,101131.11,75455.26693826448,55422.723425893084,60980.047
2024-07-13,22,6,53367.15,56873.55738457792,56970.01000567681,49255.047
2024-07-20,22,6,60223.63,59353.42931841338,55702.602009896334,48806.29
2024-07-27,22,6,31231.99,54882.85453334757,50718.09718321033,45090.508
2024-08-03,22,6,47648.69,56152.69502083038,50898.484467576985,46011.965
2024-08-10,22,6,71341.97,52625.463347536504,50439.75950681315,47226.105
2024-08-17,22,6,77816.15,53625.71441170143,51602.65815749192,48244.453
2024-08-24,22,6,49168.81,58463.64138052823,57061.76512999448,45259.723
2024-08-31,22,6,25925.45,60554.0193768119,54790.30932362061,48334.77
2024-06-01,22,7,54850.73,34093.29854461881,46526.47085556548,43018.516
2024-06-08,22,7,34835.31,43239.11819456542,46721.23645944809,44724.195
2024-06-15,22,7,23295.51,37265.818282050095,46078.16592125847,45530.465
2024-06-22,22,7,64635.8,43060.9789676205,47270.70272210028,45735.46
2024-06-29,22,7,43676.38,45124.59069642863,46826.531006944264,45835.996
2024-07-06,22,7,23939.14,67091.07752378788,58625.631722388855,59499.195
2024-07-13,22,7,38132.96,40210.82240315735,46119.45073403472,45458.61
2024-07-20,22,7,12788.77,46722.99436849866,46611.64682325334,46176.76
2024-07-27,22,7,31522.93,43803.706211164055,47145.10607427217,45111.367
2024-08-03,22,7,75819.5,43565.167261186325,48814.69784035729,43851.75
2024-08-10,22,7,58573.59,48371.48478265336,48015.489006957614,47685.09
2024-08-17,22,7,25843.64,47305.71938362031,49109.21028434988,46126.54
2024-08-24,22,7,58285.64,44979.9959808927,47703.18564015185,46024.26
2024-08-31,22,7,34215.37,51296.525316215404,48781.88137569555,46127.75
2024-06-01,22,8,65089.82,42748.39974400871,50650.96440459119,50484.902
2024-06-08,22,8,45797.92,48222.24076748793,50171.19902691218,49230.176
2024-06-15,22,8,57300.83,41762.034650948786,48157.04633918244,49054.387
2024-06-22,22,8,36263.96,45250.93537066152,48831.40428133688,47385.74
2024-06-29,22,8,80159.17,44915.584567389895,47644.0072875922,46031.24
2024-07-06,22,8,33058.01,70355.85192545963,45675.20368321279,62361.895
2024-07-13,22,8,8708.58,45308.67462903225,49928.816881941544,48661.69
2024-07-20,22,8,82557.57,50904.2379331419,47776.099085704045,47944.953
2024-07-27,22,8,53467.41,55109.91655896573,51450.719166253264,49864.258
2024-08-03,22,8,29163.35,54625.13039253615,50920.563873061976,50546.418
2024-08-10,22,8,69275.17,52397.06198227984,51141.02113691512,50720.445
2024-08-17,22,8,60278.99,50209.09776110814,50849.40584438764,47604.742
2024-08-24,22,8,26883.54,51696.887359972,51029.83606866931,48995.61
2024-08-31,22,8,45088.24,53445.877968355366,51195.91505892103,50166.344
2024-06-01,22,9,19428.51,42479.25804451336,47276.47402013269,48002.316
2024-06-08,22,9,24930.55,43848.27099039731,49581.27378863176,49383.65
2024-06-15,22,9,39376.94,39232.52712330891,47219.01245691843,48720.086
2024-06-22,22,9,71849.25,44590.95636784164,48460.50770477742,49227.77
2024-06-29,22,9,56483.28,46582.90606397412,48868.67823491239,49968.574
2024-07-06,22,9,77348.67,65378.262870910134,53112.64294353517,62924.25
2024-07-13,22,9,43722.33,43648.1247400216,49982.673028488745,48908.52
2024-07-20,22,9,80906.29,49368.851915871295,49952.70476096003,49413.766
2024-07-27,22,9,80571.9,51029.04996034747,51242.331131948136,49958.605
2024-08-03,22,9,30144.63,57172.03929244588,53079.45996889901,52478.637
2024-08-10,22,9,82005.5,58114.22557547349,55453.33867990186,54053.715
2024-08-17,22,9,42016.52,58967.0036338471,55215.9273927148,53465.21
2024-08-24,22,9,13684.45,58743.13555311807,54563.27268710097,52964.754
2024-08-31,22,9,73891.52,60868.911559763736,55857.74326699786,54319.2
2024-06-01,22,10,64242.86,40371.78905691979,49655.43585010248,50671.094
2024-06-08,22,10,75313.62,45950.01306045724,51689.76946965998,50697.562
2024-06-15,22,10,41758.13,41457.4894375884,46792.00703651919,50366.715
2024-06-22,22,10,81908.07,47595.55944722577,50955.95126483682,50044.52
2024-06-29,22,10,40896.82,50386.859359144764,51625.59632530191,51511.777
2024-07-06,22,10,36702.5,75000.00359317777,64328.76754569528,66206.766
2024-07-13,22,10,74990.87,49668.95564457683,52330.34510160233,52762.113
2024-07-20,22,10,73433.49,56020.44123204369,51527.83401687306,52136.477
2024-07-27,22,10,50932.27,56848.45946165326,54681.61352830647,52694.523
2024-08-03,22,10,84865.01,56805.61698648694,54640.07813725264,52775.008
2024-08-10,22,10,48615.11,56779.95857395074,53500.65715950815,52708.86
2024-08-17,22,10,50158.6,55279.81302039144,54309.09397461528,52777.586
2024-08-24,22,10,44239.36,54473.61998787104,54067.59062245998,52080.33
2024-08-31,22,10,36493.17,60619.636551588635,53521.69866764499,52777.383
2024-06-01,22,11,88598.0,52687.679919722905,56061.22857365831,57038.637
2024-06-08,22,11,28888.23,60687.149587847925,57698.293135942666,58858.613
2024-06-15,22,11,47278.39,54707.87801636736,59165.58189499652,59662.438
2024-06-22,22,11,65575.63,57692.88553069764,53395.89103844823,54098.05
2024-06-29,22,11,15704.77,59671.24185463145,54806.70938947613,55308.74
2024-07-06,22,11,71375.39,75633.07472229147,66895.97939550236,72835.86
2024-07-13,22,11,12230.96,50517.644454224464,51757.58989734184,52431.008
2024-07-20,22,11,28946.67,56884.087727025304,51265.40663743506,54715.92
2024-07-27,22,11,66237.71,49555.58888034536,51732.99971267329,54764.19
2024-08-03,22,11,15871.59,50902.608573700396,49185.39061672757,50631.188
2024-08-10,22,11,42722.37,48192.111071132305,51720.93994866282,53290.418
2024-08-17,22,11,16685.24,44793.83237923507,48551.670354643815,52515.242
2024-08-24,22,11,67576.8,44060.85949841085,47735.14806096064,48299.95
2024-08-31,22,11,77187.63,51754.56959759443,51439.17322904355,54080.41
2024-06-01,22,12,46661.88,49806.357777423276,55543.528178964705,55214.055
2024-06-08,22,12,65836.93,55798.74246325688,54143.916911687105,55752.08
2024-06-15,22,12,71980.91,53899.380924630976,54346.41169109607,55723.09
2024-06-22,22,12,30972.52,60808.78284562259,59240.788083901585,59007.047
2024-06-29,22,12,62091.43,56956.46191680518,54482.78381333258,55185.39
2024-07-06,22,12,64279.14,79389.42486062134,64557.11542572426,68168.27
2024-07-13,22,12,15715.74,55109.00458814458,53107.18023924496,55410.74
2024-07-20,22,12,14872.91,56102.28973041039,54936.896994824354,55753.062
2024-07-27,22,12,92817.58,51134.58133004126,50803.263748881174,52772.03
2024-08-03,22,12,33970.01,58029.0286891393,53111.319624274736,55902.78
2024-08-10,22,12,28159.67,54080.37627590616,52686.37000454394,55212.574
2024-08-17,22,12,64800.49,48051.41463101826,49578.51929524195,52900.434
2024-08-24,22,12,34738.73,51792.13888695336,52204.29171761504,51420.113
2024-08-31,22,12,60512.37,52124.97160152149,50623.130775926,52443.07
2024-06-01,22,13,50363.38,53977.32086043346,59785.24732683271,59640.234
2024-06-08,22,13,75958.07,54572.75185527636,55872.53947455134,57109.03
2024-06-15,22,13,86569.18,47882.00570816741,52932.68789494639,55125.93
2024-06-22,22,13,85332.25,55287.119247255316,53806.82791754091,55974.367
2024-06-29,22,13,53039.53,58528.7920134644,57233.42954030323,57477.684
2024-07-06,22,13,131729.99,82664.85723598622,83438.48516949468,75658.11
2024-07-13,22,13,62154.33,67004.45532760728,67469.72536739703,61736.76
2024-07-20,22,13,51122.57,70802.3187773967,66134.70101793534,61735.5
2024-07-27,22,13,19470.92,66022.83150958127,66379.22188991038,61829.445
2024-08-03,22,13,86302.63,69047.999684738,67957.09932744305,62169.438
2024-08-10,22,13,34555.32,66198.47333581274,68888.16697203882,61740.523
2024-08-17,22,13,91792.62,60041.07437047849,57891.54599328679,58634.03
2024-08-24,22,13,81019.25,62202.61544499572,58628.70166219566,59754.855
2024-08-31,22,13,73418.73,67042.45277468074,66923.2268925984,61784.215
2024-06-01,22,14,10397.39,40656.530619159836,51119.335486863994,57105.363
2024-06-08,22,14,66723.85,41359.36756303108,49258.4548778449,51765.9
2024-06-15,22,14,33914.19,38062.424591817704,45906.37783924358,50761.008
2024-06-22,22,14,24309.06,44717.084569666054,50288.89313293209,52047.984
2024-06-29,22,14,74552.86,43041.31045849537,50171.225302109466,52354.184
2024-07-06,22,14,87244.34,68510.51079350119,53033.89348369653,70374.164
2024-07-13,22,14,43742.19,47683.98057020518,51548.13316464131,54834.1
2024-07-20,22,14,46132.61,51670.035752011034,51665.05220780484,55132.027
2024-07-27,22,14,81035.14,49981.92214791498,51163.67453720631,53876.277
2024-08-03,22,14,18999.97,57198.08142752507,53066.195866601,56603.113
2024-08-10,22,14,63749.47,53907.186524696685,51566.05449915886,55827.297
2024-08-17,22,14,54820.36,53854.377551872014,54247.848299503785,57624.277
2024-08-24,22,14,88392.37,57414.011222763926,54235.75438005576,56872.438
2024-08-31,22,14,73156.39,62434.232884038815,56652.433555917385,59835.25
2024-06-01,22,15,94042.1,40475.92338894099,50202.089326554065,54958.145
2024-06-08,22,15,45413.22,52977.87632972605,53353.382262245985,58474.87
2024-06-15,22,15,31278.88,48898.45685821649,51904.11971319476,59866.61
2024-06-22,22,15,111871.92,49650.27343850853,51939.45810475942,56145.258
2024-06-29,22,15,51245.33,54294.15429249178,54531.73930573004,58197.33
2024-07-06,22,15,40471.71,75827.14957276208,61248.73787950062,67024.63
2024-07-13,22,15,66098.1,51115.42214809538,51688.72257468561,56387.715
2024-07-20,22,15,16339.96,59159.088879992116,54871.727016007135,57004.113
2024-07-27,22,15,112607.9,55186.18477000725,53143.099381744076,59566.203
2024-08-03,22,15,72535.91,61328.08691346304,61159.31603479961,59434.832
2024-08-10,22,15,23007.3,62183.67909363428,56130.20169625379,63036.95
2024-08-17,22,15,87284.27,58953.400344878035,58417.18439971586,62446.195
2024-08-24,22,15,36687.91,58813.53020622458,56316.94180349254,57411.15
2024-08-31,22,15,36931.24,61642.33647315982,54406.833931417634,57904.2
2024-06-01,22,16,74126.79,53750.868730848095,57544.505864483996,63128.03
2024-06-08,22,16,106826.41,57943.16849086127,54607.85441532045,61954.156
2024-06-15,22,16,53607.16,54916.16613282456,60167.18409707609,63372.54
2024-06-22,22,16,88369.48,60506.05941668411,58573.064745787924,64045.15
2024-06-29,22,16,59495.16,58867.95089841764,54398.41032576545,60872.617
2024-07-06,22,16,94391.26,81905.44227704796,74103.49708490145,85699.16
2024-07-13,22,16,55406.48,56311.48291574825,55894.431189335584,60791.254
2024-07-20,22,16,70882.3,63087.23028718269,60025.23383439798,61873.574
2024-07-27,22,16,58856.59,63650.587541665205,63353.28910697422,65444.926
2024-08-03,22,16,12143.55,64873.46240684663,65889.24357512206,65904.37
2024-08-10,22,16,94879.14,59764.80926192139,55783.063489528926,62215.652
2024-08-17,22,16,44909.68,61858.645623940734,56961.022433808896,61613.207
2024-08-24,22,16,75390.98,59876.70335249493,56208.71151970537,62709.477
2024-08-31,22,16,52951.91,64924.95802750682,58717.68804470158,64556.203
2024-06-01,22,17,100025.49,62340.73724985794,66249.79733969465,67154.32
2024-06-08,22,17,114935.04,66284.06195745876,66787.73765320417,67189.336
2024-06-15,22,17,69288.58,67495.99730328942,74818.37578423599,71593.74
2024-06-22,22,17,27452.89,72597.59186615195,71327.1112187317,69173.32
2024-06-29,22,17,85353.26,66893.23149257628,68576.64137181772,67451.24
2024-07-06,22,17,140324.15,87516.64524094647,94258.82525170028,108764.38
2024-07-13,22,17,35135.41,68280.1188792655,68359.17167285987,68216.32
2024-07-20,22,17,116222.29,69944.68221657263,67164.36845230639,69167.16
2024-07-27,22,17,110307.66,73156.06121586479,71156.12044570483,68556.0
2024-08-03,22,17,52245.48,76254.85500361436,70601.00874801402,68786.59
2024-08-10,22,17,29002.54,69874.79455621488,69143.4434610261,65473.637
2024-08-17,22,17,75437.14,66823.43055822802,68013.64471491458,67123.84
2024-08-24,22,17,13981.8,70926.78634145681,70246.49232746675,66103.76
2024-08-31,22,17,119375.73,69266.38636479797,73939.39228364422,67828.016
2024-06-01,22,18,45645.56,45374.55774066352,59122.206205021634,59570.934
2024-06-08,22,18,103792.38,51054.468480705174,55370.88149492424,61367.16
2024-06-15,22,18,78053.15,49748.34046623011,58040.92223420047,64542.242
2024-06-22,22,18,47266.54,57857.62670309113,60376.03050834041,64999.2
2024-06-29,22,18,118312.33,51268.17001640495,54772.008374994366,60642.52
2024-07-06,22,18,29873.57,80989.28287507538,78292.73548734444,76607.84
2024-07-13,22,18,83246.47,57424.03169130191,63974.87575247351,65481.664
2024-07-20,22,18,90321.49,63513.65182880921,70206.41309780187,69562.086
2024-07-27,22,18,23738.81,67137.42651564343,67460.49337826525,67554.02
2024-08-03,22,18,97673.1,66094.65150437641,67917.9061903271,67140.875
2024-08-10,22,18,51459.49,65744.0286864308,69396.09045974979,67489.28
2024-08-17,22,18,22332.99,62054.1991168352,66884.4921575122,64032.99
2024-08-24,22,18,62822.9,60889.521387761175,63738.10861079299,66716.28
2024-08-31,22,18,17181.62,62836.03679494361,59441.6850296362,60604.82
2024-06-01,22,19,32269.79,45193.106073444724,68225.0181075093,64773.492
2024-06-08,22,19,102310.86,48828.686517999384,72319.83346920929,64680.5
2024-06-15,22,19,33909.96,52019.991799367686,57206.79635810901,65399.74
2024-06-22,22,19,44265.44,51308.33761444159,79513.79488828864,67892.24
2024-06-29,22,19,90013.1,48821.15558144358,59494.63427043328,65491.85
2024-07-06,22,19,37918.94,76939.36872178558,68083.68405539953,85323.664
2024-07-13,22,19,120882.15,50738.637356826446,55264.04678703821,66284.414
2024-07-20,22,19,113928.47,61430.46659917916,60920.45872869089,68960.66
2024-07-27,22,19,80588.15,64593.35976560957,71111.82653192067,71630.695
2024-08-03,22,19,105662.52,68236.9385568469,76797.6136354481,69731.61
2024-08-10,22,19,27997.32,65804.8796460552,67850.23987821635,68271.99
2024-08-17,22,19,113267.88,67330.64395671428,71679.0415857176,69951.47
2024-08-24,22,19,39607.29,73289.69470659966,68804.93192173648,73338.04
2024-08-31,22,19,48027.85,76438.92633805479,71919.70676890996,70530.67
2024-06-01,22,20,105331.02,52122.073595239934,60824.43960307887,63790.87
2024-06-08,22,20,68779.35,58219.986340499825,67442.89515348215,69016.95
2024-06-15,22,20,101349.76,53589.681835516305,64151.20439520381,69734.6
2024-06-22,22,20,99942.08,63565.226463535604,63655.99347925721,71593.07
2024-06-29,22,20,69312.56,62754.531103001274,63473.7188498483,67195.32
2024-07-06,22,20,23600.56,85257.35984313904,84459.85282515049,83095.68
2024-07-13,22,20,81548.7,64068.95115732772,65614.20296395705,65949.45
2024-07-20,22,20,14712.96,68641.52639786416,65017.231217219174,65996.56
2024-07-27,22,20,100431.27,64827.23249692942,67809.03234014726,67799.37
2024-08-03,22,20,94680.2,67203.04841275653,68206.33050124512,70106.68
2024-08-10,22,20,112811.45,67767.41314896202,70017.2988143421,70874.12
2024-08-17,22,20,123722.05,65037.523237421345,68851.97776008489,68834.66
2024-08-24,22,20,101954.21,62692.6670693999,68829.06819066875,68259.91
2024-08-31,22,20,60172.22,69713.08111693445,68473.283029202,73865.125
2024-06-01,23,1,55633.35,65815.27969984445,56867.57588872299,53514.41
2024-06-08,23,1,86645.23,67891.95097360612,51137.675931924765,54904.93
2024-06-15,23,1,67117.71,75150.78617785062,72514.23637760292,56092.773
2024-06-22,23,1,15338.51,65485.528244452165,50747.38820943678,50010.19
2024-06-29,23,1,72790.63,70675.55543571291,52646.54343031008,53344.91
2024-07-06,23,1,77421.19,84737.87636016088,81309.75282392238,64336.14
2024-07-13,23,1,87397.93,69478.38343587314,51503.36511670839,52637.473
2024-07-20,23,1,21504.02,76270.5187868549,57080.65818489333,61271.145
2024-07-27,23,1,30755.51,70201.86331076725,53616.89679673538,49625.2
2024-08-03,23,1,13219.91,72304.75026204195,54605.54209965491,51913.39
2024-08-10,23,1,10825.11,69354.42781782735,54862.17752929379,53191.99
2024-08-17,23,1,83886.92,60040.72089513105,50045.82304070327,57050.855
2024-08-24,23,1,26977.36,68586.4153096992,52525.26301408749,53760.67
2024-08-31,23,1,92668.17,62445.77667547817,56312.66428085403,57112.586
2024-06-01,23,2,16204.93,59320.90465870269,60405.81364249025,57701.414
2024-06-08,23,2,99555.15,61785.76666291175,62018.34914010044,60493.598
2024-06-15,23,2,18010.1,72139.19066439933,60200.08310420029,58170.105
2024-06-22,23,2,34694.04,59902.45331500681,61259.89014985799,61637.57
2024-06-29,23,2,86020.95,61194.34914221045,60629.032233729165,63723.445
2024-07-06,23,2,113537.97,75814.16059530212,84760.1608741546,72616.07
2024-07-13,23,2,84623.35,65019.296345131086,63155.419285693395,58194.3
2024-07-20,23,2,33399.17,70066.14348055047,57672.74608184478,56498.805
2024-07-27,23,2,56201.99,70425.32509603802,56232.30903982525,55214.387
2024-08-03,23,2,76177.42,76868.70529581272,59204.11184497677,56987.457
2024-08-10,23,2,8187.95,74732.72382438052,58216.93047188589,59024.836
2024-08-17,23,2,92718.08,73089.49648737872,53082.93847022915,57476.93
2024-08-24,23,2,69591.18,78502.37398701918,57970.96316917556,56185.625
2024-08-31,23,2,37205.67,75136.48216845904,57962.03611221738,55463.74
2024-06-01,23,3,50426.27,72201.2633699966,61562.225711701874,56997.32
2024-06-08,23,3,30660.66,70398.66291261872,60032.85814555814,59231.125
2024-06-15,23,3,48225.96,72028.42237914656,59934.32068923128,59362.395
2024-06-22,23,3,62671.6,64175.46432348925,60103.88269545449,58315.28
2024-06-29,23,3,58872.33,66104.10381244015,59145.3833969468,54543.586
2024-07-06,23,3,90720.77,73548.90930853822,65814.91567661709,70519.96
2024-07-13,23,3,9370.16,63348.018955781816,57396.20677233767,54894.2
2024-07-20,23,3,37606.58,68272.02509527924,65257.08801726927,58960.867
2024-07-27,23,3,15453.85,65398.05611052315,61757.60322394108,60511.656
2024-08-03,23,3,82457.56,67250.92982494406,62328.312739031695,62959.246
2024-08-10,23,3,32803.41,69931.01176229428,62005.07760220217,59084.64
2024-08-17,23,3,104239.03,65951.6119675705,62434.45030192106,60495.652
2024-08-24,23,3,25178.52,70180.87421224464,63942.66596855184,60777.625
2024-08-31,23,3,33293.45,65540.7968312052,63753.20564022609,59190.44
2024-06-01,23,4,53699.67,62396.06629263082,61312.97351122439,59829.64
2024-06-08,23,4,73992.89,60150.1186270214,61068.91256503682,60060.89
2024-06-15,23,4,102561.63,59501.512581159965,62318.553150517044,58978.082
2024-06-22,23,4,78724.87,53862.802535344286,64017.44783873746,54895.652
2024-06-29,23,4,18618.92,62901.724371798504,60159.079952974294,57381.438
2024-07-06,23,4,12450.85,76833.71563644728,81518.4017672034,73300.89
2024-07-13,23,4,25840.64,65819.51533286858,67165.80579140328,64744.363
2024-07-20,23,4,97848.09,70544.9070378521,63938.23156429559,62915.36
2024-07-27,23,4,87102.76,72175.32919044484,68425.20808373134,61272.824
2024-08-03,23,4,23741.48,75714.78707504188,68719.61404153373,66377.74
2024-08-10,23,4,56421.07,71540.24533237069,69844.91574722365,63916.223
2024-08-17,23,4,84780.82,66966.73240214388,63511.666758146865,59335.934
2024-08-24,23,4,67542.59,67729.34473826637,63310.48827606954,56977.992
2024-08-31,23,4,50996.0,67405.34591903503,65876.75487542411,61140.805
2024-06-01,23,5,62783.31,70366.35944583762,72447.42701961685,63977.484
2024-06-08,23,5,14861.44,71187.55802688166,65154.63767703227,61742.273
2024-06-15,23,5,101201.25,73820.84880966041,68927.34606603035,66501.37
2024-06-22,23,5,84904.4,68860.82541243153,66520.23010771394,65746.93
2024-06-29,23,5,11715.48,76470.48599975012,74937.20569623909,67985.36
2024-07-06,23,5,42394.52,80828.77783116009,73527.74943932085,77519.44
2024-07-13,23,5,103393.57,65490.74519239163,68302.37175453253,65486.6
2024-07-20,23,5,33450.54,72344.99483616656,66241.12571411759,60300.168
2024-07-27,23,5,55887.09,69879.2811455391,67630.48423228081,66877.086
2024-08-03,23,5,73380.7,70724.30849804121,64304.29335041547,64020.164
2024-08-10,23,5,14881.15,75682.80605081812,64748.489633260004,58437.887
2024-08-17,23,5,33845.67,67021.33555466996,62297.520993127866,59920.46
2024-08-24,23,5,114424.69,64752.12481623793,64021.326265281445,60987.8
2024-08-31,23,5,107913.94,72840.43084160457,67675.7221399051,63775.297
2024-06-01,23,6,80486.14,62894.81758319995,64873.489705837404,63891.047
2024-06-08,23,6,104503.23,66438.92736998879,64679.1227183044,62282.37
2024-06-15,23,6,83368.66,75112.91339608745,73570.24520259509,68592.09
2024-06-22,23,6,42304.2,66612.91425130333,74899.21638943466,70449.67
2024-06-29,23,6,68590.72,74243.80747383885,75598.31776639113,69971.72
2024-07-06,23,6,115889.51,87034.52614198226,84117.35729752766,84362.39
2024-07-13,23,6,116243.14,75462.33532591551,75743.14071506128,71402.7
2024-07-20,23,6,91134.31,84304.71374126885,75869.24429803455,72127.195
2024-07-27,23,6,51622.32,82355.5787988684,75826.66960686636,70653.67
2024-08-03,23,6,25366.45,84829.97667743292,75213.17929633748,62303.285
2024-08-10,23,6,32268.68,83271.9291603213,76792.73992737397,65634.17
2024-08-17,23,6,96561.45,77620.76990258726,66163.01472614642,65629.74
2024-08-24,23,6,42635.71,81680.94242121777,76330.20954944337,70272.94
2024-08-31,23,6,61922.09,76674.42780809992,76131.53716063984,71533.46
2024-06-01,23,7,105837.22,65057.478029258775,64679.547022801016,66770.234
2024-06-08,23,7,23859.11,74642.95495034158,67232.78941681968,64262.816
2024-06-15,23,7,79361.82,76863.83863816728,68303.15002045257,70291.47
2024-06-22,23,7,45787.15,67575.32136255875,66642.63579173315,73029.945
2024-06-29,23,7,12983.84,70672.87145778784,66627.54064785734,68163.055
2024-07-06,23,7,112155.19,75173.19148460354,79188.06153574439,79624.29
2024-07-13,23,7,15368.27,67141.36026950588,68685.99032367725,71244.766
2024-07-20,23,7,59035.22,70355.61533468234,69368.24271158503,67629.78
2024-07-27,23,7,55980.94,70913.26079212799,68896.9283807668,68933.58
2024-08-03,23,7,109550.15,70370.41022402619,66249.84383685426,65287.96
2024-08-10,23,7,12874.98,75112.85568820179,69145.256018325,74321.25
2024-08-17,23,7,56495.92,69096.71861120983,63192.89682457366,66927.4
2024-08-24,23,7,76914.11,70743.66659115822,69558.12910500765,71024.33
2024-08-31,23,7,43591.56,73768.34944589675,69378.20520059492,70961.71
2024-06-01,23,8,122183.0,67867.88075674503,65911.89567359758,71713.766
2024-06-08,23,8,38875.28,73193.36107755348,71235.75066922257,72869.24
2024-06-15,23,8,15804.35,72026.38229729387,69669.89524217063,69085.32
2024-06-22,23,8,106231.08,60103.36252232055,68140.38897294765,69698.25
2024-06-29,23,8,107208.36,72370.39963778309,73459.07938962325,69920.88
2024-07-06,23,8,144669.81,85048.88435130374,82716.1124454002,87957.586
2024-07-13,23,8,106076.71,77945.84762268767,82239.7218537897,77482.49
2024-07-20,23,8,95036.89,80275.84809775895,76750.12137485888,76261.23
2024-07-27,23,8,125563.21,83936.54748395347,78576.18756429019,73322.695
2024-08-03,23,8,69175.48,87833.23356608552,80652.00794087436,71055.22
2024-08-10,23,8,39757.09,91233.60182660163,82274.11532527224,77195.984
2024-08-17,23,8,93507.02,93691.39491954976,81297.97893670386,74048.93
2024-08-24,23,8,11292.74,94263.53998499809,80651.5456484034,74891.695
2024-08-31,23,8,119465.25,85406.10696932822,82052.46824098178,76476.195
2024-06-01,23,9,116598.29,82301.43203868551,80324.93760709112,77975.0
2024-06-08,23,9,85009.08,84581.41916543443,79892.48296336616,77902.73
2024-06-15,23,9,104401.83,84735.46839388655,77464.56294154446,77957.73
2024-06-22,23,9,110948.52,78457.93964535237,81993.25601457863,77713.125
2024-06-29,23,9,56514.66,78774.52952138524,76376.14567416128,72670.99
2024-07-06,23,9,50371.87,90598.2880257603,110611.02463452099,101486.984
2024-07-13,23,9,14768.74,76676.90722647929,75743.14071506128,77115.48
2024-07-20,23,9,114831.73,79952.44941176346,75340.43270668293,78023.805
2024-07-27,23,9,25076.52,84870.09364355676,76973.6099021308,75084.305
2024-08-03,23,9,48758.9,81184.29416552378,76826.9619982537,78133.555
2024-08-10,23,9,67118.79,78682.31605966444,71556.49193632354,76905.83
2024-08-17,23,9,132565.04,74440.41134446886,69221.82063238417,70915.51
2024-08-24,23,9,119530.7,76205.20380760895,71210.70210443616,74919.47
2024-08-31,23,9,122889.57,76184.2251904197,77576.23515150564,79049.04
2024-06-01,23,10,98830.22,83600.40698634187,79084.9378406448,79041.85
2024-06-08,23,10,140987.16,81737.66371524642,78645.71881077609,78257.8
2024-06-15,23,10,74679.42,86936.78624486623,79444.16519088457,77704.03
2024-06-22,23,10,71077.67,76001.42430166635,79981.20454975961,77200.55
2024-06-29,23,10,13767.66,81423.51738844995,76130.19488385569,77350.2
2024-07-06,23,10,82208.46,95315.41486536068,99447.85053915107,96145.055
2024-07-13,23,10,116585.41,79014.85549417883,76659.97955093511,77751.05
2024-07-20,23,10,64254.74,88391.55594996386,81508.11332055723,79235.87
2024-07-27,23,10,131630.11,83587.29351882008,77343.80745502928,79514.516
2024-08-03,23,10,111926.35,85865.36096404545,80105.37963057497,78876.02
2024-08-10,23,10,130121.8,84522.93562197601,77302.51256355928,77920.52
2024-08-17,23,10,41810.75,85905.2252057651,81596.20308651369,82963.2
2024-08-24,23,10,119852.55,87292.41302589836,83740.14638997096,81316.24
2024-08-31,23,10,83716.37,92604.02583337398,81373.8988018659,80654.9
2024-06-01,23,11,23165.07,90913.81942464618,86593.50310368527,83419.51
2024-06-08,23,11,128161.12,86661.69384364723,82729.25204833326,85770.71
2024-06-15,23,11,57415.93,90141.79219166838,83089.71599576825,84197.305
2024-06-22,23,11,141673.35,77428.7799484629,77746.43384655756,79382.766
2024-06-29,23,11,68204.68,87915.07401736529,90887.8220199981,88032.36
2024-07-06,23,11,33368.16,98787.8166241394,112680.10463880183,104515.9
2024-07-13,23,11,13869.03,79023.10222273125,79184.3851152229,81577.92
2024-07-20,23,11,25014.13,82783.5695747151,79678.14856755949,78251.67
2024-07-27,23,11,87454.96,72268.8569291319,65696.86521058757,79360.66
2024-08-03,23,11,144844.84,79622.9280314252,69565.30891951907,77081.18
2024-08-10,23,11,95566.62,84317.36134567714,82550.98338313086,82551.07
2024-08-17,23,11,57649.25,81047.8856826688,80649.8382083101,86462.9
2024-08-24,23,11,145100.64,73985.46763120787,71171.26926917753,75332.46
2024-08-31,23,11,13900.19,79523.90523404113,86492.00119394192,81450.92
2024-06-01,23,12,41524.06,89623.354170431,86545.4483184971,84617.586
2024-06-08,23,12,132640.35,85549.17962828247,77647.79943767934,82072.15
2024-06-15,23,12,51855.16,94692.71631125777,85429.27425487599,84373.59
2024-06-22,23,12,26368.69,81304.2115207432,82051.6213288525,84729.086
2024-06-29,23,12,100097.52,82171.53136712153,79339.38955496978,83435.734
2024-07-06,23,12,127224.16,90986.03738957687,83945.08327756105,101054.92
2024-07-13,23,12,118597.42,75599.12729439157,77788.2428085226,80761.03
2024-07-20,23,12,141411.76,85910.54216990375,83774.70374373771,85839.625
2024-07-27,23,12,91700.98,83517.12269840814,79186.26195486842,80720.07
2024-08-03,23,12,135118.31,89869.38867048922,79792.07754092725,82039.555
2024-08-10,23,12,133019.46,91463.24384250064,80749.27040920715,85135.6
2024-08-17,23,12,115903.64,95917.16476063366,90831.08419565817,90616.32
2024-08-24,23,12,95133.15,101004.56736670368,95177.02251590914,91526.64
2024-08-31,23,12,35884.22,98883.77311829873,96994.7995098162,92161.195
2024-06-01,23,13,143926.34,78224.23209906262,76261.07077693247,80690.78
2024-06-08,23,13,119614.31,88039.94667933817,81666.51600266043,84775.5
2024-06-15,23,13,68246.7,90482.86336780756,83786.23450617537,83639.99
2024-06-22,23,13,82192.04,84162.79139362383,81744.09223745618,82420.92
2024-06-29,23,13,147287.37,86959.37492510141,82232.50965242209,82141.42
2024-07-06,23,13,165721.24,101357.64439693603,114104.3019025903,104836.71
2024-07-13,23,13,26020.78,94476.26378038625,89899.43326165814,89497.26
2024-07-20,23,13,23762.66,100483.67833632062,90857.8509201565,87803.09
2024-07-27,23,13,55508.96,97684.04269529975,87375.46137448719,85884.26
2024-08-03,23,13,126882.84,95007.72655956136,87870.60421602361,85164.77
2024-08-10,23,13,99082.48,91874.08701201648,85442.92450805838,87099.055
2024-08-17,23,13,23998.1,90064.61281073559,83838.5988425173,86888.1
2024-08-24,23,13,51801.71,85809.6682458506,79907.9114909635,86066.56
2024-08-31,23,13,94548.2,78886.3963766534,80048.24665409111,86772.61
2024-06-01,23,14,107419.58,80776.10728692761,84435.9713506018,89527.62
2024-06-08,23,14,117047.39,78449.06155385508,80572.53413798202,86490.36
2024-06-15,23,14,160116.72,82076.013479735,80919.5721225385,90414.76
2024-06-22,23,14,87591.54,81503.15086108292,86272.02729631719,87237.68
2024-06-29,23,14,20716.51,88842.91749276646,84937.78077900877,94632.49
2024-07-06,23,14,108066.35,104696.20458935344,114908.4355947568,114367.87
2024-07-13,23,14,130466.41,94601.10750828858,89819.73883557605,86777.34
2024-07-20,23,14,120623.46,100763.80643161273,89707.59221037057,92373.79
2024-07-27,23,14,66171.72,96805.43198728561,91645.04693481418,90701.22
2024-08-03,23,14,66316.67,93082.89159772903,82589.71449171203,88969.914
2024-08-10,23,14,102423.64,92287.3279244198,84683.82452920558,89582.94
2024-08-17,23,14,44923.74,86404.07261743431,82613.88174694536,88620.94
2024-08-24,23,14,146906.29,83310.53701944859,79384.80335849227,88771.16
2024-08-31,23,14,49126.55,92473.01005474527,85603.5557097717,91843.12
2024-06-01,23,15,143705.1,78031.34543283234,83788.42737650193,90471.36
2024-06-08,23,15,45181.22,84418.50180591189,89979.7323524518,92117.24
2024-06-15,23,15,30573.45,84134.96701116845,85663.93073744093,90171.38
2024-06-22,23,15,86326.37,71946.00802296936,86954.64157340603,91496.836
2024-06-29,23,15,34403.66,80777.45452511229,86023.07441786952,86464.05
2024-07-06,23,15,91790.94,85191.14187535539,92592.69475127172,105986.68
2024-07-13,23,15,142080.38,74274.78012476055,88296.43245906536,92179.98
2024-07-20,23,15,158149.4,83205.58761438617,90033.80426448169,92086.93
2024-07-27,23,15,116038.3,88698.41577141426,88000.02808120655,90964.4
2024-08-03,23,15,152040.57,84517.6004727197,83594.55098879797,91495.625
2024-08-10,23,15,59745.04,91344.02032138617,85811.06851884343,93695.17
2024-08-17,23,15,84740.5,96888.04032076857,90245.92901974748,91231.5
2024-08-24,23,15,138168.2,97330.0515990122,88057.04654776111,95288.76
2024-08-31,23,15,99375.25,103793.06263118621,96762.41399145078,90056.69
2024-06-01,23,16,109100.67,84243.86086390703,92323.04598948265,96513.234
2024-06-08,23,16,117500.48,88404.37044987836,93283.51950404704,93760.88
2024-06-15,23,16,29180.16,93916.27448450043,91633.55923859807,94722.19
2024-06-22,23,16,90139.61,84470.5703219354,90025.99946755035,94576.02
2024-06-29,23,16,109499.08,91442.6661367804,90743.37586874409,87587.87
2024-07-06,23,16,37773.47,100544.12844296376,108377.83683214695,109298.414
2024-07-13,23,16,131807.26,83608.33747784243,89860.41234404853,92896.3
2024-07-20,23,16,57344.17,91187.66533276372,93702.20860970787,92018.43
2024-07-27,23,16,68692.59,85912.8405103854,87373.53691833126,89866.1
2024-08-03,23,16,116593.35,84271.8840422089,83308.38453784859,95385.12
2024-08-10,23,16,48491.17,85547.33430528909,86123.39403689148,91394.625
2024-08-17,23,16,96214.78,83348.92811191821,84856.12019985422,91347.875
2024-08-24,23,16,28446.0,83814.8405639478,89281.44785048049,92601.65
2024-08-31,23,16,27641.46,79422.79207937894,84353.19395621041,93842.49
2024-06-01,23,17,141142.54,83686.454792968,86338.05832378389,95114.05
2024-06-08,23,17,31244.83,87796.60420395102,92665.11362364214,93624.71
2024-06-15,23,17,48493.11,83168.0214029302,85144.48611349631,97659.4
2024-06-22,23,17,116491.87,73510.83898316024,83665.25003712169,96154.65
2024-06-29,23,17,75294.93,84657.17458972213,83944.83063830776,92440.81
2024-07-06,23,17,81347.16,89447.23519052967,104079.24007823027,112510.586
2024-07-13,23,17,119696.03,69232.00824353314,70421.64798753224,87474.7
2024-07-20,23,17,39828.46,81385.8499436657,79200.08747926625,93359.67
2024-07-27,23,17,114084.52,81361.02358232022,79703.39162009538,96063.44
2024-08-03,23,17,63773.32,83183.23315298877,79443.56487239398,91635.555
2024-08-10,23,17,152538.78,87149.3275027902,80600.37050042975,93803.375
2024-08-17,23,17,33518.4,92797.00813557251,97794.28914968963,98776.586
2024-08-24,23,17,145327.67,88392.21875755547,94223.19218558107,101244.26
2024-08-31,23,17,103486.29,91690.4164516113,96091.2281913404,98511.54
2024-06-01,23,18,143944.99,104255.54631377684,99335.0304727307,96898.555
2024-06-08,23,18,87091.32,105595.71616569906,106508.90231876871,103710.32
2024-06-15,23,18,125478.22,104936.41979519982,102876.16252292116,111350.69
2024-06-22,23,18,19454.72,99084.58891027718,101426.0796369478,106032.53
2024-06-29,23,18,74720.41,106110.77735365188,107577.76354623366,115645.97
2024-07-06,23,18,136989.79,111079.6617318627,113257.31785458444,126307.86
2024-07-13,23,18,150957.87,96366.61682300188,106822.61196490681,105759.98
2024-07-20,23,18,63368.72,99972.47270095735,103598.37302465591,106604.76
2024-07-27,23,18,125847.91,91669.52655538579,90279.35454352474,98027.9
2024-08-03,23,18,15325.11,93180.56162072759,93216.16958749758,104379.78
2024-08-10,23,18,148770.55,93998.98703395564,91188.33483500306,105406.2
2024-08-17,23,18,171997.06,93840.25884740759,99590.92605695153,105905.19
2024-08-24,23,18,27929.42,105444.51141053694,103805.11162428989,106753.12
2024-08-31,23,18,107649.29,99818.14570238555,102522.75305948382,114527.37
2024-06-01,23,19,163842.01,87869.88140321267,94311.87440903325,101388.414
2024-06-08,23,19,145212.38,92335.19262812453,99432.38846308713,96932.27
2024-06-15,23,19,55927.76,97798.43156905001,104790.78413193727,101089.01
2024-06-22,23,19,170556.8,95766.728067305,100602.54593057299,101697.375
2024-06-29,23,19,53522.24,106312.54559792546,104751.37820841353,104598.445
2024-07-06,23,19,226217.18,119777.36014792547,123026.6749673684,105223.414
2024-07-13,23,19,67920.18,112822.22951316446,110525.35342893958,107632.92
2024-07-20,23,19,20158.74,116267.82916949686,105675.4378897628,97618.805
2024-07-27,23,19,20698.54,106888.90063676104,114348.63880971837,113464.63
2024-08-03,23,19,20959.01,104651.82672602529,102381.45679381936,105071.555
2024-08-10,23,19,128000.4,85702.36384035769,94276.2296998859,104564.28
2024-08-17,23,19,124131.68,92141.42629556914,98316.40925357625,99139.56
2024-08-24,23,19,112264.27,88787.96252206428,102013.92823503226,96367.18
2024-08-31,23,19,167464.66,86317.55504269496,98033.13716688592,99198.21
2024-06-01,23,20,31088.23,106686.88868697148,104160.59376209062,104299.8
2024-06-08,23,20,130396.69,104858.72148232351,114512.87980047867,102458.38
2024-06-15,23,20,184585.11,111428.22179526466,113857.25306073816,100593.25
2024-06-22,23,20,38282.46,107534.87477072616,94766.8096610965,99186.98
2024-06-29,23,20,111733.34,101724.8105104306,114101.4715827567,111914.805
2024-07-06,23,20,40270.44,113269.78053652088,115191.267613602,117146.28
2024-07-13,23,20,58898.43,100302.09821691646,107830.75705910401,109513.42
2024-07-20,23,20,177626.91,92734.14849295013,100013.45567623638,108389.15
2024-07-27,23,20,133132.18,95811.13964575931,107209.78098645285,105294.82
2024-08-03,23,20,57066.22,102913.7802974617,110539.61368675843,103397.78
2024-08-10,23,20,58569.74,96591.74917852148,103946.84806718046,106192.414
2024-08-17,23,20,121138.81,89374.26902248792,94635.40408648117,106580.625
2024-08-24,23,20,59598.28,92849.92877733696,99878.02499459682,106063.31
2024-08-31,23,20,92909.13,85302.612864219,91979.57322535342,102071.56
2024-06-01,24,1,67574.62,52103.6830411817,46445.98744177282,46728.047
2024-06-08,24,1,58936.77,52808.37762283027,45653.82772723732,43958.973
2024-06-15,24,1,67628.76,56817.43835287303,47971.431460360676,46939.945
2024-06-22,24,1,50636.06,56599.08826255105,48971.20024533447,45506.195
2024-06-29,24,1,58420.8,53092.675541301,44098.900783674355,44093.63
2024-07-06,24,1,90315.33,78169.92451085933,48513.01105409685,49659.25
2024-07-13,24,1,67994.96,59724.178186562254,44202.36491058753,42167.625
2024-07-20,24,1,53149.36,60476.30251269857,46006.729188091456,48940.227
2024-07-27,24,1,41196.99,62995.553019160194,45642.21543870032,49131.69
2024-08-03,24,1,10300.71,69618.05457638536,43455.872716028214,49044.35
2024-08-10,24,1,53206.57,68070.88988379098,47141.956371926004,47264.617
2024-08-17,24,1,57701.68,62387.196647321725,47487.351684777575,45508.766
2024-08-24,24,1,80717.05,62075.90902475094,46724.34603404777,47679.793
2024-08-31,24,1,32767.35,67677.03238063405,48095.749370450474,44930.05
2024-06-01,24,2,35596.39,63274.13016052382,48011.575165992195,50353.07
2024-06-08,24,2,23336.94,60707.94801080222,51728.11706375847,51948.84
2024-06-15,24,2,26480.59,61080.53253318206,53085.68749193294,49510.023
2024-06-22,24,2,40105.88,60029.7243982952,56301.30150716423,51654.703
2024-06-29,24,2,49611.64,55412.37413075707,55240.98064728257,53865.7
2024-07-06,24,2,10255.74,77879.89832431826,61826.89041831865,55221.234
2024-07-13,24,2,29226.07,52041.43552333788,56182.73981827599,53933.36
2024-07-20,24,2,45719.56,47805.309881545465,56781.16364576404,51076.19
2024-07-27,24,2,70579.81,47882.21098478196,57387.07536050703,47950.89
2024-08-03,24,2,88047.28,57373.09419484088,55982.394767820806,52047.887
2024-08-10,24,2,76099.37,61563.3648919504,55252.32367801594,53477.98
2024-08-17,24,2,61162.58,58486.98374641043,55462.56773329673,49445.984
2024-08-24,24,2,52766.53,58288.29736373768,51716.30408838096,49331.793
2024-08-31,24,2,28094.01,64272.801991100285,53699.02366547246,49275.066
2024-06-01,24,3,32638.5,53833.37240405146,56627.822773244574,52554.242
2024-06-08,24,3,59645.56,51147.58529886261,55392.691261154105,53433.938
2024-06-15,24,3,83442.69,55404.30307604011,54773.850608039655,54521.22
2024-06-22,24,3,19541.42,56821.354465932156,55939.19534341566,52105.477
2024-06-29,24,3,66911.82,56892.88940000845,56260.947874881356,53376.598
2024-07-06,24,3,91341.82,81676.7485850788,56837.85438963637,68448.59
2024-07-13,24,3,67837.67,61950.289713240934,55094.285198334066,51627.316
2024-07-20,24,3,87773.77,61300.731996493145,53197.92923640487,49763.63
2024-07-27,24,3,83401.36,61838.74413301245,51494.05226348797,50156.188
2024-08-03,24,3,74726.1,71766.86203195172,67111.11500686772,51321.254
2024-08-10,24,3,50521.31,72763.26955663721,70206.99091064277,55539.707
2024-08-17,24,3,41316.6,68146.45502780151,55051.295218268315,49965.016
2024-08-24,24,3,13256.99,70076.37320044055,69969.03816891232,56163.723
2024-08-31,24,3,69364.15,72173.05877997159,54229.92986718598,48703.074
2024-06-01,24,4,58273.57,54449.653259113875,56371.91672683403,54909.996
2024-06-08,24,4,51067.88,55247.317841725926,61268.847164579776,52752.09
2024-06-15,24,4,36411.99,57579.202988007084,61267.9522259693,54403.254
2024-06-22,24,4,59571.39,57774.75542486886,56347.77694533141,52593.285
2024-06-29,24,4,60789.42,57683.99538252911,56555.68720557861,53478.016
2024-07-06,24,4,117278.06,82959.63518043817,72435.28435124476,55598.46
2024-07-13,24,4,54161.43,67095.46712918385,64716.99347585544,58888.24
2024-07-20,24,4,53883.32,63210.01626360254,62721.54252711325,54997.7
2024-07-27,24,4,44119.41,63454.116115584715,62260.58648688906,55325.27
2024-08-03,24,4,51766.69,71187.45013853896,66101.6369602225,55442.29
2024-08-10,24,4,9512.41,67187.51614654681,61367.36848251679,53762.508
2024-08-17,24,4,47989.25,63801.83205879629,62079.16465069798,54626.098
2024-08-24,24,4,61897.52,62420.86237369547,64713.116254053886,54937.0
2024-08-31,24,4,25072.56,66838.45729060081,63899.19125633558,60183.676
2024-06-01,24,5,17802.36,56106.43941143492,58931.96114057009,54868.27
2024-06-08,24,5,85835.45,54096.51387530889,54873.17428418991,56124.098
2024-06-15,24,5,47763.17,58388.63366148677,55859.47009178581,52072.09
2024-06-22,24,5,70735.08,60971.62474223467,56286.46905093973,54721.54
2024-06-29,24,5,80991.57,62407.548677892344,61480.43598251743,55757.586
2024-07-06,24,5,19391.75,84191.82769904248,75777.3486312037,70550.234
2024-07-13,24,5,90077.97,63389.52108948552,61490.62276556426,55929.215
2024-07-20,24,5,97768.86,63812.51827898269,62516.080424548956,53994.72
2024-07-27,24,5,86350.39,66679.21213625986,67531.46966699351,55532.457
2024-08-03,24,5,85283.0,76431.37628121497,72510.91783180335,57867.492
2024-08-10,24,5,97936.12,72318.3827762336,72407.80808974068,58901.973
2024-08-17,24,5,42518.2,71639.46067855897,71416.0437031526,58827.516
2024-08-24,24,5,65684.43,72129.6392843391,71795.24451231207,59801.37
2024-08-31,24,5,15074.61,76133.9005895152,71307.24507871835,60859.527
2024-06-01,24,6,96380.9,59644.82648934727,63623.22218674996,62792.023
2024-06-08,24,6,77296.62,64009.04898145813,66877.56559537158,60363.195
2024-06-15,24,6,95480.27,64127.00798566329,66066.67561649367,60821.64
2024-06-22,24,6,97730.04,66991.50377358432,71713.0646926972,64832.86
2024-06-29,24,6,92630.87,69994.97547859894,73313.19032615788,63322.484
2024-07-06,24,6,119967.7,94586.80628148373,98784.11828668401,84736.95
2024-07-13,24,6,104716.08,77171.84991744027,78188.17410314707,66549.234
2024-07-20,24,6,78984.77,79129.36452526064,76132.91817558784,64361.168
2024-07-27,24,6,92575.21,79044.25698180348,77415.33295986624,63264.47
2024-08-03,24,6,20775.15,86348.8495584857,75814.33431652519,62946.496
2024-08-10,24,6,99122.36,87019.83284498088,76468.77098627613,65393.098
2024-08-17,24,6,44179.2,82885.65332805124,78402.15737818136,63992.273
2024-08-24,24,6,26906.68,79306.91485412171,73297.00874696634,62728.816
2024-08-31,24,6,63728.68,77887.76288066246,73246.74205322302,68451.36
2024-06-01,24,7,52990.76,59762.72767795569,63604.921732131304,59631.38
2024-06-08,24,7,97815.88,59055.62267261069,63056.01854297671,60771.562
2024-06-15,24,7,70357.72,64281.49635480246,64041.19104338606,62979.117
2024-06-22,24,7,76872.0,67877.76096760761,70296.39762618285,63467.957
2024-06-29,24,7,56450.03,71053.34407182079,72722.53141480092,63614.344
2024-07-06,24,7,123762.52,92479.2537197331,84329.0618059468,84171.71
2024-07-13,24,7,11255.99,76631.86777163058,71230.46720057148,60552.574
2024-07-20,24,7,91686.38,70853.62893014943,74523.9663838469,65788.33
2024-07-27,24,7,17152.24,73065.9777522242,74749.1780072924,67713.28
2024-08-03,24,7,98543.24,79762.77511772639,73926.25392110202,61377.29
2024-08-10,24,7,51948.62,77941.03272190384,68843.91884776535,67578.64
2024-08-17,24,7,91878.8,71135.67894426655,66199.94703307607,61265.08
2024-08-24,24,7,74028.43,70438.04106974605,66129.6880549587,62724.273
2024-08-31,24,7,56102.13,73106.90013345098,70844.04965623806,65354.402
2024-06-01,24,8,75940.49,73834.77400347317,72444.71670995983,66091.97
2024-06-08,24,8,45256.5,71822.54104324771,72350.61226466081,69666.78
2024-06-15,24,8,18449.8,69707.84813127384,74500.08886540297,70402.4
2024-06-22,24,8,110612.38,67411.08106642659,64951.782026335866,65821.51
2024-06-29,24,8,77912.02,71128.22645754743,66884.87598965019,65126.016
2024-07-06,24,8,73048.22,92942.9946546113,79981.01878774462,80679.73
2024-07-13,24,8,12242.56,66695.76494190015,68831.54888225772,64912.566
2024-07-20,24,8,50380.12,63661.0957593908,68417.04606624974,63432.207
2024-07-27,24,8,88315.84,63107.938900641944,63431.87156239112,61620.145
2024-08-03,24,8,11730.62,71455.1468892486,64489.35007312751,62995.1
2024-08-10,24,8,78493.64,69539.49300064708,66662.32725434529,68339.79
2024-08-17,24,8,42821.11,68584.46406491072,66060.17701166485,64725.61
2024-08-24,24,8,19678.23,64063.90895243799,65115.860878047395,62769.02
2024-08-31,24,8,50449.47,62790.94010053615,55363.95043090406,62125.996
2024-06-01,24,9,19518.39,63603.326712045084,66834.77982376977,65083.02
2024-06-08,24,9,24110.64,60198.39856259603,62811.02508777583,63355.48
2024-06-15,24,9,118883.37,60060.08774376794,63067.61516255441,63281.863
2024-06-22,24,9,112112.62,64798.039604863465,66967.62101203426,62154.984
2024-06-29,24,9,88270.64,69329.40348716851,79782.26672907532,71146.53
2024-07-06,24,9,83988.69,94982.46261589101,86352.44819986356,89172.37
2024-07-13,24,9,111065.18,70455.01322750698,71720.95218821264,68436.17
2024-07-20,24,9,91335.14,72580.63414456733,72677.75199692781,65361.85
2024-07-27,24,9,90733.34,70963.8146176496,72376.29902681027,68938.31
2024-08-03,24,9,113494.4,82531.88806169436,78654.10044601094,68138.32
2024-08-10,24,9,48275.87,89206.48637547976,77772.46095264875,62396.07
2024-08-17,24,9,120413.58,82451.29167948317,77968.64027033634,68226.13
2024-08-24,24,9,98333.84,83480.84496553708,80853.4191402176,70205.09
2024-08-31,24,9,119193.1,88499.18605781152,79787.49308063101,68159.07
2024-06-01,24,10,68667.66,75547.96730335167,73171.0464542023,71975.18
2024-06-08,24,10,21705.18,70858.39352844618,72653.01808422167,70597.94
2024-06-15,24,10,52249.1,70074.78105762275,73246.31052809619,72717.95
2024-06-22,24,10,118463.71,74200.80548692122,72665.3160145227,69683.38
2024-06-29,24,10,43641.17,76053.77804472644,74694.59233488934,72110.125
2024-07-06,24,10,48007.32,93449.56338500182,81571.17221964043,82785.68
2024-07-13,24,10,39366.75,66595.67817859215,65774.6761334609,65865.46
2024-07-20,24,10,125635.11,65584.20715939088,67406.88634281125,67936.66
2024-07-27,24,10,100455.71,67900.47207157512,68503.16012306316,69540.84
2024-08-03,24,10,34183.77,75901.68324448046,72951.7554308981,70172.9
2024-08-10,24,10,113599.28,77239.729984849,73366.78191702705,73131.49
2024-08-17,24,10,38167.61,77169.48282669066,74965.39376102225,71428.04
2024-08-24,24,10,75442.84,71835.78101417821,70800.5351277593,67961.32
2024-08-31,24,10,72694.64,76971.6207632655,72416.81462997846,73163.17
2024-06-01,24,11,103738.6,61336.552063989664,64256.33439038999,66660.875
2024-06-08,24,11,126880.71,64404.41005286543,66283.06660799717,68799.97
2024-06-15,24,11,92514.24,68860.05351526302,70561.52294896457,71048.69
2024-06-22,24,11,53469.0,67841.33747757252,73239.78375097156,73014.305
2024-06-29,24,11,113485.63,72184.36368851646,73538.63108337276,71793.45
2024-07-06,24,11,75343.08,99106.75317009311,98384.89757357782,88765.35
2024-07-13,24,11,102406.76,77617.9087240308,71417.47165771243,72985.27
2024-07-20,24,11,67404.29,79507.19474682209,77280.49750023636,72411.164
2024-07-27,24,11,44242.93,78853.58155449221,77757.52280764184,73897.23
2024-08-03,24,11,130848.37,81960.17386680475,75046.68440666693,73724.29
2024-08-10,24,11,50844.48,85588.29096497197,75996.0643352692,74653.63
2024-08-17,24,11,54910.39,78143.9056817998,73468.2701037248,74183.55
2024-08-24,24,11,72727.31,77240.73672563446,75162.41909544832,75161.234
2024-08-31,24,11,14913.97,79571.95136406473,72540.86870737554,72529.66
2024-06-01,24,12,17066.68,64636.341979478304,66598.8189579743,68108.98
2024-06-08,24,12,134341.21,66240.03909583713,68004.40461554084,71196.61
2024-06-15,24,12,123876.29,77584.37591504821,75939.64913289215,74724.91
2024-06-22,24,12,21413.33,80233.38431912591,78782.4044526523,76162.76
2024-06-29,24,12,34157.92,75980.06109572071,78709.08573025497,76012.52
2024-07-06,24,12,123048.83,100578.07835708922,87516.9532502619,104869.73
2024-07-13,24,12,21871.94,79720.61912552494,77562.70416999733,74611.88
2024-07-20,24,12,87243.01,70271.12499895506,70276.00868212646,73912.47
2024-07-27,24,12,135093.84,71607.76449108648,75470.37624779601,75656.266
2024-08-03,24,12,92205.32,87007.27778986999,86023.05523569876,80396.11
2024-08-10,24,12,44436.04,81962.3701384479,76815.67748659571,78049.125
2024-08-17,24,12,15393.87,71360.32127221956,71606.7750453346,73863.47
2024-08-24,24,12,134590.14,75022.75971342713,75878.2823777214,71574.54
2024-08-31,24,12,122873.38,86001.25505611824,78484.98413848526,76272.36
2024-06-01,24,13,131570.84,72481.9628829842,76424.04285599533,76122.06
2024-06-08,24,13,11974.82,80877.80024088355,85200.43064264582,79410.53
2024-06-15,24,13,56280.81,78519.35645551706,79396.34387242766,81596.586
2024-06-22,24,13,133723.29,72495.89598352107,82122.91792177547,77357.84
2024-06-29,24,13,114837.22,77006.65707968795,77658.11196912569,80792.95
2024-07-06,24,13,119175.81,101510.96811676596,88876.04946629707,95847.32
2024-07-13,24,13,62440.84,78576.31752033366,79734.56246713139,73693.21
2024-07-20,24,13,82762.44,72841.58553056984,76267.66657898559,80055.375
2024-07-27,24,13,66530.04,77703.88903184727,78548.41333540737,73701.125
2024-08-03,24,13,72272.2,81231.06096358455,74226.37900826015,72257.63
2024-08-10,24,13,128250.21,82814.86072242117,77925.76851465594,73911.945
2024-08-17,24,13,73155.02,85808.46786883264,78661.30504093206,74325.445
2024-08-24,24,13,119385.51,80435.40779520126,80017.5066869839,74066.7
2024-08-31,24,13,92979.25,84498.0091635464,79138.64185826891,73379.39
2024-06-01,24,14,84772.06,72067.34326467762,79004.6263969534,75653.46
2024-06-08,24,14,76926.24,69252.58608418901,78012.59829286081,80174.3
2024-06-15,24,14,132699.25,70282.19027223843,76347.61226607114,81312.2
2024-06-22,24,14,88868.84,80371.26485209313,80394.67499994233,77817.64
2024-06-29,24,14,20009.09,79593.78947113283,79063.44035899118,76996.52
2024-07-06,24,14,58712.25,102328.76689253096,95534.49599974853,98639.21
2024-07-13,24,14,86347.23,83133.69817779589,81958.27374900664,77206.65
2024-07-20,24,14,101250.03,76765.83581858093,76306.1279762522,78207.98
2024-07-27,24,14,98739.37,75332.84403441413,78359.52252425857,78724.86
2024-08-03,24,14,143625.49,79659.18913188588,76121.84307088316,78207.58
2024-08-10,24,14,82050.4,84819.78329638264,81400.52546815423,79122.45
2024-08-17,24,14,136667.68,77039.74870641119,78939.58930577053,81372.15
2024-08-24,24,14,39725.3,80480.29725055696,84799.27847654081,79991.61
2024-08-31,24,14,34595.89,90227.09454681567,83455.8366908775,80921.42
2024-06-01,24,15,38781.27,68045.50741242213,73255.76407445813,80769.54
2024-06-08,24,15,41270.37,66232.17262635907,72775.03471075994,84508.59
2024-06-15,24,15,89823.6,66546.49396509564,73475.29830541728,79563.71
2024-06-22,24,15,40217.37,68108.93810733946,69408.45268853838,79569.53
2024-06-29,24,15,25392.5,66812.4793694317,70865.77689125054,80520.36
2024-07-06,24,15,19975.66,91093.48366339816,87215.80373604696,91487.29
2024-07-13,24,15,13151.3,62947.975594611744,60297.76599551184,75320.24
2024-07-20,24,15,54466.65,54052.69132572966,61352.75390675562,72946.97
2024-07-27,24,15,89639.5,52363.22759023835,58905.315352289275,73380.05
2024-08-03,24,15,124045.26,64386.55266851144,59040.51108253894,76112.2
2024-08-10,24,15,97810.89,70603.25618526657,73570.46833262844,78703.875
2024-08-17,24,15,72034.22,62823.12177828371,69498.7842450608,77250.37
2024-08-24,24,15,148645.2,63520.37771690019,71121.86029508743,77843.71
2024-08-31,24,15,43921.88,78594.70175186184,88870.92907052088,82215.47
2024-06-01,24,16,73904.18,79216.90806527197,81749.35911781614,81129.37
2024-06-08,24,16,98899.2,76135.17453391029,80926.59844562302,87281.45
2024-06-15,24,16,13043.44,77353.84955030752,82619.8785173104,85728.125
2024-06-22,24,16,39442.14,77261.0923118979,83644.74464707042,87342.12
2024-06-29,24,16,118986.86,70640.36097976609,73729.39019509248,82354.1
2024-07-06,24,16,174242.06,99758.60450050066,90643.45249662043,110319.516
2024-07-13,24,16,15577.49,83726.0318269319,79408.21692452431,87955.64
2024-07-20,24,16,63776.55,75578.06145834687,85973.47780841005,95059.36
2024-07-27,24,16,138872.26,76716.42171587463,84448.00624907177,84996.33
2024-08-03,24,16,108373.69,89963.3655355456,84558.50622353291,79717.57
2024-08-10,24,16,91761.08,86324.87659941328,82578.90697610241,86613.95
2024-08-17,24,16,139734.75,82979.52026691474,83625.81143963127,84032.37
2024-08-24,24,16,28469.64,88284.3079995597,90069.84600965526,86353.055
2024-08-31,24,16,142185.48,90019.37814399792,83854.17238753103,86937.18
2024-06-01,24,17,99493.43,76747.90940967429,86677.95646804955,83484.08
2024-06-08,24,17,37078.38,75166.99655814,75921.75834587932,82555.41
2024-06-15,24,17,23951.62,72385.86920564019,74764.17856926653,82168.98
2024-06-22,24,17,94400.06,72977.92115435109,76370.70976627173,85108.36
2024-06-29,24,17,107522.88,71266.6132512081,72312.08967065015,78514.914
2024-07-06,24,17,24146.11,93898.36695215711,87680.49239178629,100621.125
2024-07-13,24,17,77755.53,66997.1957553128,71314.05632548516,79919.195
2024-07-20,24,17,61721.58,65039.21790580359,77374.41748056207,80257.4
2024-07-27,24,17,87075.94,67751.7212498305,72131.12504421305,77875.12
2024-08-03,24,17,140289.76,71662.12440890606,67318.82224686499,74642.56
2024-08-10,24,17,101388.46,79939.18815248928,82240.69618698074,81481.6
2024-08-17,24,17,92147.58,79181.5019125636,86025.98059565295,85178.56
2024-08-24,24,17,14648.8,76718.37149313898,86272.56930865355,83030.16
2024-08-31,24,17,138054.67,81297.70381143,80809.91000574925,84909.1
2024-06-01,24,18,21868.66,86997.76953725549,97712.46392897403,93469.33
2024-06-08,24,18,51420.5,84035.57158212294,98463.27698960077,91060.78
2024-06-15,24,18,99160.06,86694.40369132505,95570.67798826405,93332.84
2024-06-22,24,18,136103.64,85571.16368978593,95661.1458021254,86415.25
2024-06-29,24,18,21582.97,86868.5385067304,98867.93716406336,90301.21
2024-07-06,24,18,142794.09,109517.40251231976,106114.1927688623,104413.82
2024-07-13,24,18,127863.33,89245.85899059521,87782.815472419,87070.234
2024-07-20,24,18,135350.34,85143.51528325057,98207.52044937137,91910.48
2024-07-27,24,18,112360.38,82396.59482164856,99902.19998742719,93464.66
2024-08-03,24,18,152342.47,88722.95015409673,88247.6965381407,88494.29
2024-08-10,24,18,54409.89,96625.83860715135,88710.03655289358,83725.81
2024-08-17,24,18,25051.83,93783.88782285899,98100.82834715438,94015.516
2024-08-24,24,18,130073.28,89738.14458336579,92886.80562555911,91088.33
2024-08-31,24,18,110649.06,102976.32951460106,94066.07950222313,95776.31
2024-06-01,24,19,124202.75,80053.83166678305,90139.22758224921,90723.375
2024-06-08,24,19,101014.75,81194.89475529752,87105.26603499799,84262.06
2024-06-15,24,19,145178.35,82052.23230165066,86583.74984439071,88910.44
2024-06-22,24,19,36602.6,84164.08010788148,87557.96916243792,88693.72
2024-06-29,24,19,141495.13,81670.57770903641,91749.05571933395,92825.75
2024-07-06,24,19,68442.79,113311.16625376209,107958.15167243284,121121.016
2024-07-13,24,19,28556.81,86024.70101678316,85508.28972614282,86360.81
2024-07-20,24,19,145982.28,79758.8984778027,93759.77260819454,93586.34
2024-07-27,24,19,32067.84,89382.32328188838,92356.1761661361,88448.055
2024-08-03,24,19,149230.76,88802.38470871266,93091.88651021765,94774.81
2024-08-10,24,19,95584.52,93292.85823192203,89602.99669545835,93505.42
2024-08-17,24,19,161630.77,84485.14087860324,91043.73817022739,89977.25
2024-08-24,24,19,30164.93,90658.62083654667,94438.0704881652,90314.805
2024-08-31,24,19,31729.09,88769.3170910257,90320.54561772238,92261.266
2024-06-01,24,20,51798.28,82302.42811648484,98311.29108339254,90132.23
2024-06-08,24,20,107884.54,79848.8849953642,99707.96762799418,93911.6
2024-06-15,24,20,63687.09,79173.95218414775,98492.1439932298,92736.76
2024-06-22,24,20,25359.84,79804.82775057552,87705.61211895311,90769.16
2024-06-29,24,20,46758.26,74349.51924766472,96260.28778953821,91984.414
2024-07-06,24,20,172486.9,93397.74117082448,82784.8738978821,119100.71
2024-07-13,24,20,33560.08,76913.42336617626,88828.75732757006,90713.766
2024-07-20,24,20,128197.49,70530.7162558785,81681.62136407912,101022.03
2024-07-27,24,20,121694.41,77608.99009331162,98162.17294284614,90467.51
2024-08-03,24,20,21569.82,88796.93982767715,88626.09826788954,87098.55
2024-08-10,24,20,68617.79,82297.35343424778,93233.29458000704,99753.3
2024-08-17,24,20,172156.25,79142.57455076056,92044.54519457089,101292.65
2024-08-24,24,20,80978.16,91238.39480602436,99770.89671036247,91068.664
2024-08-31,24,20,130623.78,94528.98534098148,93856.42143436457,100077.26
2024-06-01,25,1,23895.97,44187.71443304145,38731.8141768852,27802.719
2024-06-08,25,1,20234.98,38995.11792402442,37806.930343620756,29675.684
2024-06-15,25,1,45013.83,46370.91414952564,32651.59698216408,29905.42
2024-06-22,25,1,10064.15,40783.716197867776,28121.446652631836,29567.984
2024-06-29,25,1,17968.84,42753.68574574781,32291.113527562957,30986.977
2024-07-06,25,1,27760.11,63759.977768907855,38331.63240516894,36917.7
2024-07-13,25,1,44669.17,44006.61103556401,38322.96658795323,29728.12
2024-07-20,25,1,52823.61,40267.05514634373,32484.109656737084,30575.742
2024-07-27,25,1,13677.13,38334.43791912771,32439.573484835215,30259.203
2024-08-03,25,1,11438.1,50504.583925331615,37276.32428698396,29164.873
2024-08-10,25,1,47612.74,45401.30176191882,39076.80044946962,30459.016
2024-08-17,25,1,24064.21,39365.65202441903,34203.71580025054,30149.316
2024-08-24,25,1,41842.47,39549.99414207622,32406.663509607177,31089.213
2024-08-31,25,1,21624.72,43367.840286170984,31379.742569172126,30320.494
2024-06-01,25,2,12039.6,45530.65848736612,33959.73996316561,31314.938
2024-06-08,25,2,33538.68,37627.095880583205,36204.11901400119,31198.611
2024-06-15,25,2,48614.72,46399.181106704535,32829.72765528356,30352.186
2024-06-22,25,2,30536.69,38751.975929013104,36096.54773324587,32515.594
2024-06-29,25,2,45889.68,41077.502359744285,35311.25636650149,33273.84
2024-07-06,25,2,22615.56,63768.1350802959,51179.272604724596,38745.633
2024-07-13,25,2,35443.39,44955.43183397268,40216.18301564122,31936.775
2024-07-20,25,2,38679.4,41264.88896096027,32564.389919154008,31030.916
2024-07-27,25,2,13688.59,39657.545609819426,32436.768398135944,31381.52
2024-08-03,25,2,5074.58,52549.872491605034,34564.32064042755,31153.672
2024-08-10,25,2,30134.66,46166.70969715117,31911.351072512953,30746.746
2024-08-17,25,2,50000.14,38196.21658048322,32328.677980046123,33108.71
2024-08-24,25,2,45986.18,40241.0029335302,34304.542126544555,30644.207
2024-08-31,25,2,14694.72,42211.42436888819,32096.789364494303,32972.773
2024-06-01,25,3,19382.11,51453.99513997735,39664.24649599845,36982.96
2024-06-08,25,3,34979.52,43330.781141335414,36351.67441879929,33738.305
2024-06-15,25,3,7556.94,52194.29656923387,37945.99927992328,34265.52
2024-06-22,25,3,30342.41,41139.73826380698,36139.47457935055,32651.842
2024-06-29,25,3,19192.58,41860.982377168875,34459.59337931688,32153.465
2024-07-06,25,3,66739.12,65094.03509802397,50044.884999646,44025.285
2024-07-13,25,3,19840.43,48133.804153503275,42416.6972489012,33381.36
2024-07-20,25,3,54269.87,40003.112135821284,37804.088427426315,33575.434
2024-07-27,25,3,35666.59,40126.99138899003,38901.12991137542,34373.94
2024-08-03,25,3,34539.17,53806.327555194606,38265.37458837759,32953.867
2024-08-10,25,3,20092.67,46866.852838159655,36128.315388005714,33400.777
2024-08-17,25,3,12106.48,41224.5215859598,37184.3478509943,33552.49
2024-08-24,25,3,29618.43,40551.08927386991,36370.07381369741,32726.424
2024-08-31,25,3,28907.68,43684.61480147359,38291.24804205942,33651.535
2024-06-01,25,4,49271.56,47542.3258583761,37306.503810325536,32766.676
2024-06-08,25,4,35726.88,43458.873162803175,37481.3114363719,32856.33
2024-06-15,25,4,33565.36,49693.223243861525,38079.93955467769,33005.266
2024-06-22,25,4,33184.43,39500.96106401633,35490.34262017437,33606.953
2024-06-29,25,4,17869.74,42969.89831978878,35892.09649918467,33150.2
2024-07-06,25,4,18865.02,64646.62958878952,57642.5154697508,42554.66
2024-07-13,25,4,7552.61,43783.69835191764,38304.43972499973,31917.023
2024-07-20,25,4,19877.68,39438.595435513846,35450.453194769405,32323.883
2024-07-27,25,4,48143.9,35962.028066585335,36805.19137390398,31789.645
2024-08-03,25,4,19618.0,50200.9064660544,34092.78212710876,31944.82
2024-08-10,25,4,27355.08,42896.321023986,33902.32193823712,31475.783
2024-08-17,25,4,29813.45,34778.60759753098,30262.02590411383,30336.541
2024-08-24,25,4,48028.05,35435.35522761647,38544.84865178728,30443.768
2024-08-31,25,4,47655.03,39747.862877727246,35125.93271810286,33012.19
2024-06-01,25,5,54905.92,48833.78611791327,38289.546716629506,36389.637
2024-06-08,25,5,50930.61,45214.92899439793,42269.16096054673,39175.117
2024-06-15,25,5,56824.01,51536.164672701016,42293.86097743864,37031.344
2024-06-22,25,5,45976.45,43678.60426851169,42269.90000217161,36902.746
2024-06-29,25,5,7461.68,46849.79219228053,43063.49537205031,37713.16
2024-07-06,25,5,67669.74,71877.69945551609,57483.51762750575,55791.37
2024-07-13,25,5,30825.76,57001.092026767095,47474.32109144084,40062.477
2024-07-20,25,5,35614.41,50662.55607746433,46277.9378535697,40530.277
2024-07-27,25,5,10439.2,46916.42799215983,44703.14999252949,39750.44
2024-08-03,25,5,42013.23,57288.94821026424,43347.16826527306,37928.62
2024-08-10,25,5,32211.3,49386.5597911149,39205.57189308881,35409.12
2024-08-17,25,5,64493.22,40695.5699218289,37478.18593384286,33787.375
2024-08-24,25,5,19718.26,43415.426793372244,40192.9229292684,37326.19
2024-08-31,25,5,57024.86,46072.03919770769,40381.675497012,36576.746
2024-06-01,25,6,58530.73,49175.12977725565,40973.51660879086,37719.16
2024-06-08,25,6,55973.46,43114.09684706547,41205.39979176405,37495.582
2024-06-15,25,6,53780.54,54353.92439599831,45649.877782009375,39667.96
2024-06-22,25,6,24311.81,46654.75358349357,46406.42840651731,41507.08
2024-06-29,25,6,14050.43,51416.888654557195,47320.48468565371,41644.06
2024-07-06,25,6,13808.11,74380.35950763145,58084.92808419768,55796.438
2024-07-13,25,6,28490.92,52030.28309122542,41029.0546646186,39222.38
2024-07-20,25,6,8482.19,43484.53239289572,38182.54615988114,36953.703
2024-07-27,25,6,41415.33,39118.811020936635,38684.202520447754,35297.53
2024-08-03,25,6,10277.44,51378.824387256194,34556.97076797085,35200.348
2024-08-10,25,6,33002.88,42746.84268115176,35038.38999325671,33431.227
2024-08-17,25,6,41909.63,34255.654689268864,30582.29566153334,33344.28
2024-08-24,25,6,36615.9,36007.527235127636,37297.04083016722,33263.664
2024-08-31,25,6,10596.98,39463.94301022848,35549.04883923186,35544.215
2024-06-01,25,7,9476.79,49596.59214196873,39700.28284169113,39054.188
2024-06-08,25,7,19673.0,41526.151901493475,38346.10247382174,38107.867
2024-06-15,25,7,70550.25,48224.21461790865,35243.51600788635,35269.047
2024-06-22,25,7,35514.26,43040.8741321383,41949.27011405823,39750.9
2024-06-29,25,7,39004.1,46341.33550793136,41125.62648632608,41519.395
2024-07-06,25,7,52133.25,69234.95352716994,59334.9102600977,56010.004
2024-07-13,25,7,26590.43,49064.93853254495,40599.82401908689,36245.34
2024-07-20,25,7,57811.64,42168.31234633087,37776.03814331445,37136.344
2024-07-27,25,7,70324.14,42804.6560183762,39116.128460047956,38827.176
2024-08-03,25,7,36799.21,60234.06289318263,47546.56529786328,42830.223
2024-08-10,25,7,13150.99,55208.75226910519,46685.39626284917,43562.14
2024-08-17,25,7,67350.5,45921.759752613834,43084.49731432088,42110.46
2024-08-24,25,7,19514.8,49692.391620326576,45944.81396711702,43833.29
2024-08-31,25,7,27693.94,50244.99733462942,43130.5559512133,43760.863
2024-06-01,25,8,18940.22,49366.3965119125,38361.19343609531,39183.598
2024-06-08,25,8,9501.66,42834.500491996034,39541.575466519076,39071.094
2024-06-15,25,8,36482.31,50157.04431979526,38779.0422757806,36704.043
2024-06-22,25,8,28759.97,42834.868193331495,39310.886462555674,38483.336
2024-06-29,25,8,46224.07,41978.29669824616,36998.20916404266,36714.805
2024-07-06,25,8,97903.24,64543.31363522515,40522.78860777898,43338.906
2024-07-13,25,8,25250.23,51850.93074752199,46460.52139702689,42745.84
2024-07-20,25,8,49004.57,45981.63586111201,44014.38721529921,40707.38
2024-07-27,25,8,65797.91,44783.60190645244,44510.19258421389,43105.555
2024-08-03,25,8,50096.98,61691.592177035775,48283.099577282876,45963.695
2024-08-10,25,8,47189.94,55786.10748994766,46974.076832433326,43427.566
2024-08-17,25,8,8466.95,48305.913687611996,47664.84995502318,43207.13
2024-08-24,25,8,40546.04,50761.82824432945,48163.03510310116,45473.246
2024-08-31,25,8,64824.96,52336.63890218641,49233.84617474209,44313.31
2024-06-01,25,9,36299.59,50598.80140152867,42362.152866887795,41745.543
2024-06-08,25,9,11661.05,44121.65525061864,41405.43468778792,40936.31
2024-06-15,25,9,64646.91,50398.938395808735,42129.21092426912,41151.63
2024-06-22,25,9,73473.22,46226.33154217236,43433.82956861692,41724.617
2024-06-29,25,9,54266.89,50858.64598289086,45766.68196903202,44917.28
2024-07-06,25,9,91016.43,74915.06528272381,60336.72152044082,59594.18
2024-07-13,25,9,36572.45,57029.86594123621,51189.497163333705,46034.484
2024-07-20,25,9,67395.68,54035.61662697716,52244.705664127374,48084.91
2024-07-27,25,9,30468.76,51875.699924900495,52868.027410828385,48555.336
2024-08-03,25,9,40493.69,66071.2954122914,53052.36415100404,49035.543
2024-08-10,25,9,45403.37,60202.26354002352,53771.47631010274,47608.953
2024-08-17,25,9,23656.84,52214.19014639164,52386.14038127171,46469.676
2024-08-24,25,9,54743.69,48313.36813803398,47694.320329553346,44936.91
2024-08-31,25,9,32140.09,51321.61301656061,50027.06834158191,45075.812
2024-06-01,25,10,39380.75,47199.727245915,38298.95689537585,38373.086
2024-06-08,25,10,68810.03,41764.58194939199,38929.71000777141,39262.715
2024-06-15,25,10,74294.21,52372.26225592192,43356.00156983426,42154.145
2024-06-22,25,10,28846.54,48158.659385899,46430.1297637137,44749.047
2024-06-29,25,10,68436.86,49640.79942719165,45604.249647923854,45743.41
2024-07-06,25,10,21678.01,75598.5808365068,54882.550441931846,57583.562
2024-07-13,25,10,14292.46,57736.27106709449,47585.566036727934,46565.83
2024-07-20,25,10,44584.57,50111.03443522672,45781.341267875694,46470.07
2024-07-27,25,10,42452.4,48932.74094152341,45771.57064307727,45717.984
2024-08-03,25,10,29762.67,59624.261529180796,46506.072917555866,45312.098
2024-08-10,25,10,78642.03,50564.237101516504,44102.46613807557,42789.406
2024-08-17,25,10,31032.21,45079.93918698689,42769.725346351974,43476.645
2024-08-24,25,10,6757.37,45695.650094162775,43052.611195901496,44174.04
2024-08-31,25,10,35013.11,45632.4523498721,40955.09216458769,41756.223
2024-06-01,25,11,27426.29,60949.24554947203,54003.05847933958,47663.137
2024-06-08,25,11,49050.21,55058.78359425454,52125.20545773065,48512.176
2024-06-15,25,11,33816.06,64406.79168031013,53727.70030276707,50679.664
2024-06-22,25,11,26170.09,55647.604639512174,52553.976453514006,48394.664
2024-06-29,25,11,71472.37,52866.69933506553,48995.31122558491,47216.426
2024-07-06,25,11,72187.77,76735.93290343435,50631.890460830225,60017.93
2024-07-13,25,11,38221.36,58455.900424818225,48707.77039972986,48320.863
2024-07-20,25,11,23480.01,50747.695278027946,48621.207571656356,48492.906
2024-07-27,25,11,23753.34,46382.863971192506,43620.416421125585,45332.152
2024-08-03,25,11,51434.45,59432.84320234971,44929.516331876795,46374.926
2024-08-10,25,11,71910.04,52458.05104138332,43872.90742647782,43960.14
2024-08-17,25,11,80596.3,49050.74006124511,48702.76510836394,48182.207
2024-08-24,25,11,13808.19,52460.22630551116,54436.95349221028,50596.367
2024-08-31,25,11,72029.33,51881.23877815957,48898.2931784286,48110.43
2024-06-01,25,12,84672.42,53162.214032831,44295.1043459954,44615.434
2024-06-08,25,12,36911.66,52076.02939176467,50373.656173912976,49371.67
2024-06-15,25,12,10354.31,56615.14260909167,47256.062426089054,46453.207
2024-06-22,25,12,21477.88,47723.50576807498,44306.46583236627,46990.754
2024-06-29,25,12,37977.62,51591.97306155705,44534.720229490624,46314.39
2024-07-06,25,12,69016.83,71377.51217958887,56128.94587200982,55389.273
2024-07-13,25,12,10847.06,56342.41045297194,47687.648660663486,48032.215
2024-07-20,25,12,42690.38,47418.37271098715,42467.775307380165,44361.562
2024-07-27,25,12,65291.34,44365.76483783764,43371.53398302956,44994.4
2024-08-03,25,12,85796.37,56745.372590930005,44046.49384248441,43027.758
2024-08-10,25,12,20005.17,54205.574631700125,51277.487008841184,47607.484
2024-08-17,25,12,52715.97,47095.57722526852,45762.03787943221,47732.03
2024-08-24,25,12,45289.1,50280.78791742304,48642.25617300662,47984.65
2024-08-31,25,12,43402.48,53968.192655113955,49272.836849070794,48277.68
2024-06-01,25,13,82929.1,59585.06743248634,52125.52868051853,50345.973
2024-06-08,25,13,67089.02,58077.1716884189,51956.72551531341,48432.414
2024-06-15,25,13,17982.16,65775.6843358321,56160.97585846446,53314.258
2024-06-22,25,13,40672.01,55709.96344779373,52984.75882919355,51902.71
2024-06-29,25,13,31880.31,56862.93155090142,51308.7362279922,50926.16
2024-07-06,25,13,63524.2,76218.50136746786,61251.59662858918,59132.723
2024-07-13,25,13,62845.15,56582.61998408536,48178.587647595305,47486.15
2024-07-20,25,13,77577.25,52245.11216493301,47608.069909744336,47169.14
2024-07-27,25,13,45090.67,51558.40041494085,53686.52443070723,49345.395
2024-08-03,25,13,26092.43,60766.8174215993,49061.77976731245,46891.12
2024-08-10,25,13,67100.33,54540.18533703956,47275.421261229014,48952.555
2024-08-17,25,13,19027.75,51653.9425340064,49016.465885080404,48933.766
2024-08-24,25,13,15325.89,50552.54421466913,48544.1498902828,47939.348
2024-08-31,25,13,18560.68,52377.308354174726,49742.87160615712,49982.215
2024-06-01,25,14,14955.83,55179.10645245796,50377.200517409474,50079.96
2024-06-08,25,14,80143.29,48298.63516563718,48715.94677106601,48262.86
2024-06-15,25,14,49128.91,60834.90945336049,48984.790000931185,50704.01
2024-06-22,25,14,30328.57,51629.93161522499,51009.055983502505,51378.785
2024-06-29,25,14,28265.66,53224.12891897899,48498.8916534705,50032.742
2024-07-06,25,14,25471.95,75263.63200211164,63430.94944114553,62069.27
2024-07-13,25,14,43307.56,53304.52916138761,46400.13617435331,47152.543
2024-07-20,25,14,86178.31,47669.15459517949,49660.518244692925,48365.742
2024-07-27,25,14,36704.84,48296.20653903664,48460.82365384445,50033.504
2024-08-03,25,14,30288.31,61201.2196231709,50016.738948388134,48605.766
2024-08-10,25,14,49781.99,52228.93839693111,46526.25071786932,47220.805
2024-08-17,25,14,9724.67,46327.41817637075,44509.373520456276,47311.71
2024-08-24,25,14,37129.44,44221.380293724316,42871.47401112224,45691.363
2024-08-31,25,14,32404.36,47618.97663554535,40675.900753479065,46311.51
2024-06-01,25,15,69387.33,53627.410546650855,45052.75782943245,49061.95
2024-06-08,25,15,66721.47,48761.465936037384,48046.70283682821,47571.215
2024-06-15,25,15,71104.22,58158.546724604406,50251.3872915234,50774.516
2024-06-22,25,15,47572.17,51248.97125120933,48999.74290734084,51324.31
2024-06-29,25,15,18122.86,49395.553433067944,48576.144401009835,48176.047
2024-07-06,25,15,12873.6,71128.4019113571,60233.0895412271,62489.402
2024-07-13,25,15,51309.16,53092.739414423435,44088.69857832198,47527.11
2024-07-20,25,15,32016.03,49780.83007003027,45885.45268400669,48414.62
2024-07-27,25,15,56955.38,47691.39546405461,48365.24173135051,49996.246
2024-08-03,25,15,64180.53,59299.61291343693,49076.47395105618,48798.03
2024-08-10,25,15,24054.82,52302.29681154977,47553.27082718454,46356.68
2024-08-17,25,15,36089.14,42751.35453172771,41088.54287805915,45432.22
2024-08-24,25,15,84110.46,43143.694744503904,40585.11353613149,43839.414
2024-08-31,25,15,65249.8,51963.71715265093,50348.850110591135,51210.895
2024-06-01,25,16,27195.96,61545.215647431054,55935.785526565334,55471.926
2024-06-08,25,16,12484.81,51741.403880356425,51059.607771392875,53387.395
2024-06-15,25,16,46147.08,58762.54349605746,50722.65375305251,52095.85
2024-06-22,25,16,24313.73,44718.49886147214,43254.95745327642,49853.9
2024-06-29,25,16,22801.06,47099.504925378904,43904.99989968588,49371.953
2024-07-06,25,16,10558.1,69023.71690477896,58989.4681662798,65625.88
2024-07-13,25,16,85962.01,48843.33966831175,43683.49341615118,48303.63
2024-07-20,25,16,17360.81,46159.887543492856,45972.37284009052,48965.457
2024-07-27,25,16,71154.85,41645.05071329534,46993.621581874024,51104.85
2024-08-03,25,16,87367.26,57276.86139700225,48085.34991594802,50542.566
2024-08-10,25,16,17283.5,56186.06828288243,54442.5645015404,52587.934
2024-08-17,25,16,77348.87,47070.27844576636,47516.15724891308,51085.84
2024-08-24,25,16,65476.62,51143.81966136896,52641.90748142754,53140.18
2024-08-31,25,16,38442.34,57168.30498004023,54541.64588746321,56047.58
2024-06-01,25,17,97918.15,64770.02174965284,58209.94646605659,56061.59
2024-06-08,25,17,92212.97,64897.160209227375,58313.38046709693,59616.61
2024-06-15,25,17,56503.7,73345.1314275073,58441.1185921519,61244.984
2024-06-22,25,17,98587.93,61391.67835287048,56599.85217030802,54085.88
2024-06-29,25,17,77528.98,62241.5996075808,53746.20571342807,53951.152
2024-07-06,25,17,105943.64,86616.29103052078,80806.06423771872,72498.4
2024-07-13,25,17,31916.29,70848.66326304685,56602.834960918175,56308.633
2024-07-20,25,17,39674.76,65279.384308359055,58714.9749567668,59433.426
2024-07-27,25,17,20039.48,65247.628079172406,59686.83400228597,59219.07
2024-08-03,25,17,38108.76,74709.09021920207,60774.21446820548,59206.22
2024-08-10,25,17,40130.43,60552.175731906675,57778.60128672348,53786.098
2024-08-17,25,17,80566.03,52304.38064979578,56529.16080203154,54540.12
2024-08-24,25,17,31868.91,53456.3794345889,57091.74669588481,55562.297
2024-08-31,25,17,59950.56,51820.01944463893,54966.79854772673,54644.844
2024-06-01,25,18,73366.09,56795.148756480114,58194.20584087353,55607.582
2024-06-08,25,18,50511.22,50781.9538853833,56582.59074353606,57880.94
2024-06-15,25,18,92772.39,59456.36621145793,56033.06907206917,54321.934
2024-06-22,25,18,68236.62,55228.0053973875,56017.63987181795,57731.83
2024-06-29,25,18,35456.78,60639.95163751717,54622.24122766235,55612.926
2024-07-06,25,18,28923.63,83105.09024085393,69846.5726897849,59520.59
2024-07-13,25,18,26819.72,66163.93778675905,59257.803813738006,55641.95
2024-07-20,25,18,90227.6,56390.48091961648,56137.068192489016,56289.906
2024-07-27,25,18,86319.32,56252.65267101759,56805.519143992125,57015.77
2024-08-03,25,18,63344.63,69535.90366975096,61175.715308784485,60500.83
2024-08-10,25,18,74765.41,62660.07042581362,58211.80417283671,56950.562
2024-08-17,25,18,61345.95,52259.13867067993,53163.047527842245,54030.883
2024-08-24,25,18,11501.01,52827.00656483467,54861.61309261913,54389.65
2024-08-31,25,18,37930.59,57055.629340266874,57942.25769890826,58823.902
2024-06-01,25,19,15716.09,63139.65217523989,55731.43909909586,59772.695
2024-06-08,25,19,52819.05,55854.714765902354,53017.52444488117,58067.184
2024-06-15,25,19,32371.64,65972.41060011895,54445.665083350075,59764.9
2024-06-22,25,19,72820.19,54375.37984328444,54203.681764755485,57679.68
2024-06-29,25,19,52293.5,57255.81202581163,54166.26951245052,58014.582
2024-07-06,25,19,77026.28,80662.85201852821,65801.20064798639,75020.29
2024-07-13,25,19,10076.44,60701.547796013,54210.07561373671,57691.785
2024-07-20,25,19,91787.17,51700.6064207057,64182.55129514044,56001.254
2024-07-27,25,19,18838.03,52492.11621409239,59058.34696393839,57703.324
2024-08-03,25,19,92238.74,66564.06146886392,60147.031556072514,53838.246
2024-08-10,25,19,49250.95,63432.71960556055,56228.837672960486,58601.707
2024-08-17,25,19,98007.65,56463.23022313283,53119.4233933604,57235.375
2024-08-24,25,19,38970.11,58001.87610172334,58334.5823652365,58816.465
2024-08-31,25,19,95475.04,58917.01749636603,53279.93533980171,56736.26
2024-06-01,25,20,12985.19,63891.52947072812,58212.67650941562,62523.508
2024-06-08,25,20,98148.87,56392.77638373816,59607.68662419094,63107.953
2024-06-15,25,20,104812.69,68803.05464006521,63240.80731877981,67781.97
2024-06-22,25,20,75617.57,62181.08333158261,65752.14251145636,58717.156
2024-06-29,25,20,93754.01,63201.74624360691,63739.646868828095,58335.67
2024-07-06,25,20,61662.49,83360.72235463833,78298.26459448345,79088.27
2024-07-13,25,20,73257.9,67954.07261864308,55300.49539781358,59358.125
2024-07-20,25,20,106637.15,61044.10329533106,53749.256844877775,58921.113
2024-07-27,25,20,94757.64,64627.316974733876,55331.18245748242,61249.99
2024-08-03,25,20,99849.62,81829.45489846199,72657.88045687164,71071.0
2024-08-10,25,20,101667.38,74836.97814505687,71919.27823349331,62645.79
2024-08-17,25,20,21268.84,66387.29830229055,71332.2022778989,59171.027
2024-08-24,25,20,106188.13,69288.89128634098,64013.99148731523,61996.84
2024-08-31,25,20,87902.08,73984.41300436234,57841.847512611486,60970.727
2024-06-01,26,1,27403.93,23861.81616015554,24040.041225787638,22466.615
2024-06-08,26,1,11740.12,28078.525434954732,25151.31975684504,22793.035
2024-06-15,26,1,36275.25,24351.18020404991,24207.76727716894,22803.766
2024-06-22,26,1,30350.9,26423.9697634205,25448.0515397707,22725.693
2024-06-29,26,1,34843.58,28629.217122411268,25652.688831402233,22743.646
2024-07-06,26,1,23926.21,40619.09471215966,31402.062971314597,32097.168
2024-07-13,26,1,30713.62,25902.49444566107,27285.725810054602,24383.748
2024-07-20,26,1,11467.27,31766.069909130725,25482.07519917355,24593.129
2024-07-27,26,1,35531.36,31671.347027632466,25585.753520195285,24717.732
2024-08-03,26,1,11656.55,29112.869561460968,24901.807515201173,25124.451
2024-08-10,26,1,6941.89,32739.58283194746,26004.156801037643,24881.15
2024-08-17,26,1,40330.32,29940.714217687055,25364.632623302896,25561.277
2024-08-24,26,1,9481.57,36277.72492291279,25614.522392340124,24621.494
2024-08-31,26,1,22582.83,31071.357447652874,28214.266105007144,25548.096
2024-06-01,26,2,18746.26,28643.353461517727,25533.21806835417,24444.406
2024-06-08,26,2,12118.11,31270.117483014714,25938.24201825123,25061.086
2024-06-15,26,2,4357.32,26831.16923284012,25629.845054969002,22843.043
2024-06-22,26,2,16243.63,25593.885869726953,23839.792388415943,20871.129
2024-06-29,26,2,30720.38,25363.371728438164,25085.46592221088,20764.074
2024-07-06,26,2,42634.41,37351.53269055854,29504.470269380818,28546.584
2024-07-13,26,2,19662.13,25563.893850821034,25980.9971379914,23419.918
2024-07-20,26,2,42873.12,30602.97655111427,25169.442498118733,24312.074
2024-07-27,26,2,27712.37,29985.05757368516,26601.744597015804,24633.926
2024-08-03,26,2,25081.76,27657.50899907644,28611.32190680434,25394.41
2024-08-10,26,2,26456.29,31449.99904239415,26741.509709121357,25392.31
2024-08-17,26,2,39919.83,32234.79780357166,26700.41875534471,25129.678
2024-08-24,26,2,6552.82,38231.421911227735,31540.28193997334,26543.014
2024-08-31,26,2,21383.86,34633.094238283054,27213.68419119912,26181.607
2024-06-01,26,3,8319.56,27965.1068335714,26123.39990132656,24764.1
2024-06-08,26,3,32993.95,28494.973676034053,26179.158321804214,23597.87
2024-06-15,26,3,23983.12,25674.455189515655,26018.92434080929,23261.914
2024-06-22,26,3,19159.33,25871.22354763499,26167.429251545593,23385.873
2024-06-29,26,3,46061.57,27813.353506142565,26221.48817183304,23870.447
2024-07-06,26,3,47335.39,41491.08918225301,34240.27121522438,32603.578
2024-07-13,26,3,35054.63,29202.811424315754,27362.26292876936,26595.54
2024-07-20,26,3,30647.01,34622.40654684832,28049.055402779955,26839.33
2024-07-27,26,3,6955.86,33299.64368567729,29627.691312199095,27305.502
2024-08-03,26,3,44452.28,31849.322271512276,28807.522244122614,26605.375
2024-08-10,26,3,44968.89,35958.97463328596,31176.940176652115,28537.25
2024-08-17,26,3,15492.57,36656.56289357688,32153.893978828608,29901.041
2024-08-24,26,3,12448.65,40831.09282527501,31856.49328814588,30150.564
2024-08-31,26,3,40906.1,35814.64873609803,27309.79564049492,26248.77
2024-06-01,26,4,15235.04,27838.640716995367,26498.364086583606,26456.652
2024-06-08,26,4,10486.47,30657.02554991452,27198.11939654873,26349.793
2024-06-15,26,4,46919.24,27023.942958460735,27053.56203711085,27184.262
2024-06-22,26,4,9598.75,30988.989678538004,28332.194787178476,26630.023
2024-06-29,26,4,41913.35,31228.46716536193,27069.8930813216,27062.816
2024-07-06,26,4,48635.54,43787.32765019247,43285.51321346157,35153.098
2024-07-13,26,4,24231.56,29969.28792665305,29087.214169193016,26599.074
2024-07-20,26,4,41797.8,34190.175359097884,28722.71935076864,28034.357
2024-07-27,26,4,14171.4,33359.171281500996,28770.52502254089,27245.389
2024-08-03,26,4,32111.57,31398.783432402706,28935.215347630434,28133.377
2024-08-10,26,4,4798.23,35290.43318261583,32133.071089459467,28305.186
2024-08-17,26,4,13638.53,33025.036936585115,28802.408026298668,27044.201
2024-08-24,26,4,20526.25,37097.420629836844,28366.01734886543,27496.18
2024-08-31,26,4,30566.82,32885.07944644526,28531.517122327103,27233.508
2024-06-01,26,5,25254.22,31582.51661488782,29767.27040045755,30268.955
2024-06-08,26,5,19579.83,34597.3115149535,29922.777766902087,30799.176
2024-06-15,26,5,46135.89,30854.955765302184,28785.437485861523,28893.443
2024-06-22,26,5,39169.56,34349.04773794316,31117.209399245843,30655.398
2024-06-29,26,5,46843.81,36411.67706831345,30958.973905096107,31011.979
2024-07-06,26,5,26156.93,47156.958660124656,44932.8252596145,45032.78
2024-07-13,26,5,37970.0,31943.86844609127,29754.481959818495,29970.496
2024-07-20,26,5,10784.23,37302.02851789466,30205.145121018482,29915.164
2024-07-27,26,5,34537.65,35597.91873180748,31671.61518745992,30088.111
2024-08-03,26,5,5376.81,32510.509554961005,31126.8237185663,30272.576
2024-08-10,26,5,31440.47,35716.595092385716,31553.08006536838,29798.045
2024-08-17,26,5,6689.34,33372.323142500885,28158.7286210425,28212.451
2024-08-24,26,5,13116.82,36328.09731125023,27781.764820393557,28085.627
2024-08-31,26,5,33337.05,30330.180417188283,28779.134176742053,27631.29
2024-06-01,26,6,18550.41,31503.527778460237,28703.42694982288,28856.486
2024-06-08,26,6,14196.14,33203.024141452945,28628.926211499973,28963.643
2024-06-15,26,6,5546.28,28324.64939400953,27675.709769737838,29276.434
2024-06-22,26,6,27210.75,27402.705383358727,26916.712107491574,28687.959
2024-06-29,26,6,14005.15,30030.020906746853,26790.574809016474,27975.578
2024-07-06,26,6,65926.04,38965.251132790356,30953.711093373382,32794.33
2024-07-13,26,6,35477.05,28292.663586467817,29080.23364172788,29761.469
2024-07-20,26,6,27630.39,33097.482224787294,31560.992826026228,30101.887
2024-07-27,26,6,41036.35,32611.518703574387,30952.775589544704,30453.582
2024-08-03,26,6,38588.95,30809.9075170687,29056.04493512363,29029.395
2024-08-10,26,6,12406.27,33959.258957631304,31299.442838529023,31022.871
2024-08-17,26,6,36897.35,34726.758923620975,33176.214673405644,31536.58
2024-08-24,26,6,28572.7,40647.153705286626,33195.68338166924,32550.36
2024-08-31,26,6,45617.43,38297.09845770224,33785.81057798431,32431.717
2024-06-01,26,7,12948.13,29994.18751074592,27185.05663012682,29093.895
2024-06-08,26,7,51316.06,30132.523232099695,26901.88227340024,29086.775
2024-06-15,26,7,45514.11,29212.543712454273,27985.919105987115,29683.688
2024-06-22,26,7,23960.43,31249.68920734861,29245.41069686754,31226.31
2024-06-29,26,7,27547.34,32771.05399456782,29113.027260517287,30966.795
2024-07-06,26,7,65180.57,42786.75782938233,42303.55560101818,39495.664
2024-07-13,26,7,33851.31,33067.56075429059,35293.378126479016,32767.266
2024-07-20,26,7,14426.14,38750.40457805374,34623.52345205417,34135.832
2024-07-27,26,7,56060.47,37477.39035587846,35594.11154377025,34800.832
2024-08-03,26,7,37248.86,37930.953397071185,38189.043481365596,35495.574
2024-08-10,26,7,42035.52,38979.990774314145,34407.71495359129,34530.33
2024-08-17,26,7,38861.18,37519.75895431891,34593.52545446601,34865.316
2024-08-24,26,7,49408.57,42280.95966150593,34878.91412441063,34421.457
2024-08-31,26,7,36357.02,39936.854738238544,38801.51414376402,35640.137
2024-06-01,26,8,8321.49,32899.135811771084,29116.014998401854,30780.688
2024-06-08,26,8,7392.26,31453.502807334444,28164.398813713975,30249.455
2024-06-15,26,8,16584.55,25909.443900879894,27021.434418373537,28497.63
2024-06-22,26,8,18411.12,27181.37513508657,26757.588485930053,29605.6
2024-06-29,26,8,25979.34,26432.708331665723,24129.897020289165,26070.137
2024-07-06,26,8,13576.32,35566.28513939021,26752.660321151958,29675.543
2024-07-13,26,8,27504.57,20547.8784854458,24564.721085811998,25260.36
2024-07-20,26,8,24820.26,27047.057631680575,22752.287278756055,25872.754
2024-07-27,26,8,48216.66,26717.614619728047,25810.932945729288,27143.244
2024-08-03,26,8,26050.35,27136.997381999776,28590.569920740145,29273.252
2024-08-10,26,8,9785.34,30943.60203414077,28727.15644057381,30677.395
2024-08-17,26,8,15844.27,30544.34394537568,28001.533144008437,30372.98
2024-08-24,26,8,51515.59,36019.96141437867,27963.46596907387,30176.615
2024-08-31,26,8,36862.5,34950.22476558024,29484.860076170808,31700.303
2024-06-01,26,9,26831.37,37400.02756040463,35665.081649740314,35189.137
2024-06-08,26,9,14332.21,36288.85135579836,32009.68943293166,33533.562
2024-06-15,26,9,17919.97,30788.607142055298,28392.848248812996,31694.836
2024-06-22,26,9,15079.51,28519.511905399908,27524.701933661727,30768.82
2024-06-29,26,9,20278.75,28113.755441433597,26929.322629398586,28321.412
2024-07-06,26,9,76052.75,36459.974827035265,25247.492970750645,32406.271
2024-07-13,26,9,57296.9,30001.04191500366,31075.35565377685,34224.684
2024-07-20,26,9,49914.34,36915.86895699638,34402.3717209319,34065.336
2024-07-27,26,9,36737.65,36781.69862819944,37271.43864503251,37984.13
2024-08-03,26,9,26488.42,33957.822602365355,36684.62180280325,34718.055
2024-08-10,26,9,58133.78,38115.60748477969,33866.55591115422,35193.844
2024-08-17,26,9,43452.28,40335.02234732018,40083.65930154433,37478.727
2024-08-24,26,9,25101.05,46678.099051189885,40933.74168771801,39469.355
2024-08-31,26,9,59578.34,43940.184972245304,42088.168318853786,39682.137
2024-06-01,26,10,54899.78,31421.012860359428,31297.822164893383,34547.6
2024-06-08,26,10,5740.29,36229.13168716127,33053.057136562675,33765.53
2024-06-15,26,10,40308.91,31018.30469799174,31650.101982056814,35273.492
2024-06-22,26,10,48446.72,34303.39518942984,32720.243783556263,34603.43
2024-06-29,26,10,20633.83,38706.681345980694,35898.736260672005,36002.812
2024-07-06,26,10,13443.88,49132.01523181146,47113.04377757608,49154.145
2024-07-13,26,10,28564.47,32384.016784280408,33838.26602582678,34585.35
2024-07-20,26,10,21981.53,38804.438507213534,36419.7519608494,35519.824
2024-07-27,26,10,42589.29,32927.34165109848,28439.648166132087,31738.652
2024-08-03,26,10,11048.6,29677.58827038591,28550.20964315377,31456.818
2024-08-10,26,10,13475.79,33327.15875464751,28432.291074418823,31265.312
2024-08-17,26,10,5509.88,30926.624108606724,29570.669161999296,31122.953
2024-08-24,26,10,25266.54,33894.25975472208,32003.801969865417,29430.785
2024-08-31,26,10,31974.22,29770.37642127336,34129.778742207716,30592.373
2024-06-01,26,11,29931.15,37190.147419152345,36845.31392935404,37022.664
2024-06-08,26,11,42960.11,39575.360812672196,35291.12504627948,36393.754
2024-06-15,26,11,46682.79,34933.61738135254,33075.65197103516,36394.316
2024-06-22,26,11,37630.76,37073.89067581352,36286.13505122182,37495.438
2024-06-29,26,11,16393.69,39428.35193463204,40340.48151201146,39131.613
2024-07-06,26,11,82689.54,48199.63109616146,47984.57179648851,49265.03
2024-07-13,26,11,39676.95,38101.765036223536,40497.96865462432,38555.79
2024-07-20,26,11,50276.99,43354.851328045705,39719.53075894937,39988.62
2024-07-27,26,11,18197.12,42557.97935578445,42215.47431960339,40621.74
2024-08-03,26,11,5906.37,39401.21300137922,42545.999589013096,39700.234
2024-08-10,26,11,45026.07,39416.936373361605,34880.32593023711,36363.996
2024-08-17,26,11,23414.09,39206.45146804952,35416.88425831523,35574.45
2024-08-24,26,11,52590.03,41928.50289756144,34734.53828739717,36440.406
2024-08-31,26,11,45577.86,41236.45016394493,40605.691398749776,39332.266
2024-06-01,26,12,20958.42,34586.717017135124,32795.6713892652,35431.12
2024-06-08,26,12,28629.16,36777.538628812865,33966.17995426953,35687.926
2024-06-15,26,12,40549.95,34733.36023073404,34193.502941142826,36431.523
2024-06-22,26,12,54744.46,36628.58393320752,33290.12017404095,37489.65
2024-06-29,26,12,44805.62,40546.13507199242,39653.642949475136,39983.555
2024-07-06,26,12,7891.62,49905.1671683863,49778.13515047018,52844.6
2024-07-13,26,12,6563.84,35095.637146522815,34759.12644333846,37482.08
2024-07-20,26,12,41686.6,38764.93062788805,36065.884380805284,36255.05
2024-07-27,26,12,17340.39,36730.74531222019,33920.39445763849,36670.895
2024-08-03,26,12,8927.23,31968.71599207021,32135.55873568902,35794.2
2024-08-10,26,12,71019.31,33584.48062752882,29451.381576719028,33298.293
2024-08-17,26,12,35724.21,36817.44495884139,36520.53977458946,36901.55
2024-08-24,26,12,32880.56,39493.56144933108,33135.41109101245,35398.24
2024-08-31,26,12,30875.83,35006.48618593515,33092.935945394034,35639.594
2024-06-01,26,13,43343.87,38461.644602118795,38619.15135452353,39150.258
2024-06-08,26,13,59588.75,39722.19445040169,36649.87329305868,38421.715
2024-06-15,26,13,68659.9,39309.320458216316,39244.748501176255,39852.68
2024-06-22,26,13,46276.63,41621.79478632773,41878.967262575825,40606.53
2024-06-29,26,13,50517.09,43226.69245356915,45380.04846200792,40623.207
2024-07-06,26,13,21196.94,53176.583698442155,54464.95597303563,53161.51
2024-07-13,26,13,62506.32,39420.42286636143,41273.60478837086,40551.473
2024-07-20,26,13,43455.14,45696.39116497014,41544.28335306309,40596.246
2024-07-27,26,13,17204.31,45230.67305709133,41740.31227042709,40854.52
2024-08-03,26,13,6813.56,40441.286993029564,44673.53976015154,41742.066
2024-08-10,26,13,64880.41,41673.45159749593,39218.60580190931,40314.758
2024-08-17,26,13,12700.4,40954.85119305646,39521.10276265217,40070.76
2024-08-24,26,13,71433.03,42952.1493142197,37190.63952905218,38218.14
2024-08-31,26,13,49890.22,42017.927310781626,38542.09201120932,40714.773
2024-06-01,26,14,70639.88,40116.00664561928,41288.70248945484,42626.11
2024-06-08,26,14,15987.53,43364.162033215456,42770.26750771887,41931.137
2024-06-15,26,14,46895.35,37222.32728048521,40234.12032635356,40745.36
2024-06-22,26,14,67443.97,36834.55061906647,36652.52992759712,39193.95
2024-06-29,26,14,73928.9,42048.909482825096,43436.164428020384,42067.402
2024-07-06,26,14,9939.69,55732.07133075319,51009.265752723295,53579.453
2024-07-13,26,14,15712.79,40857.89196995568,42902.70416996256,41755.05
2024-07-20,26,14,7435.71,46240.32598325564,41928.267909096576,44315.586
2024-07-27,26,14,60557.73,42810.08330687761,39858.191556547274,41600.914
2024-08-03,26,14,63348.63,37469.40345749397,39363.7867652957,39465.848
2024-08-10,26,14,72089.93,43665.258835837594,42072.49879835925,43232.508
2024-08-17,26,14,37335.19,43267.27668915403,44734.497277667535,43382.227
2024-08-24,26,14,37204.0,43701.566786913056,41780.385138667625,40764.543
2024-08-31,26,14,6908.06,39502.613553007315,36229.751937110865,39548.008
2024-06-01,26,15,55764.64,39665.89271520675,38791.28253787623,41913.04
2024-06-08,26,15,53094.13,42595.86537151304,40939.39577448286,42459.055
2024-06-15,26,15,51976.72,37537.30616838759,36321.481362075596,41208.883
2024-06-22,26,15,68227.66,36337.052390883415,40734.512378528525,41140.082
2024-06-29,26,15,78054.9,41669.391805413274,46047.90628545018,42726.414
2024-07-06,26,15,29168.32,54096.795242945074,52800.69199471875,55388.137
2024-07-13,26,15,60151.69,41769.99843657881,43647.41229322034,44084.402
2024-07-20,26,15,20522.56,50035.24973300385,43075.88787707054,44782.215
2024-07-27,26,15,9408.61,48394.61812663453,44471.74824268347,43544.88
2024-08-03,26,15,72235.67,41295.088860232834,43197.693734572196,43118.344
2024-08-10,26,15,46855.52,47702.27252725799,45303.2939126396,45245.58
2024-08-17,26,15,21004.24,45222.793821187995,42825.058810351155,43563.652
2024-08-24,26,15,23886.81,46073.90779813524,42480.198174388446,43548.457
2024-08-31,26,15,58643.56,39919.5587868644,38281.235639102946,40748.77
2024-06-01,26,16,52236.45,40780.704424291434,43588.41642274851,41990.215
2024-06-08,26,16,56127.34,42077.69923025223,40941.69358875126,42469.242
2024-06-15,26,16,57757.93,40177.61013063324,40758.50747358255,42462.46
2024-06-22,26,16,49965.78,42544.03746951319,41218.14769061623,43311.03
2024-06-29,26,16,44429.82,44579.65852183537,45332.91619755005,44709.16
2024-07-06,26,16,55846.9,58070.413678704535,66851.2006228412,59463.54
2024-07-13,26,16,78987.17,44094.304296752525,44170.691518590946,44360.395
2024-07-20,26,16,72974.3,50887.212858736464,41552.76525368117,45389.62
2024-07-27,26,16,68215.56,48717.831248459384,40683.34524141133,45475.297
2024-08-03,26,16,8374.52,45323.81503868417,41727.302912359424,46765.348
2024-08-10,26,16,12135.27,49831.03233691725,48967.179532534,46678.355
2024-08-17,26,16,27175.99,47432.32406417416,43111.7439498557,44450.227
2024-08-24,26,16,7331.52,50371.160077805915,44704.626498425656,44358.867
2024-08-31,26,16,64539.08,41456.80253639974,39047.32598632108,42928.227
2024-06-01,26,17,44726.22,38458.840980360204,37635.98767143728,42475.207
2024-06-08,26,17,17594.3,43496.696836949784,41643.019685644096,43486.285
2024-06-15,26,17,38803.1,38124.52208997373,39252.18315415413,42204.883
2024-06-22,26,17,77099.11,34808.885657244566,37282.59164885436,40722.562
2024-06-29,26,17,59644.99,37909.95498836842,40073.80563273174,41042.383
2024-07-06,26,17,49657.89,51023.53166624724,51158.69840432092,58677.246
2024-07-13,26,17,28169.45,36405.524301703386,42613.68423909705,42790.406
2024-07-20,26,17,38278.34,41697.44863896374,39827.37029320618,42842.816
2024-07-27,26,17,38379.79,41856.5197701772,41931.01623444756,42865.3
2024-08-03,26,17,46155.1,37739.49236122612,43039.56448748737,42898.977
2024-08-10,26,17,42686.42,42345.13061148661,42896.54397544176,43533.61
2024-08-17,26,17,43297.16,40882.35731507023,47532.88660250465,42979.695
2024-08-24,26,17,79631.22,43165.72247586243,44948.339466604804,42743.324
2024-08-31,26,17,73773.29,43712.99965754674,45063.82620610703,42311.8
2024-06-01,26,18,13217.69,39028.239081481246,42542.635579095666,45457.617
2024-06-08,26,18,25052.05,43572.25939002777,42602.83316890403,45480.22
2024-06-15,26,18,41031.34,39806.04626005428,41762.57337346958,45271.473
2024-06-22,26,18,81441.56,41821.97505924743,43895.0423634518,45424.547
2024-06-29,26,18,47180.3,44822.17407702137,50764.182987995555,47909.117
2024-07-06,26,18,64500.02,55381.19800443958,56310.83246053592,74045.375
2024-07-13,26,18,83310.25,39622.38668317562,43082.61789385225,44633.457
2024-07-20,26,18,23545.58,46774.52328381932,48542.31620393867,46097.867
2024-07-27,26,18,49126.44,44461.642150928645,44803.507144400646,49003.734
2024-08-03,26,18,20158.32,44261.8668127244,47727.55836694086,48071.457
2024-08-10,26,18,43706.46,48755.93946899985,46061.62945554344,46961.26
2024-08-17,26,18,76623.57,45214.79033030918,45447.251838427226,46426.582
2024-08-24,26,18,16327.93,51057.68311800346,44980.70476925866,48477.234
2024-08-31,26,18,46264.35,45978.21908277782,45145.92717676251,47353.35
2024-06-01,26,19,80416.67,43237.41746663497,41085.45844157508,45727.617
2024-06-08,26,19,14412.83,51121.39330221815,40881.22690115437,48064.574
2024-06-15,26,19,68894.61,45751.67489412399,45056.111576183226,46063.453
2024-06-22,26,19,17375.56,46490.55952572384,45559.88076447312,46289.785
2024-06-29,26,19,17002.15,47170.855227538996,47698.08308666275,47739.676
2024-07-06,26,19,55473.81,54431.4175578645,61729.20556228695,66925.47
2024-07-13,26,19,8032.9,40774.599676227226,44202.217181174696,46383.473
2024-07-20,26,19,62337.87,41397.48850139988,37781.53358635659,42320.844
2024-07-27,26,19,71347.69,41715.29471525229,43087.9733932666,44632.402
2024-08-03,26,19,47486.68,38188.0131227241,44406.10599403929,44539.793
2024-08-10,26,19,38060.11,42330.05192904259,45988.97074099477,45286.363
2024-08-17,26,19,53920.98,37936.42320457955,41025.29059650433,44101.176
2024-08-24,26,19,21348.6,45691.244344677856,43173.458570133604,45546.816
2024-08-31,26,19,30315.35,43002.58690485265,42110.2711598455,45226.613
2024-06-01,26,20,19967.21,42474.15624777336,50725.73454233217,50386.113
2024-06-08,26,20,44453.77,47220.140616928744,47191.47119768755,48563.383
2024-06-15,26,20,63739.32,42672.65556982088,43538.25700421932,48775.555
2024-06-22,26,20,88146.97,46621.14591671498,46908.98827150228,49247.117
2024-06-29,26,20,75583.39,51040.26308093579,41841.13906385904,50837.484
2024-07-06,26,20,57269.17,59176.305895503516,64429.35575221846,62840.457
2024-07-13,26,20,77651.44,43251.1144094444,44789.927019200855,48670.055
2024-07-20,26,20,78661.44,51593.41276236825,45602.85535549508,47583.227
2024-07-27,26,20,25056.51,50574.5477248522,43687.30622643864,50844.74
2024-08-03,26,20,50138.08,50130.82473567667,48909.175485585605,50901.9
2024-08-10,26,20,77414.79,54584.82209989822,45512.340459586056,49636.477
2024-08-17,26,20,8862.69,54872.06464659512,45328.38051617442,50833.633
2024-08-24,26,20,10578.24,54423.20668682678,49490.7418219621,51386.715
2024-08-31,26,20,68027.24,48294.89233476009,46536.47456939471,50583.316
2024-06-01,27,1,10305.88,54269.91956668179,41538.77088563978,35014.02
2024-06-08,27,1,59987.34,48632.32133362916,37763.98627147325,36669.777
2024-06-15,27,1,6022.37,48294.62980625696,38797.63179396395,38497.53
2024-06-22,27,1,55759.39,39689.1281837532,32876.104939710305,37759.887
2024-06-29,27,1,18333.35,46797.42336272762,36370.386076217816,35993.58
2024-07-06,27,1,28443.64,57955.82121114754,54868.719547112676,40007.617
2024-07-13,27,1,63656.72,41637.196062857576,33880.730090292265,35972.13
2024-07-20,27,1,44037.24,40584.714504764415,34832.69946781847,34044.516
2024-07-27,27,1,63308.39,46772.03980507898,33567.48837085804,33775.574
2024-08-03,27,1,7544.5,45414.84348161496,37749.20930469228,33836.78
2024-08-10,27,1,10899.28,41550.496953658374,30112.729655181425,34838.773
2024-08-17,27,1,24325.17,51836.83030122972,38064.03699633988,35555.484
2024-08-24,27,1,64857.3,44350.06140616542,40018.58912562819,35734.47
2024-08-31,27,1,8678.15,51986.520425063856,35966.374990517645,39030.254
2024-06-01,27,2,8061.58,52740.930435042224,39359.69933227512,40319.836
2024-06-08,27,2,50674.49,47738.34952760296,38255.547601859165,40073.2
2024-06-15,27,2,32969.05,45538.203479659125,37746.162629538,38505.38
2024-06-22,27,2,42489.23,37383.07778648883,38604.50860119945,38900.406
2024-06-29,27,2,63625.03,44740.7050235053,37941.308144971554,38497.016
2024-07-06,27,2,40556.64,57826.76397555248,49811.65991746112,53451.4
2024-07-13,27,2,58444.24,43246.7051191136,39596.52941978149,37514.254
2024-07-20,27,2,32792.64,39607.794795121794,39851.291865543644,38569.684
2024-07-27,27,2,49064.64,49030.767745821555,39895.59032911889,38776.883
2024-08-03,27,2,50677.29,47211.22068455245,45077.57446109389,41415.45
2024-08-10,27,2,30223.61,44826.83674431826,44055.93407123708,41342.504
2024-08-17,27,2,63910.3,53831.61996189187,43484.19769788554,41591.84
2024-08-24,27,2,27444.24,49591.58220734199,45330.68633700745,41075.46
2024-08-31,27,2,6574.27,52969.40544650937,42031.45323819194,41495.363
2024-06-01,27,3,66313.58,49416.39575482584,43753.06292402063,38719.746
2024-06-08,27,3,34710.32,48774.17588553213,47123.823533827905,42985.78
2024-06-15,27,3,53329.7,45574.21411707397,43836.64903471047,41129.453
2024-06-22,27,3,68786.44,40430.4922559949,43726.6658816787,41801.598
2024-06-29,27,3,70022.91,51176.965367580466,47181.86795525437,42608.055
2024-07-06,27,3,32256.81,64604.392868868854,58367.65647195236,63377.906
2024-07-13,27,3,6931.76,51623.72619569752,47862.23534476161,43618.633
2024-07-20,27,3,52125.98,47169.15926203972,47306.5133447141,44795.848
2024-07-27,27,3,60310.07,55673.13722825166,48170.175828669555,43168.562
2024-08-03,27,3,57988.71,50467.408647155644,48028.83926464101,44166.508
2024-08-10,27,3,36165.37,48505.73102819568,47731.06531911477,43979.496
2024-08-17,27,3,34175.05,54484.31991673282,47486.754110065645,42798.11
2024-08-24,27,3,13380.54,46836.52273945514,45463.951361317195,40921.332
2024-08-31,27,3,21396.79,49569.98247059214,45788.65410515656,40928.7
2024-06-01,27,4,10618.69,56642.70469501988,47933.1142698575,42625.62
2024-06-08,27,4,55344.21,50135.71765984082,46651.35155694018,41428.035
2024-06-15,27,4,60336.95,47100.96939149066,45177.31418711986,42983.81
2024-06-22,27,4,28653.07,44661.83601955475,47948.16159254495,44476.08
2024-06-29,27,4,31939.28,51325.91270776746,47802.489794550354,42014.42
2024-07-06,27,4,61204.11,61427.94076224692,58632.781180553546,53805.223
2024-07-13,27,4,23941.45,47202.55453028694,45071.6799245,40537.48
2024-07-20,27,4,36556.44,40864.24436716172,46347.92667405212,43273.695
2024-07-27,27,4,63780.09,47973.07531722377,46710.308072816624,44408.133
2024-08-03,27,4,67634.33,48410.85918194996,47062.933802031206,43335.9
2024-08-10,27,4,36708.33,46010.228445029396,48228.593002907764,43034.277
2024-08-17,27,4,59818.94,52965.54829528402,47444.268574062444,42687.562
2024-08-24,27,4,11167.83,48807.140203529554,47842.9134146215,43029.46
2024-08-31,27,4,22426.63,54873.47264457739,47950.9040739228,42108.395
2024-06-01,27,5,41991.64,52534.000038206745,50137.724200893295,44678.277
2024-06-08,27,5,13317.97,48191.49326532127,48266.48110746702,44660.816
2024-06-15,27,5,76074.6,47681.0733912432,46777.54112150847,43670.94
2024-06-22,27,5,42035.96,44256.70467900737,48694.6377508316,45323.523
2024-06-29,27,5,56539.6,50489.33525501553,47920.52683113361,45123.81
2024-07-06,27,5,94872.91,66748.05453272082,61911.18988088246,58598.938
2024-07-13,27,5,17231.58,55859.24152667345,52969.34977176992,45826.668
2024-07-20,27,5,44837.0,48382.69155909771,49730.31713399859,46881.027
2024-07-27,27,5,9809.59,55382.688912056496,49646.10946116477,45447.992
2024-08-03,27,5,74997.64,51878.02859641276,51333.028472989194,49264.484
2024-08-10,27,5,17186.31,51163.04273111691,50061.523763398145,47611.914
2024-08-17,27,5,29033.66,56664.349355614824,49280.4776562886,46038.56
2024-08-24,27,5,55554.12,49066.767035961464,49327.536628752576,45723.074
2024-08-31,27,5,12813.93,54121.93523950995,49581.52740715543,44921.523
2024-06-01,27,6,8695.66,62414.68684568667,51388.245344556744,46397.895
2024-06-08,27,6,20240.74,56117.28720390787,50553.74534777905,47150.32
2024-06-15,27,6,42992.05,52395.44932904824,50570.076320134525,47336.06
2024-06-22,27,6,71166.4,45634.46527169166,47082.30040184079,48992.45
2024-06-29,27,6,48592.61,55406.66014836956,50520.08717317273,49579.617
2024-07-06,27,6,75231.33,65547.16610723545,60252.00621565435,58749.727
2024-07-13,27,6,41683.81,51986.02906262871,50337.77982507687,45909.47
2024-07-20,27,6,40877.64,45480.80656218839,49910.97415329303,45359.086
2024-07-27,27,6,29606.6,50219.156002139855,48632.418830358314,45897.12
2024-08-03,27,6,34813.51,49215.18044056872,50673.753547613276,45536.266
2024-08-10,27,6,70127.58,45338.69653072463,50025.72346546662,49371.926
2024-08-17,27,6,36698.11,58329.4425450951,50014.88218710508,46874.375
2024-08-24,27,6,67472.81,49376.91658777209,50673.15430597699,47992.324
2024-08-31,27,6,78651.8,55435.055146043356,50959.90921781509,45964.01
2024-06-01,27,7,37658.99,56656.46539171755,50686.18134026243,48957.383
2024-06-08,27,7,67332.8,48736.841000931214,49235.6772844166,46166.32
2024-06-15,27,7,81440.03,49977.470599245185,50474.01428313192,48278.137
2024-06-22,27,7,17709.78,44963.156699339204,51053.889942385846,48229.23
2024-06-29,27,7,71047.32,53989.83537200002,50858.11651087254,49287.742
2024-07-06,27,7,75601.49,72317.25596855697,72747.6002306818,67096.49
2024-07-13,27,7,43967.58,60370.120481418046,53764.926129594984,51610.62
2024-07-20,27,7,59116.7,52582.63579524909,55685.227742288815,51309.47
2024-07-27,27,7,55917.22,56917.11215298462,52719.10614558688,48622.848
2024-08-03,27,7,31504.92,54378.8186673394,51896.27356443029,48320.047
2024-08-10,27,7,50923.38,49022.536655281096,53125.99643294318,51150.27
2024-08-17,27,7,44682.8,57001.15230214122,50561.31126720265,48441.805
2024-08-24,27,7,51830.44,52281.699657052355,53013.12161947755,50488.156
2024-08-31,27,7,38226.76,55444.333235722755,50818.63211367429,47305.97
2024-06-01,27,8,42579.15,57250.283748834474,50245.922336813564,49582.44
2024-06-08,27,8,78468.08,50479.21153964691,51004.08387699558,49845.74
2024-06-15,27,8,74813.86,50878.52604769784,50580.601445057626,47886.293
2024-06-22,27,8,31463.89,45886.99322152294,51026.07910763765,48719.566
2024-06-29,27,8,88544.7,55569.955198109055,53547.02070098446,52354.84
2024-07-06,27,8,92030.21,71602.71056398202,76430.73323535953,69255.67
2024-07-13,27,8,70992.5,61879.73123676924,55307.025077483595,52291.023
2024-07-20,27,8,74668.57,56741.645606669575,58690.265475494176,52765.82
2024-07-27,27,8,20237.55,62297.39855424387,59435.56194853248,52853.92
2024-08-03,27,8,34698.14,60962.25218767943,55038.96785626171,51839.965
2024-08-10,27,8,60560.48,55443.2315119802,53568.448561673154,53396.64
2024-08-17,27,8,56335.32,64290.07805742983,54759.48590942028,52130.004
2024-08-24,27,8,81481.88,57751.90554047017,58455.30851973366,53997.797
2024-08-31,27,8,42468.59,61698.72626544811,56914.69033648258,52097.816
2024-06-01,27,9,26974.37,61012.90309581832,52211.695066133136,52829.69
2024-06-08,27,9,19768.26,55004.565688009076,50339.54449171411,51271.984
2024-06-15,27,9,47701.48,48519.64335331704,50847.00689023364,52103.016
2024-06-22,27,9,61189.32,41525.08469468835,46599.22284158938,48657.074
2024-06-29,27,9,20876.24,50872.38533594061,50418.94261386512,51155.12
2024-07-06,27,9,72340.56,61552.072978041186,63601.57681814381,65534.277
2024-07-13,27,9,36743.64,47381.26813337965,47425.2889232118,48727.35
2024-07-20,27,9,87739.21,43759.842081139555,46821.21274563982,48262.07
2024-07-27,27,9,54107.32,53846.45333005803,51994.35871738966,52744.664
2024-08-03,27,9,10531.35,50616.73893637969,51460.925944201714,49460.81
2024-08-10,27,9,93870.29,48918.20625815131,50734.542179924865,52688.953
2024-08-17,27,9,25707.99,63270.1707070458,56423.51248939516,55883.816
2024-08-24,27,9,42967.03,54389.4820965708,52856.29856982567,54396.156
2024-08-31,27,9,18297.74,60176.14969989668,52282.63172640166,55186.56
2024-06-01,27,10,55720.39,50419.41632664273,50751.784739054594,48747.746
2024-06-08,27,10,53023.75,49416.37658491705,51313.154747873225,49521.06
2024-06-15,27,10,66451.28,49023.71777437896,49647.67147423394,50914.316
2024-06-22,27,10,51593.73,43166.28025165986,50877.19905812031,52020.11
2024-06-29,27,10,40994.52,50611.01357482511,50798.003821756465,51166.79
2024-07-06,27,10,33398.72,66029.39870676599,59335.15990562879,64299.504
2024-07-13,27,10,44081.51,50580.80224022245,50234.72852065813,51255.62
2024-07-20,27,10,78140.66,43516.660265944556,50051.40143597046,51076.83
2024-07-27,27,10,67663.9,56206.45920477334,50583.41544085171,51009.105
2024-08-03,27,10,19754.26,52517.737695583804,54234.54325320637,53541.965
2024-08-10,27,10,71930.18,48371.65584521411,50434.724696509715,52113.516
2024-08-17,27,10,50702.5,59086.19088556356,50559.38604281127,51480.598
2024-08-24,27,10,32157.69,52503.690181304024,50977.20896843587,51948.516
2024-08-31,27,10,52621.12,56395.33375111315,52039.13254061973,53517.246
2024-06-01,27,11,90444.09,53483.09562689518,51372.82334336089,53746.836
2024-06-08,27,11,59844.83,49513.60415165562,51030.70303978538,52923.21
2024-06-15,27,11,94531.9,49610.778328472436,51497.8924469046,53609.66
2024-06-22,27,11,58488.83,50005.40919038279,54068.448591358814,54712.504
2024-06-29,27,11,83893.27,57552.289352833315,54174.49164861355,54084.164
2024-07-06,27,11,108111.72,75789.63710163085,79152.57677411153,73185.83
2024-07-13,27,11,26172.94,66366.07015706506,61286.26335965841,59953.957
2024-07-20,27,11,94709.64,61278.6464307888,66386.64009612756,60354.117
2024-07-27,27,11,40800.63,71061.33485212462,67626.14381503403,59139.207
2024-08-03,27,11,84540.66,65376.76022789001,68758.25538575438,60233.98
2024-08-10,27,11,25385.82,62305.353421852145,67313.77100087279,61633.79
2024-08-17,27,11,37273.8,68027.82177591848,55639.504673212075,56967.53
2024-08-24,27,11,8732.59,59049.53635851843,58211.610413660026,56526.027
2024-08-31,27,11,38883.18,61128.681891634194,53792.499558771095,53565.484
2024-06-01,27,12,75385.02,73119.6401456247,63973.79207363924,63499.332
2024-06-08,27,12,15167.46,67360.6589967357,62077.365417150526,64079.125
2024-06-15,27,12,42888.59,60929.448534145464,55068.78265193857,58846.87
2024-06-22,27,12,61834.41,49301.92038462211,55740.30449406855,56125.168
2024-06-29,27,12,54811.4,56259.100490690085,50667.13306462329,53773.188
2024-07-06,27,12,77676.58,66613.18497766706,64495.11470543245,64691.37
2024-07-13,27,12,26814.93,54735.13459609994,54387.09381709145,55299.02
2024-07-20,27,12,88948.92,46627.80135492263,50998.30811175583,53212.668
2024-07-27,27,12,57639.82,58116.47977852969,54566.50253186314,53815.902
2024-08-03,27,12,52666.37,53425.35678432791,51975.076109526475,53109.258
2024-08-10,27,12,100028.5,52367.24702386271,55092.31321591071,54907.867
2024-08-17,27,12,51429.65,65704.42555090346,55503.777120144085,56351.773
2024-08-24,27,12,82983.0,58412.80227615171,55167.21261219756,56222.918
2024-08-31,27,12,82975.39,65185.02123365795,56554.70702292553,55327.01
2024-06-01,27,13,60536.38,61945.823090378435,54052.75310015833,57283.45
2024-06-08,27,13,35958.34,58164.64570611208,55217.58132010173,55357.49
2024-06-15,27,13,102065.71,52533.108368420966,52958.61367470024,57244.266
2024-06-22,27,13,33391.44,50750.531824249825,56530.88328156893,56013.55
2024-06-29,27,13,45004.59,55613.120182470426,51955.720982458064,55222.54
2024-07-06,27,13,78802.37,67117.46218320826,75091.45617409218,77016.31
2024-07-13,27,13,83140.55,57866.51313878659,53966.78649718574,56674.125
2024-07-20,27,13,34273.2,53811.832304306874,56505.50051697155,57457.332
2024-07-27,27,13,92649.33,59193.895004815255,54773.92222127158,55789.26
2024-08-03,27,13,15549.52,58328.28652859576,55835.565395565274,56208.055
2024-08-10,27,13,25266.63,56387.70581090892,54211.77457646633,59901.055
2024-08-17,27,13,68785.12,60542.46332266085,52383.347703809704,56919.91
2024-08-24,27,13,90022.38,58047.95678355604,54520.06042006738,58616.516
2024-08-31,27,13,103052.76,64594.37247586328,58071.379301700275,60472.137
2024-06-01,27,14,39908.68,59850.36321254288,51814.57001701786,58662.547
2024-06-08,27,14,55591.79,50716.4359376384,51373.34228557216,54910.926
2024-06-15,27,14,87572.01,46942.443251454424,50917.578384465836,53618.375
2024-06-22,27,14,86508.08,45294.80532591243,52289.150063775036,56311.055
2024-06-29,27,14,19441.77,56256.841795102235,54278.74289392578,58384.96
2024-07-06,27,14,70984.79,71064.99629158864,70535.58373902546,78374.734
2024-07-13,27,14,61889.51,59885.192453290314,53862.556056400885,60993.438
2024-07-20,27,14,73916.67,56614.495793995105,55040.41491407711,59635.55
2024-07-27,27,14,38464.99,61204.18998694534,56725.150817451,59865.81
2024-08-03,27,14,61378.86,56030.54161909148,52928.7151691918,57802.08
2024-08-10,27,14,53976.58,53640.97322113971,53353.59874180079,59541.29
2024-08-17,27,14,53261.4,61061.51335898913,53037.14717672841,56820.81
2024-08-24,27,14,41568.38,51662.88163560218,53038.92524279113,57924.48
2024-08-31,27,14,63507.18,58161.29450404444,52853.82302098628,56093.574
2024-06-01,27,15,33818.6,64924.64259931826,55721.49086284328,60565.96
2024-06-08,27,15,107684.92,60017.671245332815,56734.44798268194,61846.793
2024-06-15,27,15,21882.05,59963.24072186754,61386.23555778322,60157.26
2024-06-22,27,15,109166.76,52105.59454369716,59129.79447803057,60088.824
2024-06-29,27,15,76132.37,63166.2235451465,62282.623822200985,62206.305
2024-07-06,27,15,31608.51,76048.07965573444,84971.22392567992,82785.85
2024-07-13,27,15,68290.44,60587.98673158342,58755.57010844115,62627.78
2024-07-20,27,15,31797.52,53804.371837822975,55330.28719406209,57406.77
2024-07-27,27,15,110408.57,61076.591613240445,53490.75246589668,58502.36
2024-08-03,27,15,40443.62,63583.70770997201,69733.07410459695,64778.844
2024-08-10,27,15,84938.86,56254.66765357559,53670.985512300795,61239.082
2024-08-17,27,15,17137.5,69279.1778285203,63025.27192192409,62823.637
2024-08-24,27,15,102917.85,58900.43504950783,56915.63767180406,57724.445
2024-08-31,27,15,80174.14,65188.9137653212,60789.216630082636,63479.805
2024-06-01,27,16,109106.66,76434.14713208002,65475.23372103913,66562.71
2024-06-08,27,16,76169.23,72043.26325697437,66186.46867405712,65909.836
2024-06-15,27,16,99299.9,67993.92690773454,68867.4191264144,72444.07
2024-06-22,27,16,77360.08,66213.67242721486,68112.26945511889,65431.082
2024-06-29,27,16,83716.84,72907.46028046563,71808.0505415699,69001.04
2024-07-06,27,16,139610.13,83839.86614352284,81159.78408513109,88144.47
2024-07-13,27,16,20255.75,75842.18609475065,75301.16489373785,67781.35
2024-07-20,27,16,82601.71,72204.9101148847,69562.15282902756,70831.96
2024-07-27,27,16,79231.34,77742.15592459703,70609.79700206392,69396.11
2024-08-03,27,16,64102.03,73210.23352197855,69869.44200053634,66137.52
2024-08-10,27,16,60755.49,65110.713771157134,68427.90263277983,68870.37
2024-08-17,27,16,51524.98,69522.86306241766,64936.065662383546,67232.516
2024-08-24,27,16,30247.57,62033.29902116558,64596.21341431334,65727.23
2024-08-31,27,16,81097.71,64127.52021148742,58315.555536218264,64667.27
2024-06-01,27,17,50560.28,56993.654319162255,57966.0989513307,61248.63
2024-06-08,27,17,34680.85,55284.89875681328,55181.85622552446,60256.38
2024-06-15,27,17,43806.52,56950.656562686774,56525.265321739076,62647.16
2024-06-22,27,17,47279.18,53762.153732076295,55585.666919274445,62233.84
2024-06-29,27,17,52526.1,57865.87819054533,57085.43841878619,68825.69
2024-07-06,27,17,37451.05,71015.4183635228,92726.07096387292,90092.04
2024-07-13,27,17,101285.47,54346.200540775804,56739.2509938881,62415.977
2024-07-20,27,17,90234.08,53141.61550802929,57461.501441197994,61797.562
2024-07-27,27,17,108186.19,59013.81775449927,56071.722490757,59885.47
2024-08-03,27,17,118610.78,58319.729973869056,61887.096828338654,65075.402
2024-08-10,27,17,15098.43,58117.45803455267,67563.64299608846,64884.13
2024-08-17,27,17,23005.57,71733.55617586765,69779.30927804111,69509.266
2024-08-24,27,17,118445.44,66923.50385856727,63540.85308457762,67564.805
2024-08-31,27,17,76197.95,78205.4824488704,74091.01311463678,72005.92
2024-06-01,27,18,112257.31,71270.7886872733,61713.076233291904,65491.543
2024-06-08,27,18,89684.97,67336.20277334098,63799.83482773346,63811.355
2024-06-15,27,18,14941.29,62141.120844045385,62926.497124423266,64584.008
2024-06-22,27,18,114464.72,55720.21919515539,69207.26578636603,67701.836
2024-06-29,27,18,15075.98,69451.70379943363,70415.87265730387,68485.016
2024-07-06,27,18,163732.1,78884.62457521816,76076.49538915936,74628.375
2024-07-13,27,18,61593.86,74291.11754446165,68067.78366230585,70521.76
2024-07-20,27,18,21354.46,68531.08906298183,69046.7319208071,71592.44
2024-07-27,27,18,20796.27,73474.52853385315,71112.03246265984,70298.02
2024-08-03,27,18,99640.54,66133.3176917654,67128.62630745952,60626.344
2024-08-10,27,18,73690.89,59630.41676948273,67783.79611878411,67055.4
2024-08-17,27,18,112061.6,71578.34492193701,68329.59326867534,70471.6
2024-08-24,27,18,74701.99,64438.435951614934,68951.32521662787,74007.45
2024-08-31,27,18,92070.49,69702.48740289075,71133.83944217247,66313.875
2024-06-01,27,19,50803.5,68304.41416792033,69215.63425444339,71992.35
2024-06-08,27,19,56028.19,57546.14709571181,56240.12671857865,66764.37
2024-06-15,27,19,71691.58,50226.89877874236,72540.71178996687,64110.332
2024-06-22,27,19,99670.79,48533.761270023744,54009.53297254237,67963.99
2024-06-29,27,19,15677.87,61079.906495280076,57291.11356404809,67987.83
2024-07-06,27,19,88009.76,72229.947389192,76444.6830184881,90973.625
2024-07-13,27,19,110858.7,61811.90782791311,57434.406644993906,69632.42
2024-07-20,27,19,120667.31,62455.804775574165,72701.3671755321,73646.03
2024-07-27,27,19,27738.18,71247.73519068395,70266.0553062934,72544.445
2024-08-03,27,19,129734.17,65203.49189831406,75627.61938421709,73525.4
2024-08-10,27,19,18977.23,69201.57169569653,69710.95967298634,71881.875
2024-08-17,27,19,46897.33,77749.1575144456,75236.23060187523,71508.2
2024-08-24,27,19,11143.16,66652.9937537137,75054.37471763404,68656.78
2024-08-31,27,19,95146.37,73860.39822450216,68489.56724579318,69210.5
2024-06-01,27,20,50619.93,67152.41113183377,65444.820957316195,70676.11
2024-06-08,27,20,89348.16,64363.550999309904,61735.94544268779,72010.26
2024-06-15,27,20,127805.79,58388.21564556646,60218.925135311816,60706.023
2024-06-22,27,20,62837.45,57294.312734889674,68763.9420614242,75149.01
2024-06-29,27,20,27614.48,65138.70623126838,67899.10647662639,76588.4
2024-07-06,27,20,123057.52,80395.34617666749,92435.0417617679,87968.64
2024-07-13,27,20,80373.28,68503.83734182734,67379.38871726781,72096.52
2024-07-20,27,20,99733.35,62662.49370360116,67958.87803748153,77354.72
2024-07-27,27,20,125300.79,73695.38087092145,67289.07630505571,73898.34
2024-08-03,27,20,121156.57,72058.86843573253,70062.37151558546,67495.6
2024-08-10,27,20,72190.28,70459.41186317906,71356.86121786154,68904.11
2024-08-17,27,20,93647.83,77016.49439501378,71072.41867805201,71208.695
2024-08-24,27,20,59279.11,74179.65923682836,72553.57688542224,71805.39
2024-08-31,27,20,119329.05,82302.18338330853,70557.67803845859,74631.91
2024-06-01,28,1,6868.86,23946.722013493258,21624.321100099976,19127.424
2024-06-08,28,1,15177.82,21330.900175374925,22964.494672654964,18974.938
2024-06-15,28,1,10913.46,20784.29179545804,22531.312495065715,19234.19
2024-06-22,28,1,10005.47,19208.778497406594,20992.16861737421,19391.494
2024-06-29,28,1,4273.62,20699.64630235931,23659.95858042483,19350.33
2024-07-06,28,1,29570.45,41354.013886994406,21303.50385794067,25121.688
2024-07-13,28,1,36003.2,21497.572807301847,23546.062112413063,19060.037
2024-07-20,28,1,28656.56,23194.573165809277,20573.773122907987,19658.832
2024-07-27,28,1,3335.96,24945.512435139906,23746.79288771838,19851.697
2024-08-03,28,1,24175.73,27167.43538252035,23644.037724896873,18707.734
2024-08-10,28,1,10310.64,26611.740485300703,23116.77929148939,19342.031
2024-08-17,28,1,9361.5,21435.792110019538,23478.71716642173,20327.598
2024-08-24,28,1,37079.31,22597.236668661215,23026.403328627726,20795.838
2024-08-31,28,1,22754.3,26772.19602775186,23399.277832867516,22255.795
2024-06-01,28,2,37013.97,27712.911266681607,23481.8405526771,22926.617
2024-06-08,28,2,17729.86,25425.969905577324,24336.990264394786,23621.85
2024-06-15,28,2,7361.02,25071.06626773381,24449.321208269874,22990.033
2024-06-22,28,2,33011.27,22006.321784623557,23649.557692566974,21642.664
2024-06-29,28,2,38725.51,26224.165089515845,23578.624452748416,22743.453
2024-07-06,28,2,52212.27,48689.34482418275,34109.2457751576,31677.102
2024-07-13,28,2,9510.29,29542.934556552304,27745.466508565925,27002.178
2024-07-20,28,2,6823.52,29377.538946735323,27230.120670768898,26101.904
2024-07-27,28,2,11008.88,30818.0281108247,27849.1648941029,25400.766
2024-08-03,28,2,33935.68,31997.59310865576,28388.179777443158,24671.178
2024-08-10,28,2,20543.31,29781.460897554956,24308.806894353223,23591.512
2024-08-17,28,2,9604.69,25066.935298460507,26514.35594862577,24230.36
2024-08-24,28,2,11400.65,24998.383623536247,23717.113089031627,22920.531
2024-08-31,28,2,20011.33,24732.68925640404,24276.119790924593,22681.266
2024-06-01,28,3,17401.82,30136.09229647965,26728.696281722925,24502.559
2024-06-08,28,3,31892.69,25714.56726247059,25493.602901263777,23933.348
2024-06-15,28,3,32475.07,25259.27144381105,24495.70881159593,24103.545
2024-06-22,28,3,4939.06,24371.30442417138,25975.42785582181,23442.625
2024-06-29,28,3,32987.65,25778.190363832968,24205.350879443482,23305.752
2024-07-06,28,3,16361.19,47060.926103868034,31624.99221716365,29484.436
2024-07-13,28,3,22303.63,26366.03042092234,24149.21034027728,23129.445
2024-07-20,28,3,30877.32,26440.216482248616,25186.552981303303,22853.176
2024-07-27,28,3,23857.97,27822.16383216207,24296.34535589146,23025.559
2024-08-03,28,3,39898.39,29790.13809200214,24606.54947708472,23710.637
2024-08-10,28,3,15507.38,28888.05963320451,26134.5529554743,23906.354
2024-08-17,28,3,35445.78,23298.416233531352,24479.690723587064,22375.746
2024-08-24,28,3,23018.77,27200.461668870776,26422.1418250523,24145.45
2024-08-31,28,3,27685.01,28107.808896033523,26140.112733744507,24493.568
2024-06-01,28,4,29047.3,27069.37354734745,24416.851403559944,23381.033
2024-06-08,28,4,36222.81,24624.092642670606,24473.74865667974,24992.885
2024-06-15,28,4,11645.4,25772.6292575033,27245.52273086576,24867.03
2024-06-22,28,4,37396.66,21629.202266179724,24346.209792358102,23707.889
2024-06-29,28,4,14396.64,26181.12016842149,25237.84279938693,24168.895
2024-07-06,28,4,42498.6,46720.62621380532,32850.71714534901,29798.816
2024-07-13,28,4,17566.71,27191.899294395203,27329.580602889084,25703.861
2024-07-20,28,4,20240.03,28085.480531237474,27617.724207553823,25135.44
2024-07-27,28,4,38519.55,29640.83324997287,27429.25565047225,25360.814
2024-08-03,28,4,42208.98,32661.67007991767,27489.997280165586,24951.012
2024-08-10,28,4,7298.22,31100.90063727626,27912.090225568496,25491.193
2024-08-17,28,4,12832.73,26187.220534367232,27668.50768331292,25123.2
2024-08-24,28,4,42913.78,27233.07283267915,26249.02475609714,23884.34
2024-08-31,28,4,27033.03,30832.048368482036,28215.575347512415,25376.758
2024-06-01,28,5,28055.77,31113.870129101088,27400.247063247,26416.504
2024-06-08,28,5,45133.55,25850.111317641116,27317.290628179922,25933.307
2024-06-15,28,5,10119.04,28007.01913838499,27776.286504194777,26622.566
2024-06-22,28,5,6365.1,25684.94761523256,27789.54428081605,26212.352
2024-06-29,28,5,39173.5,27235.79271328306,25684.81037373483,24331.615
2024-07-06,28,5,13940.77,48830.48026296535,36311.260347988624,32067.293
2024-07-13,28,5,38176.28,26339.589380087033,24974.217075277746,25218.488
2024-07-20,28,5,29348.08,27280.334428820934,26662.123976239796,24406.45
2024-07-27,28,5,40964.93,29655.02862916154,27050.069236145155,25327.379
2024-08-03,28,5,38100.92,32200.32074057195,27434.82566759843,25398.451
2024-08-10,28,5,10783.55,29131.3720976247,28105.16581009872,25618.693
2024-08-17,28,5,9082.8,25694.02481365815,27710.252342937536,25973.92
2024-08-24,28,5,8169.98,28764.567610231476,27496.699631834923,25422.695
2024-08-31,28,5,6815.77,28115.858103797582,25213.70439031314,26038.0
2024-06-01,28,6,13642.0,29631.487101668936,27881.28492158429,27776.072
2024-06-08,28,6,25598.05,25787.16110581847,26676.11329773837,26666.611
2024-06-15,28,6,29140.24,25290.318232102414,25566.443948180382,25444.098
2024-06-22,28,6,28221.19,24082.592237469013,27567.857284249494,25703.223
2024-06-29,28,6,41681.72,25555.321811500435,25060.70914316898,25546.178
2024-07-06,28,6,58648.02,48493.60582417464,37710.600688501436,36387.11
2024-07-13,28,6,47616.14,31478.531867270824,32794.88249999221,28015.418
2024-07-20,28,6,37562.18,31511.014496678334,32662.793376495792,27852.59
2024-07-27,28,6,41920.73,33222.576573570805,31386.96576289326,28538.223
2024-08-03,28,6,42159.04,37682.337385593215,33508.778809344134,29687.285
2024-08-10,28,6,45657.21,36515.21246566498,33687.41322847922,29436.0
2024-08-17,28,6,43961.11,32405.628768465773,36265.30426541728,29776.363
2024-08-24,28,6,11249.05,34967.7682400374,35920.60775111488,30477.559
2024-08-31,28,6,41419.7,36682.50403555614,35337.72293320085,32204.404
2024-06-01,28,7,5810.24,29682.047130397186,27891.936955614812,27662.918
2024-06-08,28,7,18405.5,24783.231945468156,24638.404082692126,26619.156
2024-06-15,28,7,10539.92,24620.343134415052,24367.41805493452,24643.127
2024-06-22,28,7,8240.9,19612.982271849207,24374.95626886637,24602.4
2024-06-29,28,7,32596.15,21223.200906912163,24116.773069022707,23575.219
2024-07-06,28,7,16442.14,44415.1145060193,32044.29081518454,30510.629
2024-07-13,28,7,14314.66,22674.346186713185,24493.17138615154,24168.406
2024-07-20,28,7,11858.87,21003.245264633282,20674.085759717113,22749.553
2024-07-27,28,7,43856.37,23486.954782240246,22376.942744104745,22726.166
2024-08-03,28,7,48712.87,28871.373963942235,24635.998794840638,25095.184
2024-08-10,28,7,5062.3,29510.739242512158,28629.537349743256,27797.29
2024-08-17,28,7,40466.43,24297.18179438069,26728.63315909707,28028.953
2024-08-24,28,7,35911.63,28375.329141225724,29513.46380858832,28341.994
2024-08-31,28,7,12853.91,30039.213378255903,29393.23481049114,29718.467
2024-06-01,28,8,20891.7,34559.04842522001,33544.903252791875,31844.787
2024-06-08,28,8,14748.41,31561.51684897558,33372.52339738404,31227.838
2024-06-15,28,8,49034.99,28405.28167046891,28642.878639677318,28805.676
2024-06-22,28,8,26545.04,27575.349765906474,29473.091377530935,29180.332
2024-06-29,28,8,8713.43,30161.68817430421,31273.60864763833,30246.818
2024-07-06,28,8,53423.09,49177.13452376723,36564.37623923138,36246.69
2024-07-13,28,8,25617.93,29789.570788210287,29914.985999083725,30483.02
2024-07-20,28,8,18381.53,30207.49711277301,28447.795640497396,29127.15
2024-07-27,28,8,18836.04,30956.176287961607,28143.722321505935,30168.205
2024-08-03,28,8,39773.98,33301.56911861953,28287.64975867959,29122.887
2024-08-10,28,8,13904.78,32080.663190473097,28475.670000458224,27989.264
2024-08-17,28,8,14169.97,24796.348845363544,27646.260061944995,27770.812
2024-08-24,28,8,43078.35,26059.664669175676,25729.095044940397,27237.852
2024-08-31,28,8,19654.19,30329.614556756605,28309.10906555928,28878.443
2024-06-01,28,9,47315.25,33007.43477843977,31417.885669947053,31382.191
2024-06-08,28,9,11079.47,30449.76816263477,32520.519288420306,31236.111
2024-06-15,28,9,6451.15,29121.559721140453,32341.00676778378,32016.422
2024-06-22,28,9,15622.76,26405.759593639406,29010.27456753936,30290.102
2024-06-29,28,9,21850.15,29479.601161416183,28183.650295754513,29608.275
2024-07-06,28,9,44330.81,47858.32821151897,35158.236368277714,37292.832
2024-07-13,28,9,31527.92,29332.584412587057,28026.41725667112,29848.719
2024-07-20,28,9,20939.47,27628.86225038088,27931.64044970961,28396.154
2024-07-27,28,9,12909.46,28207.26093105247,26799.228090291257,27409.04
2024-08-03,28,9,22718.29,29125.696223979263,25591.698970343154,25488.953
2024-08-10,28,9,9851.13,27656.430956551092,25702.522712679158,27313.932
2024-08-17,28,9,52477.01,22690.952338985553,25632.439641351873,27813.807
2024-08-24,28,9,21270.67,28856.991535740264,29135.655166826262,30579.543
2024-08-31,28,9,38317.17,29481.272273070877,28204.32694986024,29698.979
2024-06-01,28,10,52823.83,38614.16692270996,35861.50965394203,35971.05
2024-06-08,28,10,39896.59,33079.03317378526,36183.580192439134,33011.816
2024-06-15,28,10,5875.62,33094.00837956274,35624.77530326748,32845.355
2024-06-22,28,10,21860.3,31109.14934553404,33677.339513839244,33513.73
2024-06-29,28,10,52281.52,34105.994284334316,34278.52073661815,33296.535
2024-07-06,28,10,39374.55,57800.32700266735,43668.925709926785,46785.918
2024-07-13,28,10,52501.38,35206.233062022846,35328.6661086087,33728.31
2024-07-20,28,10,39672.48,33790.643630130005,34378.832769566005,32282.541
2024-07-27,28,10,30344.98,34581.90546154114,32517.114321059915,31368.777
2024-08-03,28,10,35831.17,35531.248831875135,31750.963386225663,31480.59
2024-08-10,28,10,52368.15,34289.323209149064,32100.600185754854,31337.904
2024-08-17,28,10,32341.64,32362.57659220096,34433.60459926402,32963.03
2024-08-24,28,10,42455.84,34628.67808233027,35337.38667915769,33659.535
2024-08-31,28,10,44914.95,35027.89820752976,34209.775503943296,32852.426
2024-06-01,28,11,18147.89,32374.41211826659,31156.11851865198,32117.172
2024-06-08,28,11,8723.94,29631.623668388012,33737.337480089394,32555.766
2024-06-15,28,11,50968.12,29057.08727445156,29067.956228162446,31274.371
2024-06-22,28,11,15400.13,30992.255892208916,33983.06607572003,33255.96
2024-06-29,28,11,22572.45,31464.297123508783,33777.67338859667,33534.062
2024-07-06,28,11,14401.22,51273.934241193834,42569.38386996086,41846.316
2024-07-13,28,11,14213.76,28171.715118016313,28472.470572695558,29626.766
2024-07-20,28,11,21028.39,25011.482202979336,25459.555364813372,27896.238
2024-07-27,28,11,29357.74,25885.383297038832,24849.163103714767,26225.855
2024-08-03,28,11,23912.97,29069.194447935246,24998.641764548247,28343.877
2024-08-10,28,11,50535.4,27917.41043294732,25695.960569809646,27943.03
2024-08-17,28,11,25356.14,23883.948840707475,28143.51909451176,28087.713
2024-08-24,28,11,39339.59,26072.352728992337,28409.17201582681,29266.615
2024-08-31,28,11,5253.61,28409.730455336226,28874.97268281208,30024.764
2024-06-01,28,12,55990.0,36180.82284836495,35939.82480735611,34435.195
2024-06-08,28,12,10562.8,32768.0929797346,35213.76923941261,34840.96
2024-06-15,28,12,37027.52,31062.58420585077,34320.38002838709,34141.754
2024-06-22,28,12,5630.2,28285.50504641139,33605.34113739605,33586.535
2024-06-29,28,12,58232.8,30619.10373509909,30359.81805504047,31653.746
2024-07-06,28,12,45883.9,51261.755996851505,39461.395747019065,41135.164
2024-07-13,28,12,13601.11,32011.94138648708,34478.16943709371,34543.207
2024-07-20,28,12,59479.5,30765.825127945936,31402.686089632298,32723.494
2024-07-27,28,12,19437.7,36031.18655754995,35388.118354719314,33992.223
2024-08-03,28,12,55758.86,36009.3471077697,34975.700385143056,36088.555
2024-08-10,28,12,14411.19,37263.408709486655,36194.801392361296,34487.113
2024-08-17,28,12,12924.49,31362.02226940092,35341.34894665658,34072.926
2024-08-24,28,12,14835.08,32936.53354376276,35093.73610440836,34737.188
2024-08-31,28,12,19685.27,32180.47757822828,28602.228001126598,31913.816
2024-06-01,28,13,43984.17,29217.37772051982,27614.599054427035,30308.342
2024-06-08,28,13,31705.03,27039.693273154022,27919.269286456147,31347.98
2024-06-15,28,13,57086.19,26433.22510780232,28030.33860352401,30430.773
2024-06-22,28,13,52954.57,27326.40054656024,35959.02543899835,32937.836
2024-06-29,28,13,60620.86,29268.76416790324,34604.7894877584,32591.564
2024-07-06,28,13,32148.5,52941.70007608299,41004.70017560914,44544.39
2024-07-13,28,13,43057.77,33844.01745932292,36784.23792184143,34793.758
2024-07-20,28,13,22882.02,36185.35244742565,34879.70265570972,35449.727
2024-07-27,28,13,6696.69,39452.97033975351,36794.55638258973,36126.26
2024-08-03,28,13,61466.98,39189.77846112525,35183.80149299286,34865.95
2024-08-10,28,13,21876.2,41101.26881042736,37065.350350163855,37179.348
2024-08-17,28,13,40913.23,33149.055517692155,36291.75752107166,35255.84
2024-08-24,28,13,18480.43,33601.49034681356,36325.23199424627,36341.555
2024-08-31,28,13,49034.15,32120.267233961516,34460.17345107918,34642.973
2024-06-01,28,14,18977.82,35323.06495621701,33375.81485397609,34960.273
2024-06-08,28,14,34357.75,31450.206998103815,36112.929235932956,34255.457
2024-06-15,28,14,28042.72,29740.070570251788,31874.51412449045,32648.564
2024-06-22,28,14,42159.27,25891.230421103282,30147.38566538084,30643.838
2024-06-29,28,14,13873.8,29034.78928438687,29860.096844351334,31659.701
2024-07-06,28,14,10054.12,49775.861175567195,38028.36613743738,40192.86
2024-07-13,28,14,61523.01,28242.48354135685,29080.52410184113,31040.229
2024-07-20,28,14,61636.9,31937.293654525747,32017.92105547242,34921.17
2024-07-27,28,14,56250.13,35987.434567191696,35709.02079759047,36065.73
2024-08-03,28,14,62612.51,39058.20524249,35929.84089520686,36313.715
2024-08-10,28,14,15640.17,35980.612533863685,38089.417304794704,36093.086
2024-08-17,28,14,31879.88,33698.69281269407,36013.24742416692,35375.04
2024-08-24,28,14,63661.28,35500.90873609741,35585.07886888635,35754.54
2024-08-31,28,14,45155.37,40914.197685471634,37499.01725577888,39226.656
2024-06-01,28,15,40808.04,37221.287436333805,37758.81853222354,37055.23
2024-06-08,28,15,26803.35,33129.43410573973,35246.38865480504,36005.664
2024-06-15,28,15,65859.09,30510.17325685884,38080.20860826476,34951.082
2024-06-22,28,15,8205.86,29908.61816868384,36742.08942345039,36820.363
2024-06-29,28,15,23442.6,32831.745436703255,35477.16097159347,36924.22
2024-07-06,28,15,17042.71,54287.683622201956,46109.13031802535,47456.215
2024-07-13,28,15,57567.07,31733.604531814017,32764.362978784255,33685.35
2024-07-20,28,15,35411.91,31899.65752612916,36076.583584051245,35915.87
2024-07-27,28,15,18243.2,34647.54702841331,34636.332107498616,35737.04
2024-08-03,28,15,43869.47,35227.04856087496,34722.65392113189,36041.582
2024-08-10,28,15,53350.68,34785.5176753692,37257.24392370154,34862.93
2024-08-17,28,15,15275.75,28651.345439029144,34831.19652077618,34340.203
2024-08-24,28,15,42152.91,31210.274158845772,34898.33059160042,36620.3
2024-08-31,28,15,43547.11,33750.37076368726,35366.4641727042,36235.074
2024-06-01,28,16,64480.37,34733.631433941635,36570.28555902798,37259.18
2024-06-08,28,16,67821.36,35001.21026619655,38483.3582663821,38630.867
2024-06-15,28,16,16838.55,36033.62787779535,37545.13631747153,38136.79
2024-06-22,28,16,20894.15,34008.40180705711,37668.2512656315,37118.094
2024-06-29,28,16,44003.33,34964.66445401057,36768.15537222652,37535.016
2024-07-06,28,16,71783.07,56647.43231108576,46166.7694047226,51558.926
2024-07-13,28,16,12257.45,38906.09307290425,38679.699378748286,39659.42
2024-07-20,28,16,11405.81,36026.588540612465,36229.99325094562,37916.105
2024-07-27,28,16,61735.35,38856.71231885957,39577.421519599884,38285.656
2024-08-03,28,16,64579.48,41991.073014976806,39137.97688736929,38134.207
2024-08-10,28,16,44438.24,38939.13413355198,38532.25773755244,37561.67
2024-08-17,28,16,31885.84,34136.75617541096,37111.278219335014,39224.88
2024-08-24,28,16,51090.68,35688.27468701105,36542.50215459418,38114.434
2024-08-31,28,16,59390.28,37473.916375473265,36085.392340211285,38645.11
2024-06-01,28,17,62709.16,30567.656628904537,34250.12977629008,33671.953
2024-06-08,28,17,16397.97,31218.788973841736,36601.803424923804,37170.215
2024-06-15,28,17,15003.8,31614.060358561263,35143.376315963615,36949.305
2024-06-22,28,17,47698.94,29501.155805691546,34903.83864744028,36672.93
2024-06-29,28,17,18291.7,32787.421550068386,34994.7879235912,36341.824
2024-07-06,28,17,58076.44,49550.238697687055,36194.01289671778,39919.34
2024-07-13,28,17,44730.42,31986.49705509108,35210.53503394706,36639.15
2024-07-20,28,17,30660.75,32028.673651462115,35336.60956316011,35518.68
2024-07-27,28,17,32025.37,35200.55417969647,36344.855738698905,36840.95
2024-08-03,28,17,38309.85,35275.07143911426,34250.670057137024,34864.734
2024-08-10,28,17,25405.75,34370.04093408803,32071.775564446034,35123.906
2024-08-17,28,17,26596.47,29692.411933366515,32680.378417190044,35159.383
2024-08-24,28,17,5814.02,30409.9668763535,32206.95467324626,35631.51
2024-08-31,28,17,10907.01,32268.629879892746,34720.514921742106,34985.367
2024-06-01,28,18,20224.79,37488.43840400496,38003.88460049271,39767.45
2024-06-08,28,18,20033.21,32185.7378524987,39715.73008557808,38737.336
2024-06-15,28,18,7122.04,29117.888146546917,35426.95332712862,36837.598
2024-06-22,28,18,33199.67,25822.650021324327,35988.72411065411,34728.004
2024-06-29,28,18,23422.0,29377.1399979305,36091.845017585525,35186.516
2024-07-06,28,18,70075.08,47352.416799154445,41885.02819938034,39870.984
2024-07-13,28,18,45145.55,29281.167633689118,38629.34437201091,36643.277
2024-07-20,28,18,8654.02,29716.679343388198,35297.578521281466,37752.082
2024-07-27,28,18,26525.12,32323.157799983943,38043.20350429815,38620.066
2024-08-03,28,18,6206.48,35937.61617635418,38551.183329361564,37967.12
2024-08-10,28,18,72448.48,32657.69978124224,36212.758455257914,36950.805
2024-08-17,28,18,71486.36,33481.64789455739,41900.660070576574,40719.812
2024-08-24,28,18,40148.79,37576.241010017926,37642.09734293443,42037.887
2024-08-31,28,18,46533.68,38444.79908700579,37261.41232316417,42048.168
2024-06-01,28,19,70711.23,37443.7211613441,38626.8469919661,40452.38
2024-06-08,28,19,36585.2,35290.88917997425,38665.948922167496,40254.04
2024-06-15,28,19,28136.39,36508.39843997528,37664.9689175566,40542.098
2024-06-22,28,19,33947.58,33325.561114063996,38001.81251793095,39567.027
2024-06-29,28,19,26108.08,34653.906447870286,36000.979771695675,39749.31
2024-07-06,28,19,56423.97,54447.00728697368,42729.97289385784,51376.82
2024-07-13,28,19,40357.75,35738.9579943173,39189.44968913939,39889.684
2024-07-20,28,19,31103.32,34008.034002928005,36512.22860535934,39000.754
2024-07-27,28,19,55974.55,36762.90273202134,37408.64832245957,38890.746
2024-08-03,28,19,9957.68,38163.10314642822,35965.205515405396,37976.65
2024-08-10,28,19,36452.04,35989.081912778354,36611.482839850374,39402.688
2024-08-17,28,19,26008.95,31620.07111616571,36629.90926084187,38832.27
2024-08-24,28,19,43497.34,33535.86987209751,36155.84209461327,39337.75
2024-08-31,28,19,59922.68,34507.98550977492,36627.24156254218,38533.684
2024-06-01,28,20,49453.26,33745.36195676722,33658.85265290101,36737.992
2024-06-08,28,20,75981.78,32149.49097701854,35067.317621481314,39370.824
2024-06-15,28,20,51116.74,37786.30830466807,42071.31779025986,43180.055
2024-06-22,28,20,10677.54,34192.90325242765,39216.02907765704,43615.484
2024-06-29,28,20,42572.96,35114.44736712821,36566.510316358675,40886.004
2024-07-06,28,20,73218.8,58143.28729557992,50690.9507703417,54728.58
2024-07-13,28,20,20247.72,39290.36464041594,41800.87019348906,44339.598
2024-07-20,28,20,34309.66,37627.20311710597,39094.513865065404,41914.51
2024-07-27,28,20,37833.46,40846.960533946025,37904.29110775568,42665.176
2024-08-03,28,20,41289.59,42812.85158151919,40196.003609301486,42829.094
2024-08-10,28,20,68585.44,36244.779266463236,35258.43056660835,40222.73
2024-08-17,28,20,19984.02,33325.94527808139,38811.76959550494,40566.96
2024-08-24,28,20,27328.82,36263.291008391076,38892.06848443401,42977.477
2024-08-31,28,20,20700.44,36848.71604992873,39719.88430247088,41731.934
2024-06-01,29,1,21827.99,20743.122059644593,18203.75258891429,17161.453
2024-06-08,29,1,13628.17,18983.669448369597,18110.039003447608,17100.771
2024-06-15,29,1,18632.04,23071.532174277323,16999.79858434708,16176.121
2024-06-22,29,1,26090.91,18341.188787563842,16674.610622443368,16496.238
2024-06-29,29,1,12230.28,12161.265924204796,16349.974364160744,16393.035
2024-07-06,29,1,15846.19,35712.68465641355,30024.930567662766,20463.12
2024-07-13,29,1,25159.4,17047.402323647984,19863.509922197816,17150.766
2024-07-20,29,1,15886.75,22137.712770000493,19211.061714335403,17267.527
2024-07-27,29,1,29619.13,16323.579397019865,20186.19895179981,17379.709
2024-08-03,29,1,24558.46,22078.377243190516,19991.682321428252,17531.88
2024-08-10,29,1,8191.49,21047.62993153336,20086.831766581705,16971.154
2024-08-17,29,1,9055.52,20418.49560103417,20315.73829915078,17262.703
2024-08-24,29,1,4642.59,16911.661314942503,17007.999420380624,16259.923
2024-08-31,29,1,7790.77,20916.39601243881,18247.24794025193,17562.361
2024-06-01,29,2,4046.5,21647.823849807755,19645.96204797572,18292.824
2024-06-08,29,2,19807.86,18099.158351169208,18510.51067718894,17011.352
2024-06-15,29,2,24667.45,23374.494733996522,17830.577185409584,17436.123
2024-06-22,29,2,27230.15,18803.96300367608,17929.498592091863,17225.406
2024-06-29,29,2,20382.36,12295.94496592251,17301.635199358458,16925.416
2024-07-06,29,2,10380.25,34850.77966164546,31372.40403185602,22284.074
2024-07-13,29,2,8637.35,16657.646734232978,16107.108184182973,16597.701
2024-07-20,29,2,24496.72,21148.716626390153,17659.827157320105,17329.223
2024-07-27,29,2,8784.71,16459.04810967409,18365.624964897037,17068.959
2024-08-03,29,2,27015.11,21648.210380841294,20049.897198599385,18692.48
2024-08-10,29,2,18150.74,20730.72163197623,20510.296866565965,17730.334
2024-08-17,29,2,10279.06,19585.233536548396,19856.33160798594,17632.73
2024-08-24,29,2,17725.7,15284.597545972167,18520.662598818722,17215.559
2024-08-31,29,2,30080.12,19721.173142160216,17262.13853937478,17047.56
2024-06-01,29,3,22246.85,22899.14150917212,21769.311269654987,19567.945
2024-06-08,29,3,24696.99,21156.65825275681,21846.843488194732,19565.777
2024-06-15,29,3,20327.69,25519.591437882453,21807.497865940284,19490.932
2024-06-22,29,3,31082.97,21144.147109995494,21839.878445437294,20313.162
2024-06-29,29,3,8290.32,15749.277034846586,21890.351145136665,19917.95
2024-07-06,29,3,32483.21,38792.044548534264,26850.916486826394,24622.002
2024-07-13,29,3,29368.54,19866.631645336092,22054.7048391697,19753.1
2024-07-20,29,3,24509.74,24768.342499521663,21943.650149419893,20250.854
2024-07-27,29,3,33228.59,19753.331332524052,22216.480155129157,19473.99
2024-08-03,29,3,8069.98,24584.154893571496,24469.388540437143,21878.12
2024-08-10,29,3,21289.82,23216.1610205435,22224.271157243424,19463.953
2024-08-17,29,3,30010.93,22864.4434180439,22185.172298468202,19264.475
2024-08-24,29,3,30907.29,20158.23295250762,22367.44559965179,19560.016
2024-08-31,29,3,17686.1,25565.136960404794,25025.917891288645,21769.639
2024-06-01,29,4,18888.7,24023.81906261322,22890.937873207484,20499.941
2024-06-08,29,4,29886.36,21134.734591032706,22322.061975508874,19829.035
2024-06-15,29,4,19541.45,26640.715445077018,22554.641998711293,19756.824
2024-06-22,29,4,33485.64,21189.567858748407,22633.438805922528,20162.22
2024-06-29,29,4,26747.2,15033.410693368278,22579.384074686623,20176.41
2024-07-06,29,4,26313.17,39555.97654719062,31927.747038267193,26826.584
2024-07-13,29,4,33892.78,20405.761256221384,25386.243835892026,21849.332
2024-07-20,29,4,33780.46,25136.068374402625,26041.840770230127,21605.148
2024-07-27,29,4,12794.86,20755.48995329994,26756.08470862438,22624.54
2024-08-03,29,4,16497.09,26344.88658093822,25975.974791818666,22572.984
2024-08-10,29,4,8525.09,24495.69984331177,26017.413342154774,21866.002
2024-08-17,29,4,20957.68,23616.380430521145,23053.3975619118,20038.305
2024-08-24,29,4,10125.48,18694.84028591866,22884.536685718584,21046.861
2024-08-31,29,4,3860.63,22159.175235031347,22749.55160468424,20332.404
2024-06-01,29,5,23445.57,21945.861341136137,18616.68375104945,19199.662
2024-06-08,29,5,8197.14,19304.380069555096,19191.79155543311,19314.553
2024-06-15,29,5,20372.58,22779.00533300924,19477.835599604903,18764.895
2024-06-22,29,5,6753.44,18630.21765059031,19090.787449843505,18834.791
2024-06-29,29,5,30296.68,12303.217576641164,17833.612204179288,19692.65
2024-07-06,29,5,21553.51,36846.973440918424,29279.009010257145,24334.225
2024-07-13,29,5,23829.64,18069.79636051051,22927.518299748543,20485.791
2024-07-20,29,5,13480.31,23431.20813910885,22849.169190803274,20460.605
2024-07-27,29,5,22832.28,16408.852930898618,22774.316605876727,19477.848
2024-08-03,29,5,5705.51,21217.523308412412,22807.46344459286,20231.412
2024-08-10,29,5,12707.96,20243.63759374674,22459.520761495627,20232.783
2024-08-17,29,5,20315.31,19153.66077075706,18544.4309286491,19634.52
2024-08-24,29,5,23610.08,17189.932923648987,23077.35182960368,20483.143
2024-08-31,29,5,9684.37,20983.13116553134,22626.643301751268,20836.658
2024-06-01,29,6,22976.89,24411.55575937278,24282.39689087682,22371.074
2024-06-08,29,6,32011.25,23519.94005091351,26803.932350927447,23296.316
2024-06-15,29,6,22773.21,28821.58292405391,25996.24883985737,23662.441
2024-06-22,29,6,8899.09,22742.464025380956,26105.20556070699,22701.63
2024-06-29,29,6,36673.82,15406.156362068163,23122.547835830563,21491.676
2024-07-06,29,6,33227.85,40704.88127503817,28663.725222165696,24959.498
2024-07-13,29,6,19717.27,21498.40766536451,24572.33334417801,22295.295
2024-07-20,29,6,26881.97,25539.765649063098,23977.288843660728,21697.605
2024-07-27,29,6,36896.68,20125.212479097318,26058.222777891504,23117.96
2024-08-03,29,6,24738.27,26169.651991281295,26131.821367726185,23695.646
2024-08-10,29,6,8719.2,23848.342559877463,26336.379310419452,23592.584
2024-08-17,29,6,27060.4,23439.276901338715,24065.16376479259,22018.607
2024-08-24,29,6,24875.69,21916.557133312504,26052.923762999253,22811.957
2024-08-31,29,6,30679.64,25071.82168653953,25916.53736685473,23349.785
2024-06-01,29,7,8772.95,25739.26765762589,24141.88969394552,22141.898
2024-06-08,29,7,31483.74,22766.43901504572,23131.553354625645,21728.357
2024-06-15,29,7,21111.78,28445.754417769145,24964.179748612223,22855.107
2024-06-22,29,7,17844.76,23071.747541378325,24220.770156225128,22193.307
2024-06-29,29,7,10564.77,14944.998032393534,23380.41380625925,21317.744
2024-07-06,29,7,4657.89,37090.60350159418,26910.223963549954,27058.057
2024-07-13,29,7,3605.72,16103.461308004138,18762.74064766292,19448.361
2024-07-20,29,7,4826.46,20176.531487586806,18915.631344811045,19316.875
2024-07-27,29,7,17274.28,13503.380653438631,20022.574535495994,18251.238
2024-08-03,29,7,22148.23,19455.948530086214,19290.780146268502,18113.658
2024-08-10,29,7,9383.64,17392.850457693217,18903.25118626305,18229.453
2024-08-17,29,7,3384.25,15689.377486414938,18433.469072946238,18147.393
2024-08-24,29,7,36427.25,11984.344885776944,19648.167723119255,17966.488
2024-08-31,29,7,18447.38,19456.773773536384,19039.408828173968,18496.742
2024-06-01,29,8,25610.6,24950.869881361818,23533.10650211289,23004.06
2024-06-08,29,8,5419.4,23098.71057455978,23649.59995374536,22660.754
2024-06-15,29,8,17242.57,26092.559589644086,22977.269412444537,21908.055
2024-06-22,29,8,41635.27,20773.043654759953,23278.909841182576,21295.295
2024-06-29,29,8,40972.7,15776.810788833376,23292.668026667616,22495.943
2024-07-06,29,8,37711.7,41032.29434318334,29039.921832241416,29953.91
2024-07-13,29,8,31692.05,22250.385609172765,26623.96800433527,24752.596
2024-07-20,29,8,5155.57,25734.794340358538,27541.522941394687,24844.713
2024-07-27,29,8,12712.52,21616.464398159376,26597.54472739382,25425.31
2024-08-03,29,8,22518.25,26327.753841562655,23815.614098999828,23916.656
2024-08-10,29,8,9730.56,25559.78320874281,26600.287470046213,24737.557
2024-08-17,29,8,27046.57,23507.85374323086,26235.457969939765,24254.021
2024-08-24,29,8,24194.55,19436.33013685057,23720.840177552298,22265.371
2024-08-31,29,8,40582.52,22670.675847384067,23302.68949791786,21625.543
2024-06-01,29,9,42826.54,22591.427348870195,23104.203349084222,22587.273
2024-06-08,29,9,41241.39,23201.620130396856,24628.879826336084,23822.309
2024-06-15,29,9,17343.32,27845.09189148899,25937.79318407871,24956.879
2024-06-22,29,9,11782.29,22643.56448743613,24476.717813394982,23736.217
2024-06-29,29,9,27254.59,17825.977884490938,25192.209551438118,25010.104
2024-07-06,29,9,58906.36,42608.802899102535,32456.996896254936,30298.361
2024-07-13,29,9,26859.95,26567.94687245148,30657.351944625694,29320.994
2024-07-20,29,9,31365.1,30644.2389417674,30955.01864413742,29383.877
2024-07-27,29,9,16302.62,24430.82894283766,29745.315841010633,28072.36
2024-08-03,29,9,15527.93,28864.198366154487,28231.597377613805,26726.246
2024-08-10,29,9,23999.03,24105.275110582486,26528.22244072231,24845.816
2024-08-17,29,9,5066.05,24336.90063022227,26710.978965030223,24983.871
2024-08-24,29,9,10861.4,20807.379733814618,26338.040399943213,25294.496
2024-08-31,29,9,33518.52,24189.206900202546,24475.55433688923,23999.275
2024-06-01,29,10,8667.09,29599.439837606624,29285.49326154082,28961.158
2024-06-08,29,10,16622.7,27155.775235335066,27011.740213742934,27150.154
2024-06-15,29,10,5572.21,30176.27137502886,26622.574646020836,26211.918
2024-06-22,29,10,24001.69,21790.26826734662,24163.69037990814,23620.795
2024-06-29,29,10,28932.21,14457.965145057457,23298.418963396736,22695.521
2024-07-06,29,10,40298.74,38426.57333763594,26701.598559611106,27889.473
2024-07-13,29,10,25111.84,19419.248433825443,23683.710176412667,22061.316
2024-07-20,29,10,18013.31,21808.233034769997,23128.84698014149,22096.666
2024-07-27,29,10,41736.92,17786.861396374225,23182.47923396589,22562.617
2024-08-03,29,10,23032.77,25757.558266888125,26182.985938274865,25208.607
2024-08-10,29,10,43508.97,24334.311983387437,26483.885210760633,25347.975
2024-08-17,29,10,26814.96,26581.12072271359,29150.75896385713,27493.582
2024-08-24,29,10,5111.77,23454.58718461932,29576.101664247977,27638.764
2024-08-31,29,10,30310.38,27251.953650159223,26872.970820686693,26513.588
2024-06-01,29,11,35599.52,23608.918183407426,23287.16338761668,23346.818
2024-06-08,29,11,45855.77,22222.592022813886,23796.165910116142,24057.719
2024-06-15,29,11,32762.95,28879.864823015538,26214.92838415449,26218.533
2024-06-22,29,11,22941.65,24336.436729005967,27254.927513614213,26017.414
2024-06-29,29,11,39684.27,18379.037949748847,27020.374196739962,26340.27
2024-07-06,29,11,24201.79,44779.46039089428,33865.10594405046,37278.184
2024-07-13,29,11,9730.03,24475.9510400715,27783.013018950693,27301.984
2024-07-20,29,11,13325.72,28367.013516455903,27170.05012446284,26395.826
2024-07-27,29,11,45246.5,23062.4392190757,27093.276428234094,25973.27
2024-08-03,29,11,33346.44,29037.09433447576,26812.12486445849,27560.922
2024-08-10,29,11,8499.02,26176.170600008358,26956.521954075462,27699.082
2024-08-17,29,11,34444.77,23991.922043491482,25064.47942181372,25321.443
2024-08-24,29,11,26473.86,21905.46271700685,27195.087413837984,26166.31
2024-08-31,29,11,42070.08,25056.67668403266,24273.46427431812,24714.969
2024-06-01,29,12,41252.72,25101.7780489964,24495.194281630647,24697.418
2024-06-08,29,12,27812.17,23777.822348895927,23850.28270938154,24516.604
2024-06-15,29,12,42710.92,28869.801855722464,26791.845605838127,26276.05
2024-06-22,29,12,7710.35,23130.854478610505,26493.77915080544,26199.188
2024-06-29,29,12,32332.47,16432.613995630796,24366.028754929943,25592.496
2024-07-06,29,12,18772.96,41742.38012693037,32943.47898158399,31295.473
2024-07-13,29,12,8684.98,22771.374378321343,27129.440892042654,27124.637
2024-07-20,29,12,26734.91,26416.023876828396,26351.770814825777,26317.238
2024-07-27,29,12,17706.37,21204.17818655209,26241.90788982491,25596.342
2024-08-03,29,12,10473.97,24131.63735186689,23729.240943593024,24256.926
2024-08-10,29,12,19198.19,21268.035110211145,23688.001270487894,23221.143
2024-08-17,29,12,4333.15,19359.978666585324,21103.316430202518,23137.854
2024-08-24,29,12,21874.89,16086.50875373956,19461.952523781438,22199.238
2024-08-31,29,12,25186.06,20073.813726558816,18590.043414511867,22778.648
2024-06-01,29,13,15992.63,28050.618623429997,26782.53406948874,27518.05
2024-06-08,29,13,44657.32,25218.834358469096,26545.301601351686,26801.951
2024-06-15,29,13,39710.47,30966.105990131247,26978.95684744478,27735.049
2024-06-22,29,13,47398.37,25417.840343542826,27932.730987585714,28346.734
2024-06-29,29,13,35776.73,21126.79689253836,29264.97120760945,29307.22
2024-07-06,29,13,56833.3,43827.21841090293,35155.9277487007,38939.62
2024-07-13,29,13,47563.29,26787.15233626873,29447.388246346152,29095.674
2024-07-20,29,13,31350.4,33288.2028059132,34089.18194349756,30731.074
2024-07-27,29,13,40942.73,27968.62750767982,31087.13202356012,30336.947
2024-08-03,29,13,42341.36,34971.962270562806,34394.40385821478,32434.803
2024-08-10,29,13,25895.91,32727.587195477732,34662.06984920041,32305.268
2024-08-17,29,13,7768.53,31372.61646114967,33818.19759825088,30757.625
2024-08-24,29,13,18611.39,27443.672993975706,32057.820634922864,30132.566
2024-08-31,29,13,32928.04,30971.888192482613,31457.364368105857,28583.979
2024-06-01,29,14,15104.68,31321.776487232994,29500.310482507422,30147.545
2024-06-08,29,14,35147.93,30235.821139334403,29665.31083269978,31230.893
2024-06-15,29,14,38319.59,33990.64074622439,29601.241418470083,30887.186
2024-06-22,29,14,43303.15,31077.264291558437,30457.463530489007,30695.477
2024-06-29,29,14,26152.48,23374.165838738896,30056.892745389017,30082.0
2024-07-06,29,14,6795.5,44585.64482907155,35248.28371162624,39469.652
2024-07-13,29,14,37346.97,24837.100528640076,27542.41301861284,29066.717
2024-07-20,29,14,5156.09,30616.795566068206,30578.683225681838,30394.764
2024-07-27,29,14,29733.79,22196.13625245144,26930.27790129411,28544.178
2024-08-03,29,14,19177.65,28048.451304722264,27157.940664673828,29381.668
2024-08-10,29,14,9436.99,25269.623937258453,26758.419932113462,26780.762
2024-08-17,29,14,13635.08,22033.62958135856,26508.61825870698,25207.465
2024-08-24,29,14,49734.68,17020.947021480715,26016.84712890924,23938.035
2024-08-31,29,14,37292.95,24596.19980181664,26285.89020075686,25692.559
2024-06-01,29,15,20432.27,24247.186042000583,24267.839125061175,26848.033
2024-06-08,29,15,19387.02,23491.497111608383,25742.489015430732,27101.459
2024-06-15,29,15,42237.42,25779.096714570478,23357.859460613363,26453.135
2024-06-22,29,15,14172.15,24287.13940066495,26544.56645893846,28335.951
2024-06-29,29,15,39888.64,17331.83563544781,26517.455665048325,27585.553
2024-07-06,29,15,61953.2,41962.637374478705,34211.62822587794,34496.758
2024-07-13,29,15,15189.89,25248.104783461968,30521.751311805914,30357.887
2024-07-20,29,15,53420.41,29247.303730674932,28970.299230528733,30975.93
2024-07-27,29,15,9730.31,25985.423813801375,31557.83703747665,31917.34
2024-08-03,29,15,31430.91,31970.740645311293,31273.12419204198,33257.836
2024-08-10,29,15,35797.09,29836.43371348129,29389.160331648076,31572.455
2024-08-17,29,15,43390.86,29273.383047356154,31118.399150501376,31816.842
2024-08-24,29,15,52744.12,26904.979597276913,31354.494851786338,31022.848
2024-08-31,29,15,12928.88,31076.419525141842,31908.651529157232,31795.705
2024-06-01,29,16,54068.66,29826.549909722882,29304.69084544089,31109.773
2024-06-08,29,16,20998.34,29482.876217151163,30971.28526042591,32199.16
2024-06-15,29,16,37033.42,34383.49500060782,30943.229069543144,32881.234
2024-06-22,29,16,21169.85,27985.160622566378,30795.94032531769,32018.719
2024-06-29,29,16,5361.02,19964.844237283505,30306.54455915815,29711.367
2024-07-06,29,16,29495.79,41166.71381920378,33405.722692933174,33825.152
2024-07-13,29,16,33904.23,22403.6286536446,28895.090083883017,28075.816
2024-07-20,29,16,25827.78,27293.760267112208,30547.550244987862,29030.734
2024-07-27,29,16,49580.33,22308.559052034398,29586.73150374596,28892.271
2024-08-03,29,16,33472.67,26743.259990731938,29418.623660416513,29063.984
2024-08-10,29,16,10305.89,25754.301669378467,28253.74681766403,28653.453
2024-08-17,29,16,46320.83,24626.75995836458,30513.419457122913,29158.207
2024-08-24,29,16,38821.09,24136.8348905084,30146.193565139038,30151.135
2024-08-31,29,16,11005.73,30336.02939374585,31105.42809906732,31766.643
2024-06-01,29,17,27753.9,33883.93634429958,34411.865854493444,32783.164
2024-06-08,29,17,37467.02,30213.52325194019,30123.294811267395,31863.084
2024-06-15,29,17,28094.3,36299.614754994225,34156.04820458747,32516.17
2024-06-22,29,17,36168.84,30701.910533283255,33537.94776795358,32889.67
2024-06-29,29,17,13507.56,22396.934126116103,29130.696799431425,30941.842
2024-07-06,29,17,7416.22,45253.67953133878,39399.19935189236,42187.773
2024-07-13,29,17,40957.29,25308.284967474465,29392.9119012676,30821.633
2024-07-20,29,17,16425.78,29893.216903204513,29601.20091025922,29873.432
2024-07-27,29,17,23054.27,21796.63592230447,28926.575547367436,28426.748
2024-08-03,29,17,20733.47,26132.06306850774,33232.06557985221,28205.467
2024-08-10,29,17,42462.94,23311.610692652634,27239.27599641448,27108.916
2024-08-17,29,17,42423.64,23606.86657482905,26719.121719556526,28018.816
2024-08-24,29,17,38494.11,20797.45579776408,30655.76111928864,29071.207
2024-08-31,29,17,18751.69,26482.86818943594,31342.57980142376,29485.76
2024-06-01,29,18,47487.66,30519.675734156524,30700.297141182356,32148.598
2024-06-08,29,18,45093.32,28992.99985204434,30201.916460811994,32223.273
2024-06-15,29,18,42041.39,35255.606246437565,32988.02339444376,33080.63
2024-06-22,29,18,31159.69,31582.42773502969,34236.97363406035,33669.77
2024-06-29,29,18,56429.74,23715.225575694807,32986.207917065345,31699.318
2024-07-06,29,18,16963.06,48913.46542621358,37123.25583565033,47616.332
2024-07-13,29,18,43215.61,28647.36094897263,31478.156683698144,33624.637
2024-07-20,29,18,9294.13,34181.18321924086,33646.24203746443,34656.438
2024-07-27,29,18,39492.48,28731.436148848763,32578.480660236746,33716.754
2024-08-03,29,18,42199.38,32148.255482578927,32851.017505227916,34349.273
2024-08-10,29,18,14438.55,30406.844812203213,30067.10916125753,33841.05
2024-08-17,29,18,11917.07,27754.529174233146,32630.75202454184,34717.773
2024-08-24,29,18,21294.46,23636.90112394616,37225.4122678077,31633.637
2024-08-31,29,18,31027.16,26044.20315652033,32373.459083620743,30437.688
2024-06-01,29,19,14719.08,26884.675099955442,28247.927638986297,30076.283
2024-06-08,29,19,19970.32,22504.64084837547,28023.342244530973,27786.977
2024-06-15,29,19,8523.47,27103.0332809869,28856.260604363124,28492.006
2024-06-22,29,19,12297.11,22386.236043391662,27767.749623120868,26875.76
2024-06-29,29,19,31721.78,14112.0884318903,26769.700506641137,25972.307
2024-07-06,29,19,32861.5,37124.999916356064,26093.11622767646,31918.408
2024-07-13,29,19,5911.44,18495.77972999403,26678.36728862302,27514.604
2024-07-20,29,19,16498.64,22706.478251159773,27415.360454819915,26633.896
2024-07-27,29,19,54015.79,17158.56969902519,25386.813443935953,26309.324
2024-08-03,29,19,44219.82,26239.997209988578,27430.52203470429,29160.6
2024-08-10,29,19,14553.73,25823.194958010485,28465.058217462436,31769.047
2024-08-17,29,19,39228.18,25087.014548915788,29672.47908854493,31717.031
2024-08-24,29,19,8931.82,23934.539487983726,30230.421739339035,31279.678
2024-08-31,29,19,8022.41,27392.471065912854,28375.86124168544,30979.9
2024-06-01,29,20,9588.33,31820.145699400004,31943.06767716461,34309.586
2024-06-08,29,20,36984.47,29907.335831102107,30753.00873697563,33891.734
2024-06-15,29,20,37281.15,32207.891564834223,30749.25041939639,33059.246
2024-06-22,29,20,33327.43,26730.62029361185,31419.801627074587,33167.1
2024-06-29,29,20,46010.47,19220.382538001024,31635.050105033326,32236.092
2024-07-06,29,20,58666.13,43393.77942238447,35632.9965617342,44180.176
2024-07-13,29,20,59326.41,25759.685288602253,30369.353264566114,32619.049
2024-07-20,29,20,47352.49,32527.757691920153,34428.845617340405,34850.812
2024-07-27,29,20,59493.34,27501.571551335524,36248.5838049875,35560.44
2024-08-03,29,20,46373.65,35885.08379680141,38540.5949738373,38862.188
2024-08-10,29,20,15334.1,35343.9253762109,38223.11751792103,37600.48
2024-08-17,29,20,21905.27,35600.503898390816,35973.066454499836,38902.465
2024-08-24,29,20,20245.08,32822.1036670803,39170.654072354744,38309.77
2024-08-31,29,20,24590.22,34848.44419420254,34851.01374302922,36700.9
2024-06-01,30,1,65634.5,42382.11609142594,38484.92523663517,37101.2
2024-06-08,30,1,55269.52,41751.09754486261,32380.36233054039,37487.72
2024-06-15,30,1,59529.16,44005.36305443669,37337.9308929602,37642.543
2024-06-22,30,1,13842.1,45578.43050676101,34529.19353499876,36758.703
2024-06-29,30,1,7431.55,46962.50399153271,37338.607094894076,37189.01
2024-07-06,30,1,42139.05,64012.0719344547,63695.66570181678,52356.516
2024-07-13,30,1,54455.71,45273.07014536114,36447.26921293757,35230.066
2024-07-20,30,1,45883.02,51294.43298554354,39160.48361021331,38347.54
2024-07-27,30,1,14416.1,48067.12562018027,39820.76486229961,37264.36
2024-08-03,30,1,55070.7,45034.03591968528,34874.003620981755,34323.98
2024-08-10,30,1,43393.87,49990.39833819777,36729.43017486574,33343.133
2024-08-17,30,1,18290.68,46564.05976678012,33934.04684845909,34286.77
2024-08-24,30,1,10199.17,46787.185007675806,37006.126784256245,36727.703
2024-08-31,30,1,30210.72,43131.9397803531,36691.182072753196,37273.65
2024-06-01,30,2,45981.47,42868.53814185261,36883.43550064257,36749.28
2024-06-08,30,2,39523.58,38806.93409390989,36321.32607244889,37489.336
2024-06-15,30,2,43727.84,42158.19925295471,35019.26604764344,40611.273
2024-06-22,30,2,63148.98,43108.192228489184,41180.92026912063,40476.582
2024-06-29,30,2,42291.01,47856.17171460186,42868.50838510457,40771.37
2024-07-06,30,2,41321.36,64197.52262779789,60654.48923941862,54969.375
2024-07-13,30,2,69772.8,43930.07853968463,42652.80484744395,40578.207
2024-07-20,30,2,41763.06,53235.83310616627,45329.64404242549,43884.094
2024-07-27,30,2,20613.8,49951.049556458274,45043.15089917582,42221.723
2024-08-03,30,2,66907.64,50202.44989875686,44570.08001314553,41884.1
2024-08-10,30,2,41237.83,57448.907423667166,44270.22792110907,42138.637
2024-08-17,30,2,71160.2,53998.40226236967,43964.472502746285,41788.707
2024-08-24,30,2,40886.77,54570.43265135596,44747.11912773524,42147.094
2024-08-31,30,2,71382.91,48791.497342924114,44828.91808486534,42328.492
2024-06-01,30,3,74276.37,49689.39885046725,44381.151919708915,42681.223
2024-06-08,30,3,57949.37,48871.181987641285,48159.063370009775,44607.69
2024-06-15,30,3,52969.72,48229.87436763866,47862.10506765236,40825.574
2024-06-22,30,3,68634.59,47782.61732425505,48153.82315271573,44249.574
2024-06-29,30,3,23827.37,55084.8767045833,51297.50106549952,42305.43
2024-07-06,30,3,16785.26,71393.82051450585,58634.34201609557,57107.426
2024-07-13,30,3,68291.13,53181.24203755677,48468.66876668608,44618.21
2024-07-20,30,3,16691.23,59642.16020013774,49073.476543664445,43063.05
2024-07-27,30,3,24309.36,51771.37387804276,48578.50754704555,45988.457
2024-08-03,30,3,49164.82,49003.819808195934,45333.05785959354,43533.164
2024-08-10,30,3,36094.04,53214.87337903282,45865.42465388079,41994.17
2024-08-17,30,3,38769.22,47593.96136797826,46382.28964948194,42852.402
2024-08-24,30,3,59094.79,44709.7307740546,44673.87319225209,40367.312
2024-08-31,30,3,74780.65,42547.44333675498,44553.49985284006,42566.582
2024-06-01,30,4,64879.76,49036.84751673802,47857.21264994973,44836.355
2024-06-08,30,4,78291.78,47866.168424398165,48172.61388499834,45007.094
2024-06-15,30,4,53050.96,52282.53624212188,53669.69936620323,44451.246
2024-06-22,30,4,62033.52,53772.735963179635,50568.16730805391,46250.4
2024-06-29,30,4,39622.32,57199.097643106936,51730.028511202436,46657.71
2024-07-06,30,4,98876.78,75034.15312469966,64319.9381938687,61592.445
2024-07-13,30,4,15042.28,58989.323371895436,55758.55102560434,46913.07
2024-07-20,30,4,67346.32,63467.34490014178,52922.4524333313,49304.06
2024-07-27,30,4,66576.23,59623.99892207697,54458.408794048584,48964.098
2024-08-03,30,4,52285.02,60957.33651739108,53593.27229850352,48629.18
2024-08-10,30,4,34355.38,60875.259693494234,53703.63309703381,46606.605
2024-08-17,30,4,62408.15,56387.476674503276,52213.33081561137,46142.332
2024-08-24,30,4,53357.92,56605.62499924513,53561.97877336902,46728.434
2024-08-31,30,4,71916.47,51919.275662333916,52673.57869106525,47283.45
2024-06-01,30,5,81832.0,57634.50279873859,52457.5856019762,45863.297
2024-06-08,30,5,75883.8,53966.10173839688,55026.9904568325,44166.98
2024-06-15,30,5,17032.95,52835.983484344986,51026.92323440446,48196.09
2024-06-22,30,5,41850.43,55851.71845228514,51118.91429898842,47388.52
2024-06-29,30,5,23900.84,60287.13137781168,51832.85043481052,47753.25
2024-07-06,30,5,79266.81,75073.8601884885,65535.71161202781,64301.797
2024-07-13,30,5,61472.45,57686.100463251285,55132.79738531116,47368.06
2024-07-20,30,5,55773.82,60275.620356171195,53259.732294445064,46841.125
2024-07-27,30,5,43856.63,53966.00058048458,52036.816390552565,48513.23
2024-08-03,30,5,14385.98,51406.3873111409,49330.72983587114,44588.918
2024-08-10,30,5,39657.81,53347.55195666804,48567.382495430036,45035.875
2024-08-17,30,5,58817.66,52594.56163468811,49525.04059600846,47306.895
2024-08-24,30,5,57101.16,53830.702271663824,49896.021430861045,46851.914
2024-08-31,30,5,14893.08,50526.49677203205,49684.8526781566,47216.082
2024-06-01,30,6,74317.24,51686.714418101335,50032.02563096149,48082.953
2024-06-08,30,6,83712.37,48166.61180375367,50745.888734040585,48794.61
2024-06-15,30,6,46977.38,51132.23661340374,51506.95784229721,47079.47
2024-06-22,30,6,48053.28,48178.454852062896,50230.273331717,47729.414
2024-06-29,30,6,84052.36,53768.13218325828,50167.327798955135,47878.875
2024-07-06,30,6,39346.35,75035.65087910363,71821.28986451685,66189.6
2024-07-13,30,6,56827.48,56207.408619627146,53088.369378916024,51642.613
2024-07-20,30,6,53870.61,62838.44820439786,53217.544386934926,47883.69
2024-07-27,30,6,32524.21,57854.31309927465,51902.91325550407,48107.844
2024-08-03,30,6,8697.37,54347.379220878436,53558.44893239557,50114.324
2024-08-10,30,6,23186.13,56056.56614190134,50042.835692195884,49277.113
2024-08-17,30,6,50726.78,52368.96451146593,48212.54748333731,48510.195
2024-08-24,30,6,53580.97,51904.84196149461,49793.98311964848,51469.85
2024-08-31,30,6,30924.13,44967.876340290735,48459.280139834984,50508.66
2024-06-01,30,7,60418.59,52146.383376403995,48755.410039672424,51214.023
2024-06-08,30,7,54528.72,51535.16503233309,50661.14243357385,50546.848
2024-06-15,30,7,31299.71,51439.3955607942,50541.31223868412,51632.457
2024-06-22,30,7,12979.19,47997.25588884578,50721.353859183575,51119.57
2024-06-29,30,7,43072.03,51424.06199474623,50178.22280440733,50587.02
2024-07-06,30,7,94038.86,65568.36433681878,67268.4707678442,63273.695
2024-07-13,30,7,44545.77,48652.84973851182,47844.5097135339,49382.137
2024-07-20,30,7,88419.19,54445.07460799417,50904.047073139154,51937.285
2024-07-27,30,7,19984.53,53971.04803325961,53250.74736448078,51437.402
2024-08-03,30,7,26027.57,54163.276489079224,52034.07904427084,51038.363
2024-08-10,30,7,40844.93,56187.98409434035,50529.63292930252,50704.105
2024-08-17,30,7,87522.16,55947.38874919467,51405.749095122366,50777.47
2024-08-24,30,7,89486.28,59877.0902197008,56085.180073324766,53051.773
2024-08-31,30,7,55314.27,57128.711723066335,57641.04741654482,55851.977
2024-06-01,30,8,35333.94,44856.2973913818,46373.02401674238,46704.418
2024-06-08,30,8,67745.39,42101.93442554619,46575.494825514645,48162.01
2024-06-15,30,8,42884.48,45544.26793208053,48083.42253899061,49282.746
2024-06-22,30,8,87622.55,44543.47164535763,47658.74731207395,48620.246
2024-06-29,30,8,86355.59,54098.36936804921,51486.72754012541,49682.77
2024-07-06,30,8,121251.62,72753.8008135269,66706.8979507142,67868.79
2024-07-13,30,8,28321.27,57602.19445131347,60697.90524480064,55916.945
2024-07-20,30,8,58562.97,64610.83718420358,56778.32447928853,57953.188
2024-07-27,30,8,53961.21,63259.930872960096,57990.4090562496,56474.41
2024-08-03,30,8,12784.34,66541.62429454419,63199.47971757577,58601.73
2024-08-10,30,8,85997.23,63970.062826942965,58636.23840992398,55759.688
2024-08-17,30,8,19432.11,66157.11687436904,55992.890238646614,54581.496
2024-08-24,30,8,41978.1,61876.23714890198,55302.55815336585,54958.24
2024-08-31,30,8,70454.17,53195.804607268255,52959.58508576859,55967.77
2024-06-01,30,9,46948.37,50460.43025840338,50911.71782220039,52916.47
2024-06-08,30,9,58536.7,48811.42625482896,51069.24685225083,52239.234
2024-06-15,30,9,49673.75,54429.36991988379,53577.625338354635,52656.316
2024-06-22,30,9,87099.05,49496.247571848355,50599.2062498257,52702.285
2024-06-29,30,9,35772.02,57175.69415236668,53977.9552069654,53601.574
2024-07-06,30,9,85101.51,74635.44965424493,65636.25493716277,69528.37
2024-07-13,30,9,82852.79,56841.639330464306,55283.41844601915,55403.24
2024-07-20,30,9,12441.83,61104.741274056105,53901.90836253086,54650.055
2024-07-27,30,9,49523.33,57697.8490671518,54499.54682717001,56712.684
2024-08-03,30,9,89282.83,59471.65379884156,53915.66838121068,55239.52
2024-08-10,30,9,31169.58,66442.76818615309,54776.10410967532,56533.934
2024-08-17,30,9,91558.9,61271.95067245226,55849.830666340225,55994.395
2024-08-24,30,9,51526.71,61058.96895395181,55795.816518937936,54458.496
2024-08-31,30,9,84630.4,57506.88372960436,55352.131407313624,55302.31
2024-06-01,30,10,71996.05,49866.60404927843,50656.142103108374,53676.016
2024-06-08,30,10,79847.3,46875.76550670338,50369.25156171734,52845.414
2024-06-15,30,10,31444.83,48060.76426344843,51312.28418843085,52277.223
2024-06-22,30,10,88216.99,49974.39789568165,50424.499370033016,52233.125
2024-06-29,30,10,38794.68,57139.7214605948,54634.45421449847,54628.324
2024-07-06,30,10,130896.61,76624.73945354283,66695.93196838343,69064.04
2024-07-13,30,10,80711.43,64133.906879126276,62464.45537967534,58890.203
2024-07-20,30,10,43990.46,70110.88968554244,66616.32245754918,60960.566
2024-07-27,30,10,47913.93,65038.09896164988,67607.41409667976,62071.13
2024-08-03,30,10,42103.19,65550.41738175435,61560.98140337249,60246.84
2024-08-10,30,10,86217.36,64512.65306874517,53927.03114171875,56103.805
2024-08-17,30,10,61410.99,65838.8688849147,66246.12189168978,59327.188
2024-08-24,30,10,51101.67,63384.77640307032,56084.11123227152,55610.195
2024-08-31,30,10,51124.66,58583.0761820689,60505.43993927133,58155.348
2024-06-01,30,11,10651.63,61034.018994024744,58484.818075216564,59046.04
2024-06-08,30,11,67434.75,60792.652623373455,60115.187487670184,60320.79
2024-06-15,30,11,73698.73,63865.1466422147,65009.53610736335,61210.316
2024-06-22,30,11,62184.81,63286.40149610128,59798.621748971964,58911.445
2024-06-29,30,11,54399.44,63442.37370403986,59445.49465044871,58343.477
2024-07-06,30,11,74242.67,75322.82144749165,69625.91592512207,73804.164
2024-07-13,30,11,10413.69,54937.031788179804,52923.66964942965,55025.01
2024-07-20,30,11,84130.21,59963.12353544926,54015.277827296704,57462.84
2024-07-27,30,11,37963.54,56825.3650089138,54838.28497693847,58044.086
2024-08-03,30,11,25519.26,59759.75750204571,53931.46289560682,57202.95
2024-08-10,30,11,22403.17,60191.59151068566,52443.78713612783,56029.992
2024-08-17,30,11,103625.49,55206.41179749453,50603.08092980486,54860.734
2024-08-24,30,11,33167.55,59028.40178640713,54302.97118960843,57860.766
2024-08-31,30,11,95556.71,51855.56875228884,52792.342603237725,59789.406
2024-06-01,30,12,44304.05,60162.76172466514,55133.84256378119,58063.277
2024-06-08,30,12,44750.34,56011.371685452796,55249.81733341511,58341.35
2024-06-15,30,12,43258.57,53095.446043063224,55168.09760097472,57326.043
2024-06-22,30,12,55532.08,48625.24203657012,50722.798805970706,54095.6
2024-06-29,30,12,88174.7,50663.56290822992,50365.781700123356,55103.258
2024-07-06,30,12,54327.79,71754.72188486444,60120.733562953304,65117.92
2024-07-13,30,12,35656.06,49516.975979700066,50491.49297359925,54058.117
2024-07-20,30,12,43234.46,54525.23149287074,51001.11293288517,54418.508
2024-07-27,30,12,85447.21,53481.241365853355,51424.41840299962,54712.938
2024-08-03,30,12,50046.64,56701.82116623107,54249.932949685266,56464.66
2024-08-10,30,12,61026.02,60743.914388743746,54296.183557324955,56707.227
2024-08-17,30,12,44493.5,58907.06148501326,53595.89950287481,56163.44
2024-08-24,30,12,46857.56,58512.36899169963,54254.413923413595,53839.64
2024-08-31,30,12,99617.92,49262.750417367126,50636.78092692464,54810.844
2024-06-01,30,13,109684.04,62305.95938193115,59037.00527761428,62738.875
2024-06-08,30,13,25845.64,62337.24777640182,63953.026911516135,62678.06
2024-06-15,30,13,68657.63,62361.360867833624,61095.94904335585,60226.42
2024-06-22,30,13,70296.87,60459.9270411894,55688.82875077153,60728.6
2024-06-29,30,13,109696.26,65039.59190142516,55184.03566373385,62015.516
2024-07-06,30,13,112091.32,86922.15109475475,83079.8805011385,77453.48
2024-07-13,30,13,79763.42,65302.768721176304,65064.906581681185,61558.17
2024-07-20,30,13,17024.33,68993.35998403092,61275.13301514268,61993.71
2024-07-27,30,13,72718.18,67830.0000620411,68499.71489050497,64577.242
2024-08-03,30,13,56286.09,67029.807064513,69975.75129459237,64325.543
2024-08-10,30,13,89362.18,71663.42891130081,66687.24813091308,62593.867
2024-08-17,30,13,21139.84,70151.50319697321,68971.46206303574,62468.773
2024-08-24,30,13,63843.52,66509.02738522057,71979.73078758731,62456.168
2024-08-31,30,13,18031.0,58539.79252963994,57081.91570905575,60975.68
2024-06-01,30,14,28239.69,56008.10820929033,54194.16250816253,58729.18
2024-06-08,30,14,64849.12,51379.69940078779,54399.63048184813,61207.812
2024-06-15,30,14,100010.48,52564.78828274467,54007.69723972556,58176.39
2024-06-22,30,14,19438.61,55830.57676627051,57499.077340335425,63087.98
2024-06-29,30,14,83551.58,58254.30927835727,55086.96340172098,62487.023
2024-07-06,30,14,104713.11,75560.04791357185,69977.60026356853,75609.125
2024-07-13,30,14,103778.2,62526.16638131966,59096.011315340846,63213.1
2024-07-20,30,14,19296.53,65467.38799240787,60558.74081206422,66073.68
2024-07-27,30,14,106610.61,62315.115475849954,58429.144633350916,65915.05
2024-08-03,30,14,34878.78,69725.53115500699,70652.65040575992,66406.63
2024-08-10,30,14,31920.49,72857.14611078164,67104.94753619915,65799.34
2024-08-17,30,14,32936.03,64890.07718537356,59215.300358891065,66694.01
2024-08-24,30,14,77716.23,66556.89507880132,56503.182219154005,63572.797
2024-08-31,30,14,113919.71,58350.85725905421,59907.02363435901,62379.508
2024-06-01,30,15,106726.65,61893.14967065855,58339.17776339737,67840.914
2024-06-08,30,15,24888.41,57476.88290267648,62493.24582972307,65875.06
2024-06-15,30,15,34917.73,61768.537092343664,59856.63917407972,64973.57
2024-06-22,30,15,49637.78,60034.37800010642,55564.74502433021,65858.414
2024-06-29,30,15,85539.21,66430.84279410061,55918.854761338036,66201.305
2024-07-06,30,15,124636.2,85532.97159533505,83920.07386632757,80695.555
2024-07-13,30,15,21477.19,66810.42704932237,66901.74625490779,69737.19
2024-07-20,30,15,62218.01,65884.27786850551,59955.17951167668,64137.934
2024-07-27,30,15,45948.54,62195.500926838395,59063.2193541882,65285.86
2024-08-03,30,15,96581.21,60767.42491830998,58494.138483375355,65100.094
2024-08-10,30,15,64749.88,66870.49628114403,58772.827392540035,64834.71
2024-08-17,30,15,50951.86,64704.08559605486,58894.22368584786,63293.797
2024-08-24,30,15,49084.65,64500.49201364107,60502.37678560787,61989.902
2024-08-31,30,15,112741.22,57804.612061541346,58053.069538944495,62789.98
2024-06-01,30,16,103755.43,57502.35025488059,55311.528241705404,62075.445
2024-06-08,30,16,119195.64,58729.88345048857,61009.48768871218,65631.2
2024-06-15,30,16,39113.5,60998.372619048234,66292.95844089761,72467.26
2024-06-22,30,16,31811.58,60576.67458964457,61281.73360307077,64597.324
2024-06-29,30,16,17918.0,63698.29051182149,61228.73283925842,65108.664
2024-07-06,30,16,28603.61,81246.67207948363,66021.12556709,82594.88
2024-07-13,30,16,46311.85,55401.01321551111,59904.80325670699,65807.99
2024-07-20,30,16,19429.64,60512.704743573304,59328.52855729301,68210.5
2024-07-27,30,16,71302.06,51752.94093587758,52809.680623565204,64719.793
2024-08-03,30,16,22402.9,51387.801958402306,54246.6494517013,61416.242
2024-08-10,30,16,93703.06,49519.821915576445,49429.78513173869,56266.67
2024-08-17,30,16,97236.17,52414.97974290928,51891.86196397377,62150.117
2024-08-24,30,16,58669.05,56231.05502771561,56876.758687797614,59558.418
2024-08-31,30,16,65108.55,53198.47290055833,56282.98470702887,62571.035
2024-06-01,30,17,112583.56,71142.68084992716,67101.84981576205,69694.68
2024-06-08,30,17,58895.91,66272.42836269346,77125.81005474113,73161.29
2024-06-15,30,17,74687.56,68262.32416069793,66010.67402066317,65976.92
2024-06-22,30,17,104586.24,68295.45838691085,64889.6512303045,68471.42
2024-06-29,30,17,28078.64,73246.76764131145,71870.78874465975,70869.484
2024-07-06,30,17,129475.02,90427.64662269401,88253.77734852089,89745.016
2024-07-13,30,17,62674.58,77225.10246244934,72824.01389261929,71263.72
2024-07-20,30,17,64283.93,78214.55401624608,69672.18453146555,73307.0
2024-07-27,30,17,25404.93,69873.37494538308,67539.10243448372,68157.25
2024-08-03,30,17,106087.13,66807.82450882901,67191.5371339037,67721.06
2024-08-10,30,17,30952.59,72492.54342332695,67714.72933882933,68906.78
2024-08-17,30,17,37245.57,67658.28933347913,62687.7321463266,65460.508
2024-08-24,30,17,74942.16,63071.244268770686,62328.76094221213,69878.38
2024-08-31,30,17,38411.93,61719.254090410504,58418.623857575934,67956.79
2024-06-01,30,18,13966.31,67321.04353179457,67265.8471977158,67942.76
2024-06-08,30,18,35672.02,61363.64675793905,70398.70124643492,68428.695
2024-06-15,30,18,98194.92,62036.08025247645,64547.69513096801,68386.9
2024-06-22,30,18,33695.49,66432.96589558016,65684.65845117785,71823.16
2024-06-29,30,18,13544.46,63697.86873408853,65777.49966907686,70310.96
2024-07-06,30,18,29530.76,73407.67683106218,85750.94542993646,79925.305
2024-07-13,30,18,120984.27,52015.4393450163,58489.98981330372,65420.0
2024-07-20,30,18,84056.29,61748.9721561253,66122.65497218134,65098.49
2024-07-27,30,18,109486.01,57631.486554100244,66136.91913126371,69438.47
2024-08-03,30,18,119718.2,62251.45502701913,71793.55254429471,72275.09
2024-08-10,30,18,88360.31,68553.83457013004,63538.49498355019,71735.25
2024-08-17,30,18,123267.05,65552.16999220388,67593.61509207544,65315.473
2024-08-24,30,18,124554.26,71791.2282631644,77990.44148833117,74311.414
2024-08-31,30,18,48440.43,74975.73187917878,70829.28861132049,70778.9
2024-06-01,30,19,79928.13,71876.81919499667,74435.77750973127,76161.3
2024-06-08,30,19,125122.73,69669.60068063965,72964.39117870561,74755.14
2024-06-15,30,19,100454.96,75270.62732875225,71055.52501549103,75298.27
2024-06-22,30,19,133172.66,73706.04720867422,71662.99628946673,75482.29
2024-06-29,30,19,75118.9,75974.55005415934,72452.2591179743,72963.13
2024-07-06,30,19,23475.86,93701.23576325207,106870.94852608448,112714.06
2024-07-13,30,19,14181.07,71341.06794418072,74977.52064920518,75183.44
2024-07-20,30,19,15933.32,76346.28519858778,75326.65174331071,72804.84
2024-07-27,30,19,64577.88,66799.44334008751,77381.19907184585,78176.65
2024-08-03,30,19,28811.42,64954.12471382284,68029.639600151,72954.11
2024-08-10,30,19,76797.89,61845.78256910286,60077.06801642923,70499.85
2024-08-17,30,19,57406.3,57882.573454056335,56774.3202904974,75055.14
2024-08-24,30,19,82425.78,51363.881792354216,70914.33478386505,66210.78
2024-08-31,30,19,35610.93,47116.10806810621,70993.37134222394,68676.95
2024-06-01,30,20,100551.68,59688.13008654686,63480.81984861478,68464.336
2024-06-08,30,20,48701.81,55176.31961393463,63517.27545250239,69990.47
2024-06-15,30,20,86043.17,59195.879904784066,64187.084438711914,70551.62
2024-06-22,30,20,104266.91,62809.34243199643,65780.17562996413,77233.09
2024-06-29,30,20,75618.16,71942.36637865668,65157.672988565435,69891.21
2024-07-06,30,20,67214.1,88800.14503541825,92250.48124495274,104266.266
2024-07-13,30,20,69380.06,67383.64602114013,62924.72151328899,70339.125
2024-07-20,30,20,53174.01,72310.66411063517,61204.666255261276,70235.51
2024-07-27,30,20,125223.92,63738.855460531726,63352.42149436385,67044.02
2024-08-03,30,20,12064.21,69710.14484191404,71293.41462918717,71305.94
2024-08-10,30,20,43343.41,73746.6856901075,67566.88099095743,72501.625
2024-08-17,30,20,86142.35,69053.04090177405,66535.42248840226,71459.3
2024-08-24,30,20,69943.79,69391.93317963721,65419.7796718257,71681.195
2024-08-31,30,20,127323.63,59989.59088831585,64015.79142709782,71136.734
2024-06-01,31,1,20659.38,23825.774342846904,25141.77018561818,23835.975
2024-06-08,31,1,19326.94,30799.44580135279,26264.457845067445,23590.727
2024-06-15,31,1,37801.43,28795.25557921773,24943.56378915396,23976.148
2024-06-22,31,1,8115.22,31175.232524047147,24739.56528093756,23899.295
2024-06-29,31,1,11601.12,26991.238861205005,26539.917326584324,23454.68
2024-07-06,31,1,10394.32,53471.264513604016,35020.63942480891,30294.904
2024-07-13,31,1,14923.98,31800.107312367814,25062.510985606936,22565.998
2024-07-20,31,1,6664.92,27216.081933611298,24028.137517346895,21316.621
2024-07-27,31,1,34884.03,19133.526009801433,24362.788748388328,21331.355
2024-08-03,31,1,37912.1,26628.847094562363,25534.273627898354,22295.121
2024-08-10,31,1,17067.33,29759.742054645045,24631.478161070794,22031.021
2024-08-17,31,1,30611.08,29545.67718554879,25367.16305567849,21895.043
2024-08-24,31,1,15566.75,31322.91914013117,29032.693779557274,21433.133
2024-08-31,31,1,20249.93,33274.37045527175,25389.50821236897,22830.09
2024-06-01,31,2,25058.49,22619.22797164097,25809.803008594452,22295.12
2024-06-08,31,2,17299.8,30563.52442400874,23801.899619839605,23941.416
2024-06-15,31,2,22467.76,26607.635082966044,25740.179571433968,22817.385
2024-06-22,31,2,20965.27,28242.453330817756,24537.86568212912,22382.648
2024-06-29,31,2,13707.08,24571.34516616939,26162.20568749748,23337.299
2024-07-06,31,2,43662.12,50583.32996775419,34609.175779830126,32058.643
2024-07-13,31,2,14508.84,31951.953681369137,25047.948625447334,23629.404
2024-07-20,31,2,28369.65,30627.745357695392,24302.094707531152,24062.182
2024-07-27,31,2,26759.08,23965.033352426617,24934.768957247987,23668.303
2024-08-03,31,2,6029.51,29356.806151159282,25029.437736717184,23623.55
2024-08-10,31,2,20423.69,30162.51808241503,25028.413047171543,24090.998
2024-08-17,31,2,5596.65,31856.33102759045,25192.232233637857,24008.707
2024-08-24,31,2,16394.24,32029.959567471742,24885.88012012507,22645.277
2024-08-31,31,2,37492.26,32493.23275826517,24917.98089509269,23716.281
2024-06-01,31,3,27045.34,22085.443169530954,26113.552564474725,23855.414
2024-06-08,31,3,16313.48,29325.54082574945,24845.85975028694,24353.807
2024-06-15,31,3,40737.61,25762.276308757762,26084.67785120128,23159.434
2024-06-22,31,3,8768.34,29756.652036209125,25705.34486566032,24399.533
2024-06-29,31,3,37441.56,26810.828587894663,27320.138310644157,24406.81
2024-07-06,31,3,10635.82,54922.882959057715,36910.858543786126,35103.863
2024-07-13,31,3,33252.69,33027.492811682816,26233.771064228997,24619.33
2024-07-20,31,3,39346.43,31564.634201473767,26196.487680870785,25295.375
2024-07-27,31,3,6822.96,25972.602118752584,27048.9358293367,24570.61
2024-08-03,31,3,18424.92,30015.685495967846,26168.922100240863,24804.764
2024-08-10,31,3,39036.32,32148.26597860334,26068.388797438332,24729.281
2024-08-17,31,3,37617.34,34222.55376794841,26475.919729511934,24842.523
2024-08-24,31,3,40605.57,36214.97198562926,27385.53376731238,25571.729
2024-08-31,31,3,10126.4,36414.48799805102,27179.336976480925,26278.012
2024-06-01,31,4,46315.15,23856.632563051266,26926.8384838053,26277.887
2024-06-08,31,4,8837.26,33014.10320599321,28479.75512788473,27228.889
2024-06-15,31,4,5190.49,31186.626002502744,28295.984191891173,26556.988
2024-06-22,31,4,16239.26,32362.07870821355,28279.902736837743,26465.424
2024-06-29,31,4,18923.94,27679.48695243014,28536.021817862384,25497.434
2024-07-06,31,4,38008.92,51348.791851627066,34135.342824110594,29108.113
2024-07-13,31,4,41404.22,32459.50668040836,26245.195506178978,25821.66
2024-07-20,31,4,14841.66,30738.723875873475,26963.23805386404,26292.287
2024-07-27,31,4,25111.64,23705.205143414365,26261.47192291732,24794.277
2024-08-03,31,4,23513.22,27822.54109418499,29377.951293311136,24102.578
2024-08-10,31,4,8018.34,30975.67392605583,26505.6863484899,25341.678
2024-08-17,31,4,12558.29,32141.36376615875,27013.59367019981,26223.197
2024-08-24,31,4,10688.82,33106.26946016009,26882.813391246083,26343.877
2024-08-31,31,4,7313.94,33494.37406069052,25749.157472978768,26535.81
2024-06-01,31,5,15529.22,23454.36756193801,26999.811320228015,26824.361
2024-06-08,31,5,44481.29,29917.862872305042,25523.83384215672,26556.748
2024-06-15,31,5,22479.99,29404.875157411923,27706.675841071163,26443.098
2024-06-22,31,5,31654.47,29421.365728258323,26186.134693633318,26854.918
2024-06-29,31,5,32152.28,27525.360704026047,28570.232265397975,27016.082
2024-07-06,31,5,50517.67,54952.34279190344,40864.51878271126,38233.434
2024-07-13,31,5,16080.9,35794.11884347865,29773.647692282106,28323.45
2024-07-20,31,5,5098.12,33513.049814769336,27975.637772348513,27516.186
2024-07-27,31,5,24218.43,27317.505671439474,28346.60335723933,27662.291
2024-08-03,31,5,22669.07,33661.22426354279,28155.89915327646,26995.44
2024-08-10,31,5,31657.19,32220.342499460843,27507.386412774096,27728.432
2024-08-17,31,5,20028.04,34344.97573372979,27324.988586201816,27854.215
2024-08-24,31,5,8151.45,33358.04355989857,27303.31205270325,26696.197
2024-08-31,31,5,24943.86,33588.18558186445,26038.524143700175,27789.73
2024-06-01,31,6,26257.36,27742.005926832557,30032.051175007196,29732.79
2024-06-08,31,6,4990.69,33726.23577037938,28234.901391339128,28698.291
2024-06-15,31,6,34878.11,29251.57121475701,28113.684237177178,27175.773
2024-06-22,31,6,13711.63,30819.95396194158,26367.01725106765,26854.797
2024-06-29,31,6,50705.12,25211.027034931052,28028.53520667433,25342.887
2024-07-06,31,6,11971.56,53860.8162045977,36723.698027376166,34253.293
2024-07-13,31,6,31197.29,31481.200495206715,27409.294052212932,26178.234
2024-07-20,31,6,26698.16,30744.83179723552,26999.985540077054,27901.227
2024-07-27,31,6,40348.4,25657.487643888308,29717.412256347194,27557.023
2024-08-03,31,6,12625.81,30811.759576888282,28326.588838822885,27856.12
2024-08-10,31,6,31343.05,33197.98864222725,28151.918931914937,27937.521
2024-08-17,31,6,48456.83,34726.25406416925,28393.506136232743,28082.041
2024-08-24,31,6,19722.6,38494.68434745118,33300.1689466596,30684.518
2024-08-31,31,6,9467.4,37180.35467554831,28873.250040347284,29620.723
2024-06-01,31,7,36394.68,30194.896413178714,31185.040863067996,30955.787
2024-06-08,31,7,52734.54,37087.58548162204,30469.82463536551,31313.457
2024-06-15,31,7,16309.17,36625.295092201166,34280.209156312536,32178.334
2024-06-22,31,7,27379.22,36828.07619343613,33935.20488887476,32559.951
2024-06-29,31,7,49650.16,32668.636733413565,33301.56744872741,31686.389
2024-07-06,31,7,16981.32,59545.08508637416,46401.75922692182,44884.49
2024-07-13,31,7,12273.77,36761.65660073122,33327.8758741487,31569.186
2024-07-20,31,7,16294.59,34270.54726177504,28934.21456834888,30050.393
2024-07-27,31,7,52648.04,28183.499219614343,28638.425200584275,29104.623
2024-08-03,31,7,53183.49,34279.39414245224,32275.956949249477,31403.52
2024-08-10,31,7,48283.31,36169.03021209502,34389.545273166514,32341.895
2024-08-17,31,7,33053.95,38489.894617855454,34269.18914037139,32168.707
2024-08-24,31,7,48033.81,38586.5639750591,32770.79252610104,29902.041
2024-08-31,31,7,53170.71,39875.92307705818,32101.869842653825,30837.441
2024-06-01,31,8,34040.74,26132.972718455043,28210.5514865742,29811.41
2024-06-08,31,8,12412.17,33851.67853465598,28765.303561302113,30178.186
2024-06-15,31,8,17021.54,30999.214853709804,28340.454967872454,29456.281
2024-06-22,31,8,40880.98,30419.482854209724,26873.384770172663,28240.986
2024-06-29,31,8,27658.95,27133.662092847633,28091.316340064757,27849.635
2024-07-06,31,8,59828.93,52502.55081145194,31917.5871175808,35402.29
2024-07-13,31,8,6071.48,35367.41328582605,31389.844736221927,30784.932
2024-07-20,31,8,31783.61,33324.47720311728,29857.77556632685,30916.348
2024-07-27,31,8,25689.8,28141.695446728874,30231.247558807856,30923.73
2024-08-03,31,8,19077.77,33584.58512541536,29905.118724524415,31156.744
2024-08-10,31,8,26889.96,33722.928000161446,28433.14665696035,30353.277
2024-08-17,31,8,18385.9,35131.46417768778,28362.290336182712,28931.03
2024-08-24,31,8,24692.41,34399.57078345811,28225.834732195195,29157.693
2024-08-31,31,8,34175.54,34996.94782700443,28725.036572123485,30623.072
2024-06-01,31,9,20552.71,28226.372016059948,29860.321946355263,32183.08
2024-06-08,31,9,41723.64,35253.61334550774,28888.0890903115,32303.553
2024-06-15,31,9,54882.48,33318.46678295346,29687.051795885287,31536.426
2024-06-22,31,9,11284.87,36478.49851399583,34538.478624846015,34202.492
2024-06-29,31,9,18835.06,30428.93074511084,29713.89809475683,32070.72
2024-07-06,31,9,33899.56,55184.09439282763,42523.55055540804,40414.3
2024-07-13,31,9,7686.7,36739.397561622485,29326.917602800993,31096.963
2024-07-20,31,9,15882.16,31113.437275206517,28011.564760432644,29948.541
2024-07-27,31,9,36659.57,25285.732031523512,28399.65527251325,29973.803
2024-08-03,31,9,48517.64,32187.017006415852,28372.574331142754,30099.11
2024-08-10,31,9,46436.93,34530.79758771315,29044.958460860682,31366.88
2024-08-17,31,9,24345.9,34492.40074818637,28878.450705200048,30654.799
2024-08-24,31,9,32944.49,35676.95850881391,28599.2558877996,29953.643
2024-08-31,31,9,12410.45,38164.467287126005,31554.52243835502,31842.568
2024-06-01,31,10,45725.93,29704.873939346515,36028.891718992556,32984.363
2024-06-08,31,10,34117.66,35938.46813095012,33502.47133464389,33180.47
2024-06-15,31,10,38613.13,34782.245385488306,34497.210918833414,34079.566
2024-06-22,31,10,8421.58,38004.09846707447,33410.63700963155,33021.258
2024-06-29,31,10,17430.4,33839.585910220325,33899.37308539201,33674.79
2024-07-06,31,10,36698.73,58344.181200630126,47060.99060003808,42012.74
2024-07-13,31,10,32902.02,37913.53057277463,33416.49679275595,33107.64
2024-07-20,31,10,40721.5,36124.29126617781,33173.13406313663,32863.97
2024-07-27,31,10,48119.94,27714.650726470943,31197.87498660579,32038.787
2024-08-03,31,10,23035.46,32421.056920589574,30433.707526385664,31616.373
2024-08-10,31,10,45417.28,34178.20631293912,30649.475219216725,32009.877
2024-08-17,31,10,48754.86,36624.723919851975,31666.895214306554,32037.293
2024-08-24,31,10,59716.58,40497.064872187664,33443.06822613591,32720.025
2024-08-31,31,10,57396.36,44306.498509914694,36528.181115213105,36165.3
2024-06-01,31,11,46905.59,35057.38708283332,37489.06449209244,37862.812
2024-06-08,31,11,58903.92,42989.20721778635,37312.84601339147,36900.145
2024-06-15,31,11,28764.1,39989.1040177811,37094.56542927069,37217.082
2024-06-22,31,11,28539.6,40323.91486535,36660.05157785901,35659.812
2024-06-29,31,11,41522.19,35927.18847795321,35249.749750390096,34792.133
2024-07-06,31,11,26994.41,62602.23701168197,46379.77340368987,48769.0
2024-07-13,31,11,24667.99,38917.54731030317,31145.44408169534,34563.395
2024-07-20,31,11,60760.23,38233.53526172332,36582.12097357418,36704.023
2024-07-27,31,11,51786.75,33371.76054470588,36496.071666725125,36218.08
2024-08-03,31,11,5774.97,38471.59253162739,37026.757126181765,36299.395
2024-08-10,31,11,44544.55,37908.1489541886,35712.883373365745,35309.242
2024-08-17,31,11,19096.93,41202.35393920318,35769.091693108516,35403.215
2024-08-24,31,11,26651.08,41302.31715273331,35132.640187949015,34721.54
2024-08-31,31,11,18064.65,40123.79035685287,34149.224561667026,34788.312
2024-06-01,31,12,21057.24,28240.536461256394,30983.01916965018,33997.496
2024-06-08,31,12,40208.73,33935.82588021079,30021.499939497273,32479.945
2024-06-15,31,12,43755.54,32022.78573722423,31337.652162169874,33703.016
2024-06-22,31,12,24012.96,33358.72151234856,30002.560189368764,31535.205
2024-06-29,31,12,29993.26,30260.49349717545,31039.072280016047,33503.1
2024-07-06,31,12,33215.87,56423.90188869504,40699.41093339676,43796.35
2024-07-13,31,12,56122.36,36074.56505087358,30918.112445100975,33299.61
2024-07-20,31,12,44093.82,37056.72109417348,33014.863255649616,34088.973
2024-07-27,31,12,35040.8,30380.567575655026,32289.020164774112,33809.008
2024-08-03,31,12,14222.26,36135.75238944479,32266.248921998133,34402.65
2024-08-10,31,12,30082.43,38057.330936941995,34440.83640132117,34012.875
2024-08-17,31,12,33683.95,38356.97481617171,33300.14404899084,33678.074
2024-08-24,31,12,52217.16,39449.860735225644,31973.555464600817,34069.96
2024-08-31,31,12,25614.83,42450.59392734638,34186.42785339947,35834.504
2024-06-01,31,13,14504.1,32516.576821686533,37548.809142854756,37053.547
2024-06-08,31,13,15975.5,39209.25259011124,34820.11999779603,35644.46
2024-06-15,31,13,24294.29,36105.06617021805,36136.13339287607,36394.965
2024-06-22,31,13,57934.7,36849.238940537885,34141.53761828217,35135.88
2024-06-29,31,13,35030.63,36719.38366763546,36615.17411450581,38229.27
2024-07-06,31,13,7371.55,59601.076310870085,46448.59812492445,47337.664
2024-07-13,31,13,28951.54,36838.31429174415,35874.22412293569,36006.69
2024-07-20,31,13,24255.47,33785.547497904816,29999.500707667277,32816.64
2024-07-27,31,13,38291.23,25761.531391139855,28538.14277032142,31054.393
2024-08-03,31,13,35404.25,32296.333310892594,28864.66419972777,32533.508
2024-08-10,31,13,64747.49,34333.0053888887,33536.563240981865,34201.664
2024-08-17,31,13,27679.7,39811.83149073932,35243.667398534104,35620.297
2024-08-24,31,13,47417.07,38366.522642626885,35033.58674527733,34503.35
2024-08-31,31,13,54997.93,40431.28095389344,34662.146262173555,35675.86
2024-06-01,31,14,35934.65,34640.15705624859,37641.961534524904,39279.434
2024-06-08,31,14,43478.4,39061.07455150475,36283.06065872494,37366.246
2024-06-15,31,14,67429.43,38386.33784638532,36415.861916119495,37604.555
2024-06-22,31,14,61936.44,44010.88533042112,36351.370775914686,38993.215
2024-06-29,31,14,55256.74,40132.71951470819,35850.5483378177,38199.27
2024-07-06,31,14,83646.0,67317.66921661497,45199.896800560884,50044.477
2024-07-13,31,14,43263.1,50147.47071127277,41026.73013992494,42191.89
2024-07-20,31,14,61291.71,48128.38145102483,42988.197654723146,41372.645
2024-07-27,31,14,20741.05,41546.943878881146,46680.84401325435,41517.285
2024-08-03,31,14,38259.48,48171.673008469974,47685.68229867075,41142.758
2024-08-10,31,14,40422.66,48169.15162394735,42442.55346612799,42044.344
2024-08-17,31,14,28072.23,48321.458805548515,37254.88431301235,39082.79
2024-08-24,31,14,63719.25,45285.81175967568,37828.95388014302,38691.453
2024-08-31,31,14,53908.5,47620.946377011256,37961.95176851798,39616.105
2024-06-01,31,15,29300.15,34575.73606063491,38343.73954418628,39103.574
2024-06-08,31,15,20048.17,38617.19031838557,35784.37288602301,36859.996
2024-06-15,31,15,30449.87,36438.53118803361,37198.22318403843,37582.44
2024-06-22,31,15,9907.29,39759.246728859944,35792.00397597344,38102.395
2024-06-29,31,15,57957.56,34125.57666914594,32635.92537735176,36389.656
2024-07-06,31,15,87539.58,64160.04021591995,48631.84769417587,53758.89
2024-07-13,31,15,16550.51,46650.76021303296,37928.44414609072,40353.375
2024-07-20,31,15,60601.29,41354.15851727263,39046.67695027862,39130.758
2024-07-27,31,15,70200.9,34156.29695102559,37278.20106138052,37666.434
2024-08-03,31,15,20095.9,42962.6027326772,40933.54985287377,39622.86
2024-08-10,31,15,9288.31,43733.34117884681,38036.80222602715,40261.934
2024-08-17,31,15,21439.23,45315.564646235565,37369.88029338067,40428.72
2024-08-24,31,15,39261.25,47425.1653831584,37897.736254657226,39183.69
2024-08-31,31,15,25646.27,44320.82221302235,38622.28161274575,40087.93
2024-06-01,31,16,59201.85,30397.47337495257,34844.82623098129,36437.082
2024-06-08,31,16,38613.73,38764.41642362186,35843.20913074931,37946.37
2024-06-15,31,16,17566.77,37702.92752976218,36600.541012382906,38701.145
2024-06-22,31,16,24703.28,39931.418317447926,36924.04695141382,38516.17
2024-06-29,31,16,50109.64,35037.88440676689,36492.929632786305,37485.223
2024-07-06,31,16,63657.29,61815.93196741887,41406.10303426721,53879.477
2024-07-13,31,16,27426.95,43183.88334484383,37733.699086292036,40685.883
2024-07-20,31,16,34422.79,40379.90036174993,37271.04497763805,40358.355
2024-07-27,31,16,21087.78,32631.95354593578,37857.27858773774,38556.74
2024-08-03,31,16,22574.21,36437.09588488724,36684.330980674546,38278.035
2024-08-10,31,16,38388.81,35311.477505649134,35732.1259639724,36831.41
2024-08-17,31,16,11508.65,38831.03670466876,34728.479764623065,36996.945
2024-08-24,31,16,61305.89,38956.63250935272,37081.00179956538,36844.395
2024-08-31,31,16,9931.39,42160.34208469981,39044.393350384205,38883.05
2024-06-01,31,17,57111.59,38827.46656899189,37670.69932900239,41394.66
2024-06-08,31,17,60249.42,45822.87538229546,37661.96125427384,41666.066
2024-06-15,31,17,42419.37,44635.332846473684,36441.70992975127,40147.14
2024-06-22,31,17,26402.89,44375.78612458374,38008.71692236552,41197.7
2024-06-29,31,17,35864.39,37427.96591119412,35983.49664243371,39593.145
2024-07-06,31,17,83807.5,62924.782722250246,46007.82478546417,52075.58
2024-07-13,31,17,33496.43,47623.306400927635,39791.68960111304,41364.8
2024-07-20,31,17,65288.99,43157.95971511981,37978.76286985448,42420.258
2024-07-27,31,17,26809.09,39376.06817637018,37910.35176519498,40737.902
2024-08-03,31,17,58605.8,43705.06407179903,38630.38148288843,40586.496
2024-08-10,31,17,45856.53,44011.90664063839,37820.8846392412,40018.645
2024-08-17,31,17,20770.96,45940.5511076378,37378.48538027169,39882.08
2024-08-24,31,17,31036.22,46265.69416660055,38723.646177552524,41698.156
2024-08-31,31,17,63839.04,47315.96234673441,37691.3906089016,40954.312
2024-06-01,31,18,44577.52,32809.21464489466,37758.746801174246,40244.957
2024-06-08,31,18,10918.5,39768.325141462534,38880.977666338484,39961.227
2024-06-15,31,18,68902.97,35439.615580120626,37686.92810667893,40129.305
2024-06-22,31,18,51066.22,39634.60528253764,40250.0085902936,40546.938
2024-06-29,31,18,46253.38,36514.69611442155,37090.253311110886,39507.22
2024-07-06,31,18,22873.59,63168.488869610876,52227.71429090049,60071.875
2024-07-13,31,18,47198.49,41551.28374530072,38123.60131175427,41307.273
2024-07-20,31,18,47161.58,41676.88246747339,36821.072680372,40731.797
2024-07-27,31,18,34511.05,33962.25670728749,37530.12416299486,42623.785
2024-08-03,31,18,34218.22,38203.39535752156,38379.88279141824,41818.914
2024-08-10,31,18,41100.45,41048.22329159379,37032.24496071005,41505.684
2024-08-17,31,18,31664.34,40741.07552179871,35177.31629781569,39877.918
2024-08-24,31,18,48489.94,39860.8126350888,33239.936550547725,39323.31
2024-08-31,31,18,47683.26,41680.71932730231,33434.933440795605,40458.16
2024-06-01,31,19,34378.76,33435.29586142891,37322.795344760554,40033.7
2024-06-08,31,19,41547.33,41117.310255431265,39790.324667213354,41697.203
2024-06-15,31,19,31520.56,36583.828904424256,36280.70249989648,39971.336
2024-06-22,31,19,16022.22,38411.44679859157,35947.296121283456,40434.414
2024-06-29,31,19,45132.54,35521.2145242362,35356.668117906425,40529.574
2024-07-06,31,19,83825.01,61987.51379086171,43987.18148170877,54872.23
2024-07-13,31,19,41283.05,45055.45114953149,38544.39016879736,42455.31
2024-07-20,31,19,49886.5,41641.03814134587,39613.316768551646,42542.176
2024-07-27,31,19,31929.12,34415.52742036747,38917.33970080874,40615.76
2024-08-03,31,19,76017.67,40860.69158523994,39477.83513461689,42293.527
2024-08-10,31,19,66239.08,44346.538242643146,41201.0079548989,41981.13
2024-08-17,31,19,13831.65,48117.77902136518,39387.56224331281,42401.062
2024-08-24,31,19,9776.67,50104.15092494731,39262.64552615299,44287.098
2024-08-31,31,19,22094.88,50727.6845153861,39421.924866600486,46755.22
2024-06-01,31,20,43468.45,35949.45038852675,39281.436310910656,44578.67
2024-06-08,31,20,7349.48,43338.605003732955,43093.87105788403,45227.145
2024-06-15,31,20,61293.09,36451.021604797985,40140.26787623739,40909.645
2024-06-22,31,20,49384.14,36334.98015875453,36719.76540610067,41257.043
2024-06-29,31,20,64954.44,33366.89015710844,37062.388919650955,40303.12
2024-07-06,31,20,50412.55,62127.48023651365,52181.296267584636,59822.645
2024-07-13,31,20,24824.86,41177.949965254156,39310.0171562418,42371.723
2024-07-20,31,20,39885.63,38496.05173136536,36962.95230220329,41168.547
2024-07-27,31,20,49800.67,34957.39496036119,40250.206481835994,43173.582
2024-08-03,31,20,44416.78,40095.032011889445,38527.10508602662,43634.207
2024-08-10,31,20,17334.55,43659.711892340776,37993.76809664842,43438.58
2024-08-17,31,20,81945.13,42983.19812333663,39456.954360239586,42056.066
2024-08-24,31,20,41145.42,48052.91125696108,43564.52876836024,44694.082
2024-08-31,31,20,10777.9,47227.422043027924,39161.53932862727,45325.125
2024-06-01,32,1,43144.09,66238.94636563878,54995.92207575998,58763.8
2024-06-08,32,1,19896.98,72195.68847158155,59029.21311061717,57734.67
2024-06-15,32,1,93064.81,66242.92886732242,52792.00404599218,57462.344
2024-06-22,32,1,70481.19,70004.18431084216,58623.375841973095,56872.844
2024-06-29,32,1,34978.04,68798.13610583759,56003.070797319415,59449.535
2024-07-06,32,1,53918.29,84358.76590336493,74028.631648399,72668.11
2024-07-13,32,1,11961.01,67421.74017877813,54876.203536184206,55148.32
2024-07-20,32,1,13335.08,63588.3539871094,50180.251911189305,57257.92
2024-07-27,32,1,54356.39,67479.8733978045,51772.28729911195,61992.066
2024-08-03,32,1,17069.24,67011.56981932267,52124.8478229288,62276.0
2024-08-10,32,1,14179.87,71490.30497187766,48376.44842660047,60273.953
2024-08-17,32,1,94809.69,60119.2057832526,56459.144006296396,59840.008
2024-08-24,32,1,87426.07,63838.40181750454,57010.01778588314,59887.293
2024-08-31,32,1,83788.18,66996.46715179726,57425.72377985123,58631.23
2024-06-01,32,2,22983.55,62380.94536502362,59575.563057827,56697.23
2024-06-08,32,2,56867.42,72144.92013145436,59887.84764317603,63259.39
2024-06-15,32,2,35917.98,70947.97814643005,64589.5299528269,62288.465
2024-06-22,32,2,69134.89,68378.98516693251,60063.78142818569,58985.887
2024-06-29,32,2,81779.25,69578.39528689472,62787.042925137765,60314.09
2024-07-06,32,2,13009.78,86094.37171642002,76276.39213513305,87715.36
2024-07-13,32,2,54406.45,66749.82484422374,63892.12081595165,62617.92
2024-07-20,32,2,37924.44,65809.22144874022,61069.678281637265,57865.117
2024-07-27,32,2,79950.05,71033.32567207754,62368.7340081842,62615.074
2024-08-03,32,2,79706.39,71249.80795570408,62481.1205092714,59557.8
2024-08-10,32,2,74666.28,77493.43288703999,60456.165773456276,57266.5
2024-08-17,32,2,48074.38,73395.87276397683,61235.51480967556,59795.555
2024-08-24,32,2,80127.86,70303.53753895179,65404.00569279163,58280.01
2024-08-31,32,2,76126.28,71022.83430364297,59180.52574017443,56807.484
2024-06-01,32,3,32934.52,52769.367766524556,64283.12110577423,62279.312
2024-06-08,32,3,51500.59,59450.09706328654,63551.5588322519,62820.77
2024-06-15,32,3,92652.68,58308.59454038411,62460.14931342281,60831.85
2024-06-22,32,3,64907.31,65248.1354244677,62084.14745295637,59958.438
2024-06-29,32,3,10495.26,66831.91811087355,58523.50665242199,60452.61
2024-07-06,32,3,96623.31,81220.07991108103,86821.68624578086,82922.305
2024-07-13,32,3,76718.17,73522.79836822508,69354.73220458305,61874.684
2024-07-20,32,3,107594.7,73358.41087478609,62373.88713715831,61223.13
2024-07-27,32,3,80796.35,81803.29218491871,70411.77246872785,63640.78
2024-08-03,32,3,52082.31,78034.3180474145,72900.03093663022,64525.812
2024-08-10,32,3,42318.92,85642.05500131717,71648.60500223441,66658.74
2024-08-17,32,3,21550.52,78833.49710310766,62409.73656643042,62750.723
2024-08-24,32,3,59704.03,75083.85077067363,64488.23957259711,65547.11
2024-08-31,32,3,66198.16,77095.396120688,61165.072211833925,59040.277
2024-06-01,32,4,101618.31,69750.28115208543,70484.0841357827,68109.695
2024-06-08,32,4,10141.17,77161.20069300005,68459.63433541378,66467.484
2024-06-15,32,4,104852.9,77447.23932670782,72329.49181842883,70482.61
2024-06-22,32,4,39259.81,79878.45931023228,72030.1379069191,69619.24
2024-06-29,32,4,52014.36,77622.1163431977,72680.61574691835,71668.33
2024-07-06,32,4,94612.03,93028.33516003736,79337.3652789991,96279.195
2024-07-13,32,4,48222.45,76952.54628935902,67374.92329517777,60754.254
2024-07-20,32,4,95479.84,72350.9863099826,66778.92067726428,66702.1
2024-07-27,32,4,23696.99,80275.22679499726,67060.49655673558,66204.12
2024-08-03,32,4,19324.73,75169.1504809268,67101.5929974343,68526.12
2024-08-10,32,4,11702.95,81898.7256236723,69026.66290685094,66720.33
2024-08-17,32,4,81315.71,72227.3493715614,67146.66383115057,65280.973
2024-08-24,32,4,75186.13,72239.9674809434,68076.12386943669,67089.266
2024-08-31,32,4,75304.88,73320.65926481987,69606.44786573586,68030.516
2024-06-01,32,5,17702.31,67608.85574079445,74230.06572349265,66403.26
2024-06-08,32,5,114888.75,72965.92356906802,73003.11061351822,66319.3
2024-06-15,32,5,65564.19,74556.92149018723,73419.60020096746,63755.016
2024-06-22,32,5,103346.28,77276.8540013291,73455.13037942853,65914.0
2024-06-29,32,5,12912.92,78773.07794837945,76857.86739565663,74545.24
2024-07-06,32,5,41794.59,95305.28014007088,88394.46751691912,89567.23
2024-07-13,32,5,108245.6,79086.86313926076,76027.61448722621,71470.55
2024-07-20,32,5,97501.85,81262.15783308484,77219.00134569964,67895.62
2024-07-27,32,5,95172.95,84812.76735465735,76471.99169557902,73988.72
2024-08-03,32,5,13656.17,83677.53309210195,75224.26684643394,68725.16
2024-08-10,32,5,98677.87,86489.7602126819,70825.2427248757,66664.164
2024-08-17,32,5,50557.81,83311.24175721596,76051.36326195468,68218.15
2024-08-24,32,5,32995.35,79133.45768177521,72180.94348511714,68146.06
2024-08-31,32,5,62709.47,79227.51248890383,70656.50285912174,72796.11
2024-06-01,32,6,77540.35,65795.7306358731,67134.97419684815,64449.887
2024-06-08,32,6,51204.88,71249.56209199468,68606.83423867727,71038.03
2024-06-15,32,6,44653.36,67372.0114746145,67283.79893629467,66626.51
2024-06-22,32,6,66613.55,66558.76667465287,66582.81320622773,64683.414
2024-06-29,32,6,94250.45,68907.54119205268,67199.02923959435,66846.086
2024-07-06,32,6,90348.6,85162.3982464335,77750.38284411772,93025.22
2024-07-13,32,6,63946.99,73959.04824060883,67972.02091524492,67884.6
2024-07-20,32,6,42938.28,72048.67454017216,67410.62915840535,68166.11
2024-07-27,32,6,104482.24,79440.99376670935,67757.88025011147,70183.266
2024-08-03,32,6,55294.86,79882.12441009181,74377.01722481252,73913.2
2024-08-10,32,6,93115.63,85967.0308681053,74633.23655160572,73651.25
2024-08-17,32,6,18571.41,83273.81451569102,76119.34020208995,74543.25
2024-08-24,32,6,61401.41,81231.38385040747,74659.66945103335,72410.95
2024-08-31,32,6,44614.21,77914.39654375447,69270.49653279637,67785.484
2024-06-01,32,7,123709.38,65533.557811987346,67515.95855260734,68733.9
2024-06-08,32,7,94457.11,75786.8773968191,74801.50795291741,73802.945
2024-06-15,32,7,76163.6,76346.18380603573,74551.0099815917,68598.734
2024-06-22,32,7,39454.42,77075.89493108456,75059.91831934493,72656.26
2024-06-29,32,7,71724.09,81369.00275462863,74856.69134834703,72478.664
2024-07-06,32,7,46235.64,96936.04329255279,96803.47204799112,93334.93
2024-07-13,32,7,39839.88,80369.86431748723,76315.86476705887,73473.27
2024-07-20,32,7,103605.47,75448.39168423816,77179.52387883066,77871.79
2024-07-27,32,7,80861.68,85221.53995307948,76556.06315693363,76638.01
2024-08-03,32,7,132566.62,79081.86826180198,68687.79848008727,69000.53
2024-08-10,32,7,101509.6,88185.30135407357,75774.07476429945,78626.3
2024-08-17,32,7,45090.14,81304.38363269504,75894.06019516848,74140.664
2024-08-24,32,7,103207.31,83056.67848812847,75657.1297981337,75170.12
2024-08-31,32,7,13137.57,86783.76175514463,74322.90389677463,67064.016
2024-06-01,32,8,99376.35,73623.42255069505,78760.05244150058,77392.29
2024-06-08,32,8,41771.12,83762.65623438149,78434.80879330603,78189.59
2024-06-15,32,8,96106.5,80114.04185702527,77897.9813291836,79310.06
2024-06-22,32,8,57934.28,79696.9622307824,76579.16543808568,75993.03
2024-06-29,32,8,19250.16,74796.59062638637,67454.59880758819,72191.99
2024-07-06,32,8,48266.23,90675.44916540605,77749.6026792417,108014.555
2024-07-13,32,8,134036.63,73753.77315269466,67863.2277673921,75447.9
2024-07-20,32,8,56179.23,83845.51165704257,79354.81206725277,78014.43
2024-07-27,32,8,92863.26,84110.37167617213,72812.67918826338,79142.7
2024-08-03,32,8,33634.85,79383.52897875346,71344.37518616085,77162.06
2024-08-10,32,8,29043.68,87081.24305381672,73183.7340824913,77613.95
2024-08-17,32,8,18176.13,74739.80379705445,67880.96683108462,72838.766
2024-08-24,32,8,12849.33,73178.62098996082,71357.97442470143,74824.164
2024-08-31,32,8,119210.91,69084.8738143578,66849.45541453242,72044.68
2024-06-01,32,9,141093.17,76440.18332102723,78461.31342272575,75617.93
2024-06-08,32,9,97483.41,90223.92622167044,82356.86018958307,81458.04
2024-06-15,32,9,101130.32,90919.81150488445,84014.80266128578,82833.414
2024-06-22,32,9,81945.18,92630.8168453573,84650.5317426765,81427.51
2024-06-29,32,9,12465.03,91729.42582492935,82346.58893011165,79618.44
2024-07-06,32,9,37782.99,106456.08424438379,103948.48187607568,97771.07
2024-07-13,32,9,76261.52,87839.52136700947,77962.30903839096,80512.805
2024-07-20,32,9,103103.11,87316.36888339525,82043.95369542166,84133.945
2024-07-27,32,9,109993.65,90296.35506042326,79703.80545870833,85659.61
2024-08-03,32,9,68349.61,83264.76385421105,76358.20246945597,80962.52
2024-08-10,32,9,107483.84,85152.74487193648,75705.19776151278,79847.914
2024-08-17,32,9,78594.15,80122.34042341527,75673.81309928549,77191.77
2024-08-24,32,9,115266.15,79710.3656375393,76334.17883172337,79300.2
2024-08-31,32,9,131665.25,86628.50877786797,80667.76603613839,80008.96
2024-06-01,32,10,102563.64,80214.22073702828,84157.4883920505,80494.05
2024-06-08,32,10,60489.04,84507.72921465986,81008.71688833744,80658.58
2024-06-15,32,10,115952.8,78567.0159020033,77505.27352049043,79285.445
2024-06-22,32,10,66871.29,86655.21728568347,82863.89277055682,80446.664
2024-06-29,32,10,84384.79,87178.79357332323,79207.14508052709,80585.805
2024-07-06,32,10,105050.45,100428.94081131258,95292.00034179729,111238.06
2024-07-13,32,10,109366.94,91002.7638729832,79187.93337119628,79978.63
2024-07-20,32,10,48587.18,89693.63229051497,79806.63003330558,81333.37
2024-07-27,32,10,129708.09,90076.54869341286,78627.16816099046,82904.15
2024-08-03,32,10,69227.79,91226.16235095265,80882.02947335041,80808.79
2024-08-10,32,10,134946.94,98353.88341958055,81716.84284076876,80510.66
2024-08-17,32,10,121849.15,94009.89488562685,81334.70926943052,82748.445
2024-08-24,32,10,124583.16,94672.62987906483,82519.62355915707,83188.9
2024-08-31,32,10,115153.94,96241.97386316382,85488.62749267482,84818.07
2024-06-01,32,11,155756.21,80402.19937110652,83352.28978887903,88220.56
2024-06-08,32,11,28898.44,86602.6980110684,85289.81806705568,81412.38
2024-06-15,32,11,142347.6,78608.2489932072,81369.13022078766,92006.63
2024-06-22,32,11,99153.08,87255.33736047975,90475.8333560462,86175.85
2024-06-29,32,11,67800.34,93182.88448523736,89837.26408537365,88155.38
2024-07-06,32,11,128750.16,108632.45624952743,106650.85569551605,112464.055
2024-07-13,32,11,16414.35,91609.30372304207,81818.86514121153,82229.664
2024-07-20,32,11,30144.85,92496.12489746997,85745.97241296226,86184.21
2024-07-27,32,11,71862.37,93358.92794300165,82353.57346554316,88131.28
2024-08-03,32,11,121085.47,87332.00162773827,78948.74151191511,81094.8
2024-08-10,32,11,120147.92,97095.75431904398,81874.60876247234,86843.516
2024-08-17,32,11,34755.2,87567.4901051255,77708.56033392431,85183.54
2024-08-24,32,11,138071.59,81686.86124648643,77841.09571358869,83593.445
2024-08-31,32,11,78621.02,87988.60113804744,83631.43080067626,78713.53
2024-06-01,32,12,161066.14,77556.98514750352,81572.82210110445,83110.195
2024-06-08,32,12,76455.56,87382.7669359057,84293.58881112626,84197.7
2024-06-15,32,12,55579.8,84102.03007945008,83317.25304891773,85720.85
2024-06-22,32,12,52942.11,86405.60796873926,83858.73002129326,83695.81
2024-06-29,32,12,45899.44,88095.74444506687,86595.39154781692,87128.516
2024-07-06,32,12,163645.07,91380.9964967145,84150.65214049543,105164.336
2024-07-13,32,12,137440.87,92314.03954008702,87146.9174467619,87328.31
2024-07-20,32,12,36469.65,96222.50462943484,89308.41703349478,85630.87
2024-07-27,32,12,39068.65,96580.21317044998,89093.30276577132,91121.78
2024-08-03,32,12,39967.3,88958.83826268135,81826.87217096337,83739.02
2024-08-10,32,12,100560.55,91979.23900399552,78799.43985789875,83062.5
2024-08-17,32,12,90269.59,85532.23186803423,77611.6524957126,89395.48
2024-08-24,32,12,93900.69,86160.49043933454,76914.69983850764,84505.76
2024-08-31,32,12,84523.37,87211.0743155657,81860.88782015794,82494.52
2024-06-01,32,13,68503.14,78999.66193684298,81395.8730013114,87400.81
2024-06-08,32,13,152190.07,79610.47659149903,77266.24633982968,84522.836
2024-06-15,32,13,90140.72,86385.26842886381,87416.33074862137,90105.59
2024-06-22,32,13,105988.33,84767.16081567286,80633.11823194781,85146.94
2024-06-29,32,13,58389.0,87883.19059509048,81969.1938821075,85029.94
2024-07-06,32,13,209063.95,99674.30418259243,109202.0075900729,129226.43
2024-07-13,32,13,143690.45,97999.53376591357,89170.34299410885,93173.66
2024-07-20,32,13,26491.95,104792.7319436197,92766.80210843607,86349.33
2024-07-27,32,13,48609.52,108082.84166990308,91235.48661262215,94982.945
2024-08-03,32,13,162179.07,107784.56389505652,91159.30603415586,95484.43
2024-08-10,32,13,59127.88,112860.34444852691,88370.56573499675,85209.6
2024-08-17,32,13,93070.28,101766.28375691551,89525.21376393341,87084.055
2024-08-24,32,13,23397.52,97929.19160762522,87699.78411645089,93197.38
2024-08-31,32,13,93068.41,98354.70956615376,88680.42584750513,87761.99
2024-06-01,32,14,50414.82,97997.30913600771,93996.07836481188,97658.86
2024-06-08,32,14,140561.78,106438.19859076143,97472.86940317322,95544.47
2024-06-15,32,14,61765.18,101376.28034723908,98006.11615228195,96151.37
2024-06-22,32,14,21460.5,95663.78552452574,87384.95697388345,92024.234
2024-06-29,32,14,39264.07,88639.13146627671,88710.47528188564,92687.52
2024-07-06,32,14,19368.64,99637.5434546961,84233.55041256944,131126.12
2024-07-13,32,14,81839.56,70890.31093177662,69803.64660112579,84608.734
2024-07-20,32,14,133212.32,72966.64748951708,69660.1725062595,88102.32
2024-07-27,32,14,40295.55,85109.7080099076,75068.42026682498,88522.02
2024-08-03,32,14,45919.06,80040.06157986395,71727.03661483443,90021.96
2024-08-10,32,14,56308.31,79621.63020974543,74551.38819257772,84954.945
2024-08-17,32,14,76058.16,75515.64002967626,75778.09971827059,89628.96
2024-08-24,32,14,98070.09,72960.98899711162,70286.04970657139,88873.18
2024-08-31,32,14,89815.46,77730.22094132326,72550.66288152405,86808.79
2024-06-01,32,15,110245.9,89123.62779187452,87839.0738856668,90503.33
2024-06-08,32,15,31401.57,92250.86535742524,82085.38427256864,97968.45
2024-06-15,32,15,101682.66,88582.23204711944,85727.24902835708,95910.24
2024-06-22,32,15,177301.0,88169.86243361232,81828.9464804984,90249.805
2024-06-29,32,15,30148.89,96366.651353133,90247.05301418975,94999.086
2024-07-06,32,15,119975.61,104260.85116261058,110816.79427942229,132865.0
2024-07-13,32,15,116875.22,91175.09345049772,88569.48475718392,93827.07
2024-07-20,32,15,132686.11,98304.18787741492,92181.34422257222,90489.48
2024-07-27,32,15,79979.59,100762.26212590383,87545.90428182152,102146.664
2024-08-03,32,15,135629.38,93030.90812934871,81920.60824213945,83483.164
2024-08-10,32,15,77572.84,106877.47818988634,88886.86482265091,94390.516
2024-08-17,32,15,144303.78,100602.46772597838,89132.26702062984,96652.17
2024-08-24,32,15,79236.91,97756.73595984015,88050.2789838811,102779.73
2024-08-31,32,15,176954.68,101519.00744400182,90333.98839357294,92768.125
2024-06-01,32,16,136812.12,91764.45387671443,96750.56965203756,97137.44
2024-06-08,32,16,90213.8,90589.91660095213,98333.75559958006,97646.05
2024-06-15,32,16,44626.95,92932.57592027122,93597.22724886214,97839.78
2024-06-22,32,16,28278.77,99516.7415247703,91070.73095287688,95850.06
2024-06-29,32,16,114364.05,93903.29448352315,91307.85281314135,99767.45
2024-07-06,32,16,85239.83,113662.2234428958,100514.39581281864,123659.984
2024-07-13,32,16,140343.43,91733.42271878224,89301.13620741614,96955.7
2024-07-20,32,16,143639.86,91809.83818051699,93316.60004562153,104926.42
2024-07-27,32,16,133884.48,94970.89933049519,95230.04077923406,98065.375
2024-08-03,32,16,127260.65,91459.86742068394,100557.5747115817,97327.65
2024-08-10,32,16,41074.16,97549.5451798767,98533.23631035988,98473.55
2024-08-17,32,16,44185.76,99444.25822662658,94354.68365518571,100510.445
2024-08-24,32,16,137515.97,101362.52800887197,91115.6482621216,94660.0
2024-08-31,32,16,29548.68,104185.24556719203,94844.21094120818,98496.2
2024-06-01,32,17,161532.5,88502.71249251606,95429.79120527535,95280.125
2024-06-08,32,17,23849.31,100094.56864076696,94345.50555777807,99505.9
2024-06-15,32,17,129821.81,98606.74518648107,97441.65043046192,97022.79
2024-06-22,32,17,105278.96,107121.17467627296,96594.1243402205,98865.086
2024-06-29,32,17,86472.03,105479.33421608777,95425.49974053552,100604.22
2024-07-06,32,17,189936.66,110833.8465446478,115732.72924697727,131240.92
2024-07-13,32,17,184573.4,100965.85231945457,94236.3905058466,92485.32
2024-07-20,32,17,61355.9,106502.12689347757,98875.32379207932,97657.7
2024-07-27,32,17,117455.3,110339.56514918208,97363.53354978023,97568.26
2024-08-03,32,17,135492.9,106811.8262411211,97062.41314032879,97573.72
2024-08-10,32,17,25246.99,119881.3641198212,102551.865778886,108808.66
2024-08-17,32,17,51398.64,106312.79777086395,100440.16048718628,106253.02
2024-08-24,32,17,52604.86,103403.61537044297,100831.61135726245,102074.22
2024-08-31,32,17,17908.56,101549.91111574892,98243.86843156646,99246.44
2024-06-01,32,18,20158.19,92282.61524310726,100982.32581532793,107332.38
2024-06-08,32,18,95159.61,97578.52305690039,100264.43293260901,103070.12
2024-06-15,32,18,41213.13,98001.70972321575,99605.76967010635,111616.98
2024-06-22,32,18,68082.75,97626.45710900161,98850.49469136023,107374.99
2024-06-29,32,18,17698.93,86225.17040685605,99572.0435534487,103779.08
2024-07-06,32,18,189066.34,100186.0336680401,98086.97436045222,148161.33
2024-07-13,32,18,23054.86,98018.35497190652,99961.19870446887,107461.625
2024-07-20,32,18,182651.38,86280.74723644077,103103.48595201931,111482.01
2024-07-27,32,18,150407.87,96152.02328913676,90664.61770565502,100214.25
2024-08-03,32,18,145141.17,100230.25449916723,102151.5206996235,105566.48
2024-08-10,32,18,123135.61,106349.7004435208,104851.03474403067,106746.516
2024-08-17,32,18,183673.23,99985.14430948521,107944.6863236658,105683.414
2024-08-24,32,18,57426.71,107250.43479948273,108133.84467573072,104488.96
2024-08-31,32,18,54271.92,114393.86951633787,103079.08812781303,101901.76
2024-06-01,32,19,166497.27,102177.79374892145,113982.13446811985,116441.64
2024-06-08,32,19,85623.4,111949.76411402607,113962.30659472702,116119.945
2024-06-15,32,19,123054.52,106559.80891813684,115689.59759294885,113012.984
2024-06-22,32,19,56252.53,105474.71612289312,112111.65514955804,119387.4
2024-06-29,32,19,53672.58,101235.9535417665,104829.39510244921,119270.89
2024-07-06,32,19,147179.86,113071.96942345958,110346.52978805332,138016.39
2024-07-13,32,19,175643.82,98616.5440249292,96564.50384122432,108181.79
2024-07-20,32,19,151407.47,108118.62786233469,113091.71213421816,117390.65
2024-07-27,32,19,101309.92,109468.92387126997,113478.80174480825,118124.97
2024-08-03,32,19,87371.99,99698.81081849415,101636.18397350305,112135.13
2024-08-10,32,19,62941.65,109260.58770435848,107543.38692395197,115983.836
2024-08-17,32,19,148109.33,100437.32367733997,98503.10712721042,114722.625
2024-08-24,32,19,34498.25,105373.28391289752,106888.46747346448,107205.055
2024-08-31,32,19,89671.7,105655.84352568572,107352.3348359836,125658.31
2024-06-01,32,20,116826.62,88865.4264964938,109024.81513444736,113912.59
2024-06-08,32,20,108517.37,94364.39267077102,108243.22545492435,101172.586
2024-06-15,32,20,110342.67,86129.41056193193,100946.60877372963,103621.82
2024-06-22,32,20,119960.5,90694.01675097606,106256.46839579492,106924.336
2024-06-29,32,20,17759.31,81250.02464568039,98957.76136241773,103485.195
2024-07-06,32,20,134559.11,104429.38800560567,117622.10418375515,150399.72
2024-07-13,32,20,64940.2,92174.41977007288,103729.03987177573,108773.164
2024-07-20,32,20,124349.86,91395.5846665283,102691.29789434698,106786.016
2024-07-27,32,20,87971.09,101163.79368087178,104752.73035411401,114641.82
2024-08-03,32,20,167819.36,93807.978156367,106407.86074032907,101892.516
2024-08-10,32,20,161222.27,104863.50025607826,100593.98700915142,105318.62
2024-08-17,32,20,177699.49,100578.88486227868,108587.74430592678,103699.25
2024-08-24,32,20,177733.87,103035.27754887915,119797.76400731262,115727.13
2024-08-31,32,20,182393.29,108395.31951794235,107324.3026676721,108513.44
2024-06-01,33,1,11508.3,44753.089404964674,38658.37284767314,38880.02
2024-06-08,33,1,41052.52,42756.451391551724,38861.18771586731,39242.12
2024-06-15,33,1,12772.36,40490.538429839995,38133.59141138203,38401.734
2024-06-22,33,1,53479.42,40350.91545225746,42815.93445820018,38129.9
2024-06-29,33,1,38760.16,48499.229548256124,39987.76306226872,38154.15
2024-07-06,33,1,19895.31,52960.333602614286,46648.56068736331,42747.41
2024-07-13,33,1,50533.88,38111.71627318499,39028.61106340135,38430.94
2024-07-20,33,1,8876.51,48121.138920957856,39387.67684493049,36397.688
2024-07-27,33,1,57017.2,47644.314962957935,38096.05757678777,37819.625
2024-08-03,33,1,20496.36,53772.39101810172,40369.020989385164,38823.67
2024-08-10,33,1,36306.63,46446.31877970542,29763.58228396167,38106.246
2024-08-17,33,1,41240.93,43444.76181713578,37958.71666336602,39242.26
2024-08-24,33,1,57284.88,41643.84350205932,36492.38166416209,36001.58
2024-08-31,33,1,70504.68,55444.72107065534,42823.89597056349,37607.582
2024-06-01,33,2,61137.06,43494.29391551881,38356.53852609589,42120.76
2024-06-08,33,2,12011.41,46213.17981950127,36655.61125135581,43110.707
2024-06-15,33,2,68327.5,41046.49758127944,39561.92948492396,40423.99
2024-06-22,33,2,26312.79,42307.23631221053,39775.46870730435,37189.4
2024-06-29,33,2,23053.15,51814.1960244546,39180.67786998544,38655.402
2024-07-06,33,2,41739.62,56480.51786928907,58824.25181293374,53452.887
2024-07-13,33,2,33837.49,44554.582016716144,40531.492080681,41629.07
2024-07-20,33,2,54454.23,50252.43353658348,37724.67527185047,43253.36
2024-07-27,33,2,32230.58,51820.36199038734,40880.954480984736,43621.758
2024-08-03,33,2,37592.64,52162.73230343592,39534.74842974743,42841.832
2024-08-10,33,2,67591.28,47331.18500207943,40564.25103485904,42298.535
2024-08-17,33,2,20893.86,44934.969022413185,40819.90696500412,42984.953
2024-08-24,33,2,66737.72,44443.266294173096,39890.946677799446,41762.91
2024-08-31,33,2,17183.17,60791.35565246788,44208.43486067767,45278.312
2024-06-01,33,3,33948.19,44000.735653574986,44651.30359456095,41853.523
2024-06-08,33,3,17669.91,42367.37508764861,44733.44775238989,41121.418
2024-06-15,33,3,40608.63,41162.15822395934,44446.48056632211,41367.266
2024-06-22,33,3,27039.69,42499.409104328486,44162.743957354185,43072.152
2024-06-29,33,3,37389.58,51280.33970153028,46064.30395304418,43337.625
2024-07-06,33,3,90844.61,55302.99532476623,61531.362058079925,56150.727
2024-07-13,33,3,55569.24,46713.596137152075,46028.009412114065,42935.04
2024-07-20,33,3,28964.43,54166.80830116489,47711.69117551025,42837.164
2024-07-27,33,3,62056.96,53929.02331382229,46163.0697302547,43434.332
2024-08-03,33,3,39867.21,59280.025496983006,49264.355547264095,44458.742
2024-08-10,33,3,22357.35,52784.119828807765,49161.70981629011,45008.48
2024-08-17,33,3,14876.57,48291.364640075764,47785.12227728753,47236.875
2024-08-24,33,3,44252.31,48396.614972204545,46171.61418149862,44614.33
2024-08-31,33,3,30995.37,60618.56067442487,49710.7992854548,47649.84
2024-06-01,33,4,67758.29,55173.00262746437,55271.54015868387,48442.426
2024-06-08,33,4,14734.53,54186.04887183394,48785.859429382646,46564.586
2024-06-15,33,4,28560.36,49751.19207508477,49029.41421077078,46126.48
2024-06-22,33,4,21642.18,49580.54943549801,45689.75672329246,45817.105
2024-06-29,33,4,60079.18,56765.93158399029,46380.65953014605,45753.69
2024-07-06,33,4,71457.58,62398.171101156964,60697.32148688307,59952.723
2024-07-13,33,4,31299.52,51629.46154553217,48790.978037458604,46621.96
2024-07-20,33,4,82300.16,55402.70501152136,47143.10762580192,46757.31
2024-07-27,33,4,9870.3,56438.5831523992,49124.12384878142,44242.695
2024-08-03,33,4,68385.34,57785.10694597073,47645.33423575207,47493.555
2024-08-10,33,4,34629.81,54855.96847444113,49850.34274985787,48260.93
2024-08-17,33,4,20894.72,52359.99365062286,50569.11563547261,49113.785
2024-08-24,33,4,58302.77,49940.7879622384,50144.772970113845,48226.734
2024-08-31,33,4,27425.44,62795.640427890605,48748.68220881756,46113.5
2024-06-01,33,5,7413.79,49201.683990558835,50944.7751987035,48285.316
2024-06-08,33,5,39576.22,49473.342796575926,48062.011437429435,47579.047
2024-06-15,33,5,80313.54,49941.51619751487,47404.77919237232,46681.445
2024-06-22,33,5,82342.06,55216.333620080804,51757.54771539851,47360.848
2024-06-29,33,5,69028.51,64560.64900475466,56941.647323431825,51392.66
2024-07-06,33,5,86466.68,67340.10324231151,68342.71215180456,64017.6
2024-07-13,33,5,21001.49,54529.03903211223,55723.14982244263,47780.832
2024-07-20,33,5,63255.01,63468.2725232758,55641.958468863006,48965.77
2024-07-27,33,5,76516.29,62927.009295098054,56471.169660694526,48778.63
2024-08-03,33,5,16523.04,70799.11261894985,57143.712743994576,46187.69
2024-08-10,33,5,80572.72,62262.388091657565,58538.97063864399,49246.324
2024-08-17,33,5,86231.93,58882.04508555926,56359.31580498519,46711.656
2024-08-24,33,5,71824.99,59118.97560761241,57555.02676252029,47533.008
2024-08-31,33,5,12600.24,70802.06257413854,59483.77667016825,46854.68
2024-06-01,33,6,21357.56,46773.894419189746,49794.42383432063,49849.89
2024-06-08,33,6,41916.16,45308.99257128361,49637.44030790919,52463.27
2024-06-15,33,6,35137.27,41401.011957974006,46889.40309238936,45189.645
2024-06-22,33,6,9441.74,38208.145200583494,46842.33128187247,45060.246
2024-06-29,33,6,74052.49,45759.94647203676,42995.07537493505,45618.25
2024-07-06,33,6,46145.27,56968.94477754147,54585.59258805757,57713.348
2024-07-13,33,6,42145.0,44166.878606075945,46155.35606376751,45849.633
2024-07-20,33,6,57363.18,51804.56196221799,48181.169711005845,48021.1
2024-07-27,33,6,26209.83,52461.14080401566,47446.33539886688,47407.305
2024-08-03,33,6,83411.39,55157.27146918917,48619.14945451554,47559.098
2024-08-10,33,6,66397.96,53405.55644591504,52059.55357070122,49853.23
2024-08-17,33,6,51064.29,51782.83076297085,51788.82395548571,49953.027
2024-08-24,33,6,58220.24,53230.41414052327,58894.32044638126,50275.83
2024-08-31,33,6,62877.04,64234.29438900621,55056.1371955524,52290.574
2024-06-01,33,7,46941.65,52881.89603070774,56785.15470558744,54205.78
2024-06-08,33,7,78643.68,56908.892660894526,57246.00565386324,53159.137
2024-06-15,33,7,17128.82,58764.322499568625,58977.09774268158,53028.816
2024-06-22,33,7,59282.71,61993.801876014906,59587.993712101925,54738.016
2024-06-29,33,7,61345.33,66929.86337057498,58635.808081578674,56135.34
2024-07-06,33,7,129594.14,72796.93611518727,64672.313643275564,77392.85
2024-07-13,33,7,49605.52,64306.95446656098,65213.231459437826,54599.76
2024-07-20,33,7,9046.37,68471.73174245583,62767.01921551641,52142.21
2024-07-27,33,7,71772.37,65618.02296618605,62817.61402214382,56248.89
2024-08-03,33,7,13151.15,71735.79520453111,67308.4659627409,56436.895
2024-08-10,33,7,67480.27,57899.97311714567,51970.731528452176,52856.637
2024-08-17,33,7,31058.78,57538.984039474664,58277.60675900363,55681.8
2024-08-24,33,7,92354.69,54701.92608564352,58330.19872296075,54337.785
2024-08-31,33,7,59330.96,69601.86526469322,60521.65475992968,58937.676
2024-06-01,33,8,40101.95,46851.25352359793,47398.47351816208,50418.42
2024-06-08,33,8,96537.29,48265.3797050037,49890.121526645555,52738.402
2024-06-15,33,8,63984.62,54517.405791428224,53563.19799698423,52748.55
2024-06-22,33,8,40660.92,52736.78055148526,51733.7587192744,51056.73
2024-06-29,33,8,47888.34,57990.91676530291,51681.80426035122,51197.7
2024-07-06,33,8,101375.71,64402.74614831636,65185.77035578289,67159.5
2024-07-13,33,8,63814.48,56266.712078251956,58628.49447262231,53296.027
2024-07-20,33,8,74518.82,64597.42523173491,59118.18059240374,54993.008
2024-07-27,33,8,33097.62,66190.67296702441,58667.33765322535,55419.684
2024-08-03,33,8,71621.64,70007.15286560572,59942.308190589894,56376.195
2024-08-10,33,8,43418.31,60766.498943609295,58250.88421500291,53159.61
2024-08-17,33,8,84664.67,56477.39152710861,57430.97866954907,55397.8
2024-08-24,33,8,28513.26,58914.00196071997,60452.44479243935,54882.863
2024-08-31,33,8,57132.34,70910.06042865838,59614.88398120635,57755.656
2024-06-01,33,9,47761.95,58249.61719001541,57691.59070975038,55538.28
2024-06-08,33,9,33486.24,56899.225293998905,58133.14058916323,57549.145
2024-06-15,33,9,97413.67,55661.303926088636,57591.71544082477,56044.707
2024-06-22,33,9,26135.05,59246.961724392655,58910.791831265444,57951.24
2024-06-29,33,9,58124.9,63113.48506401358,56352.14198822816,58136.87
2024-07-06,33,9,41041.82,66826.43934275833,70740.72837211643,70571.23
2024-07-13,33,9,85688.45,53974.15402792328,52802.70810405601,54311.15
2024-07-20,33,9,48797.9,60907.02324056476,57336.13908581972,55618.098
2024-07-27,33,9,98272.09,60318.65128473598,56883.77641558533,55784.848
2024-08-03,33,9,19459.25,67251.64288972056,58965.19698783453,57006.266
2024-08-10,33,9,34649.5,61557.89665205108,59382.32694534715,57264.926
2024-08-17,33,9,85705.21,54016.69159824357,52996.64288450964,55549.312
2024-08-24,33,9,47754.56,59068.39337867236,60372.96370920449,58966.88
2024-08-31,33,9,94888.5,68754.62316872671,59134.52948832604,58173.742
2024-06-01,33,10,105265.4,55896.52410374415,52771.33516386744,56867.01
2024-06-08,33,10,101462.01,62151.33150255752,65270.455874205036,60481.684
2024-06-15,33,10,32309.75,64010.58840677782,64899.35885167632,61538.32
2024-06-22,33,10,83259.9,61766.578696838194,63847.83146231677,61921.234
2024-06-29,33,10,64118.75,70446.15793166187,59317.352426443154,59951.117
2024-07-06,33,10,12171.29,74897.26367562599,71429.52273168946,79016.5
2024-07-13,33,10,14960.14,55091.55520574636,58427.46985629813,58629.812
2024-07-20,33,10,28623.7,64474.548725053966,58280.295527442635,60243.87
2024-07-27,33,10,100405.38,63252.6499447391,59937.01514845139,59174.59
2024-08-03,33,10,81026.75,67254.45445830247,63123.29694214696,59715.812
2024-08-10,33,10,29187.33,58246.845331843906,54084.84007316288,54929.06
2024-08-17,33,10,52531.37,52929.502251943,53928.2798156724,55764.066
2024-08-24,33,10,76186.16,50803.82830454644,52859.51547482769,54022.523
2024-08-31,33,10,89592.38,64041.623216029104,53300.92244383118,55468.86
2024-06-01,33,11,104823.8,56240.46389872018,57531.81922541087,56209.65
2024-06-08,33,11,18919.61,59911.20060612176,59721.511021775106,60380.887
2024-06-15,33,11,57858.24,60734.57497133647,61751.35003685931,61096.957
2024-06-22,33,11,38013.03,62860.511075451046,61028.69186767282,62193.65
2024-06-29,33,11,40390.01,71682.2155766431,61408.99433049463,62051.188
2024-07-06,33,11,67488.39,71113.96121279319,70129.65380074445,78729.234
2024-07-13,33,11,88471.39,54846.170410397965,57727.32379110364,57427.055
2024-07-20,33,11,24904.38,62613.607611225925,58243.3505403589,58338.293
2024-07-27,33,11,58891.31,61245.08925825489,58538.95617927336,59738.047
2024-08-03,33,11,16275.94,61328.67378086002,53539.10480370246,56460.72
2024-08-10,33,11,20255.15,56805.38834179831,53151.220784263125,58428.383
2024-08-17,33,11,37543.61,48480.04891980302,51583.64318169787,56607.855
2024-08-24,33,11,82160.14,48569.20534554037,52373.282520518515,57259.895
2024-08-31,33,11,82880.35,65174.70577107289,53418.909760612274,58384.723
2024-06-01,33,12,35119.04,56660.676584900015,58718.649147746124,59789.96
2024-06-08,33,12,112826.53,52933.595877315696,51517.946489817135,56958.688
2024-06-15,33,12,13393.01,55981.79030668183,61810.41882402034,61913.5
2024-06-22,33,12,98923.94,51360.46048375501,50184.27775031542,55938.664
2024-06-29,33,12,99455.38,65236.75982289826,56476.528686404,58438.547
2024-07-06,33,12,65383.78,77001.51173470446,78433.71303756679,75951.3
2024-07-13,33,12,67540.26,61731.049403226345,64234.841785980825,65052.02
2024-07-20,33,12,23155.04,68726.44518757638,68669.83692845209,65749.055
2024-07-27,33,12,9990.73,68016.1194397547,59735.403835711404,59949.805
2024-08-03,33,12,82139.23,69062.01800274343,61196.19669119429,61533.78
2024-08-10,33,12,98823.12,62393.20464299524,58525.178382418206,59989.477
2024-08-17,33,12,80753.56,64400.7060937579,63993.91805120118,64854.06
2024-08-24,33,12,20155.42,60304.02618507953,63296.51348975497,62566.812
2024-08-31,33,12,64792.57,67841.19021759988,59673.456853531636,59065.08
2024-06-01,33,13,38069.22,64143.17064223774,68282.2895458062,65399.395
2024-06-08,33,13,66545.14,62943.5909077888,62584.059313634985,64155.047
2024-06-15,33,13,28880.41,64476.962976193674,70926.90312623518,67222.97
2024-06-22,33,13,15165.06,64045.56125971427,59816.710394891656,62488.75
2024-06-29,33,13,32783.15,69312.60077573993,63086.971539495906,62588.133
2024-07-06,33,13,119006.56,72635.04341059097,63825.63080015466,82749.31
2024-07-13,33,13,109667.49,63748.97873956466,65683.86849706578,65923.766
2024-07-20,33,13,109829.91,69679.50952352042,68904.25155781658,64885.098
2024-07-27,33,13,13831.16,66768.53081277438,68062.32822625998,65551.945
2024-08-03,33,13,53096.34,70390.86427184058,67191.99017370316,64497.234
2024-08-10,33,13,62848.68,64406.86260689637,65864.21110450149,62676.273
2024-08-17,33,13,80624.59,63144.46306332436,65052.21421857274,66444.77
2024-08-24,33,13,46283.52,64043.58128847571,74510.9027739329,68503.92
2024-08-31,33,13,79939.02,75207.76400180662,69888.98172105032,66121.13
2024-06-01,33,14,56032.5,73504.04854954628,72204.37920344314,70355.76
2024-06-08,33,14,52546.7,69901.69848850797,73693.65410410492,69042.94
2024-06-15,33,14,39543.74,63022.760168636836,69818.27251065007,67546.09
2024-06-22,33,14,47810.67,60814.105762701634,59867.433060399526,63847.74
2024-06-29,33,14,105172.03,62727.463641838076,57152.243388839466,62738.07
2024-07-06,33,14,43987.93,73856.96465888989,71337.37962807254,85055.33
2024-07-13,33,14,36069.92,60234.35218095368,60061.98509495856,64929.246
2024-07-20,33,14,87891.15,64520.85878267217,59586.73163735162,62689.188
2024-07-27,33,14,34175.13,65335.97656393353,59397.79828591626,62746.22
2024-08-03,33,14,67428.08,64678.63591311205,59129.05337353173,62570.906
2024-08-10,33,14,95838.99,59280.391044899814,58560.67907191897,60692.652
2024-08-17,33,14,101495.07,60064.712269881486,59631.59714081746,63653.234
2024-08-24,33,14,79714.16,62214.15486518673,76586.22958845521,70361.6
2024-08-31,33,14,36823.38,70823.12251017962,62099.427226095126,66090.54
2024-06-01,33,15,29774.42,67320.40153314799,69249.7831722998,68866.445
2024-06-08,33,15,52901.17,58465.12261890094,62959.41930673076,68387.25
2024-06-15,33,15,17889.12,54388.77672818841,60431.59261977673,66093.19
2024-06-22,33,15,121863.99,48798.34004910141,53174.477699748364,63422.87
2024-06-29,33,15,65649.4,67063.7103144158,63906.8350428165,68665.21
2024-07-06,33,15,44212.07,67665.8892040631,73264.22185033631,73135.0
2024-07-13,33,15,74969.6,53230.37873343129,54577.26290487036,62935.24
2024-07-20,33,15,26087.01,62359.740854340176,57984.589141439006,68823.75
2024-07-27,33,15,59626.17,60871.11965813538,58950.08254695921,67849.08
2024-08-03,33,15,71789.6,65299.395560898185,59152.749229910405,65149.957
2024-08-10,33,15,94198.22,60980.884605153355,58132.214519168985,68259.52
2024-08-17,33,15,58222.79,61971.325090961305,75427.18361881364,72224.164
2024-08-24,33,15,110148.31,55067.45071353217,60363.667452479654,63880.645
2024-08-31,33,15,124126.52,72138.94073818167,61951.46859189649,69203.36
2024-06-01,33,16,113689.88,68314.02915232658,72560.79486174305,77740.734
2024-06-08,33,16,87277.56,70590.42504362162,73547.25014918933,74186.42
2024-06-15,33,16,43721.34,65076.715038202085,73573.592310923,74423.586
2024-06-22,33,16,95812.75,63384.45115661769,73745.96282307841,75162.11
2024-06-29,33,16,112904.86,70272.8730183159,60847.21037382424,71868.24
2024-07-06,33,16,117066.13,79683.3162507765,87761.6061285842,94122.28
2024-07-13,33,16,100232.88,71379.99111211803,74483.30747000623,77160.08
2024-07-20,33,16,17463.72,76210.7197424268,74879.6775836211,75756.055
2024-07-27,33,16,40700.54,80702.48117006538,71585.42553584978,77793.81
2024-08-03,33,16,62530.81,80177.95192100716,73917.0859916059,70871.72
2024-08-10,33,16,20983.21,71324.45415149312,77396.91645846008,71980.15
2024-08-17,33,16,85822.21,62887.03882274431,74226.53080337454,84494.38
2024-08-24,33,16,18968.52,62489.93645999647,76242.43255190957,73645.71
2024-08-31,33,16,17574.24,69862.83520128057,61506.119966680904,69573.27
2024-06-01,33,17,54401.86,81002.25103462287,74667.55699448945,77617.48
2024-06-08,33,17,47434.14,78155.63307393275,68836.95861943724,78971.53
2024-06-15,33,17,66561.56,72266.25040904133,74659.20304029809,80539.77
2024-06-22,33,17,38780.29,68911.60705165582,72172.40667326082,77122.836
2024-06-29,33,17,22621.04,69933.20237570858,69713.83261142085,73857.66
2024-07-06,33,17,104689.83,71940.10432669774,92667.03116885411,101329.73
2024-07-13,33,17,56811.83,60722.46628724009,67130.68615161549,74118.88
2024-07-20,33,17,25324.06,68564.85448527345,64053.42898965944,75616.58
2024-07-27,33,17,96782.31,61288.531228691274,59143.31087242126,69805.7
2024-08-03,33,17,40931.8,67704.31417577865,68499.62952463,77798.52
2024-08-10,33,17,126996.9,59540.07523107314,60893.518543654325,71457.195
2024-08-17,33,17,14211.21,61846.92600653464,67388.17862979963,76145.516
2024-08-24,33,17,90491.58,61019.09442872239,65884.34682642226,76150.51
2024-08-31,33,17,61173.58,77872.09374316264,74056.62377368311,76085.8
2024-06-01,33,18,80933.44,67057.0671400376,72388.92480464208,77300.555
2024-06-08,33,18,99339.96,69891.84254820165,78051.90478424571,80715.82
2024-06-15,33,18,136139.2,73059.43035769521,71412.19934445542,72443.4
2024-06-22,33,18,71104.54,75283.84441505518,72665.28953447436,72174.87
2024-06-29,33,18,34743.09,86212.54230198383,73658.80974858435,74652.18
2024-07-06,33,18,91857.5,94544.10132268636,93565.69854667479,91436.95
2024-07-13,33,18,72200.32,78855.13639149981,71883.09676122172,74417.49
2024-07-20,33,18,34022.97,79764.64155420559,72826.88620954083,72912.88
2024-07-27,33,18,75628.08,73911.65200114236,77027.84629351691,73967.44
2024-08-03,33,18,61162.53,76178.28201688017,73836.68303523088,71447.16
2024-08-10,33,18,81333.81,66098.74312320739,75040.4381610402,75314.81
2024-08-17,33,18,12404.62,58520.420027089094,60657.018799765065,68427.19
2024-08-24,33,18,70762.58,56410.96916836309,66415.08163863805,68017.87
2024-08-31,33,18,38155.45,71868.76136765344,62447.53680394204,69665.49
2024-06-01,33,19,44617.97,73147.95091754702,82667.54300052987,78113.99
2024-06-08,33,19,119066.19,65004.31071066061,64069.14610400794,75323.305
2024-06-15,33,19,118874.69,63639.444710025,66282.82039770129,70747.4
2024-06-22,33,19,35811.59,65538.75341975069,73141.3358595477,70411.47
2024-06-29,33,19,100183.82,72397.39074779305,78785.03709797167,79828.17
2024-07-06,33,19,124851.88,76370.79847322265,84776.16993168111,92082.664
2024-07-13,33,19,32987.15,65415.798425842,75250.56952168325,78522.7
2024-07-20,33,19,69383.56,73995.55777833017,77034.56925255092,79288.695
2024-07-27,33,19,71063.6,77550.61781422875,79906.84085876762,78869.984
2024-08-03,33,19,73065.34,82481.49117757351,76227.8467827351,77470.84
2024-08-10,33,19,67010.73,68935.96579010825,75887.32533092698,73980.445
2024-08-17,33,19,128619.15,59445.23845288646,74992.27852353276,74847.61
2024-08-24,33,19,36602.81,68952.08900620716,79232.28780309201,75518.375
2024-08-31,33,19,48533.91,78661.86438776451,77073.97993889831,79371.3
2024-06-01,33,20,110420.18,70699.65996078218,73880.30701591117,75619.22
2024-06-08,33,20,131822.47,72835.48744380235,76017.75402576613,72351.13
2024-06-15,33,20,43263.38,77310.51981718937,72009.71273686536,76974.586
2024-06-22,33,20,80055.48,73249.58898537004,75317.77195068116,76791.89
2024-06-29,33,20,110270.19,77320.98703082648,72731.6006346803,79672.71
2024-07-06,33,20,132945.14,85154.42104731518,86959.82074863449,85915.414
2024-07-13,33,20,30071.65,73695.12077085735,77334.93163263865,81860.76
2024-07-20,33,20,139356.51,78625.74269850994,71097.503824725,75301.06
2024-07-27,33,20,117294.97,87462.97311944436,74661.0749990974,76039.37
2024-08-03,33,20,70787.07,90662.44303181203,75445.77369883328,75704.21
2024-08-10,33,20,27980.6,78781.09743364074,81264.53298568777,78974.47
2024-08-17,33,20,33599.43,76043.25994613144,74436.82095097081,81249.78
2024-08-24,33,20,133048.97,72450.08874337608,77089.27535295789,78028.48
2024-08-31,33,20,112700.92,87739.9700893689,81480.4815150953,82111.31
2024-06-01,34,1,4495.77,14376.47704693783,11370.394293567408,9173.927
2024-06-08,34,1,11591.81,13375.536006470411,11814.145622712542,9057.756
2024-06-15,34,1,10270.17,11715.131215331654,11980.091269075563,9148.231
2024-06-22,34,1,13507.51,11235.184736441854,10746.833750248315,8439.367
2024-06-29,34,1,2182.18,14727.782967564071,11920.14878014992,9206.227
2024-07-06,34,1,22133.98,32588.77518183318,15369.967453778223,12142.443
2024-07-13,34,1,6118.43,9224.915031916276,12927.47614368991,9576.513
2024-07-20,34,1,4429.34,9672.348538060942,11112.952676297085,8820.457
2024-07-27,34,1,12202.51,15773.88997418945,10617.81806016607,8558.24
2024-08-03,34,1,2561.74,12342.531909022266,11783.034747198275,8897.527
2024-08-10,34,1,5356.56,14655.54259307339,10860.521746389404,7731.2163
2024-08-17,34,1,1632.27,16140.798156914956,11113.200364099328,7626.622
2024-08-24,34,1,14129.7,8175.978925058258,10003.1354381854,7029.855
2024-08-31,34,1,12935.98,7682.101461377188,11421.556470377505,8065.1113
2024-06-01,34,2,1929.91,13585.443010381237,11965.882620351971,9212.91
2024-06-08,34,2,3404.98,12499.108510150727,9613.658121490262,7971.0034
2024-06-15,34,2,10556.82,10776.753178006707,10478.54718423272,7903.2534
2024-06-22,34,2,10731.51,10736.368254692938,10469.684552009057,7804.763
2024-06-29,34,2,6234.28,13475.455403954526,10475.11841967611,7651.217
2024-07-06,34,2,4950.08,31535.035354401705,10263.415647186373,11099.393
2024-07-13,34,2,1703.77,6592.846186451443,10271.882380996643,7025.2397
2024-07-20,34,2,8796.88,7172.433958077701,9406.85951642457,6981.3306
2024-07-27,34,2,4038.09,13310.417929326883,9236.357230707328,6995.3003
2024-08-03,34,2,16394.97,9357.844994676641,8877.447873953626,7073.2417
2024-08-10,34,2,12193.1,14244.017147177492,11176.250646185563,7686.4136
2024-08-17,34,2,11040.34,15894.515836394712,10739.93733075574,7623.807
2024-08-24,34,2,6381.22,8294.413987198881,10829.556327479311,7591.1343
2024-08-31,34,2,12981.07,7070.198741975713,10862.27595480272,8075.811
2024-06-01,34,3,6066.16,14743.06644863444,11566.50918035049,10257.116
2024-06-08,34,3,14310.39,13665.029777255171,11752.248003717761,9461.3545
2024-06-15,34,3,8933.44,11990.756069234936,11574.856079678199,9370.548
2024-06-22,34,3,5072.22,11736.383575864125,11478.349018963489,9631.967
2024-06-29,34,3,4930.2,14128.685342547531,10395.82365224691,9439.955
2024-07-06,34,3,18813.97,31913.077971499137,9953.368888936082,11424.975
2024-07-13,34,3,13342.22,8731.949641521547,11465.122625352506,9212.297
2024-07-20,34,3,2723.84,9723.895077546906,11443.856881561838,8818.508
2024-07-27,34,3,3848.31,15405.001962048686,10126.979451695588,8682.94
2024-08-03,34,3,16462.44,11513.743286053545,10652.51781130157,8760.45
2024-08-10,34,3,9252.59,15214.995572705862,10537.666474844513,8553.195
2024-08-17,34,3,10375.69,16791.169864338895,10800.308108423398,8665.402
2024-08-24,34,3,7792.45,9396.873851741264,10492.029481300782,8457.74
2024-08-31,34,3,10527.26,8216.544500490563,10801.73256394662,8872.491
2024-06-01,34,4,2583.01,13506.208151385217,10233.258551234157,9249.862
2024-06-08,34,4,4917.19,12388.645202893276,10590.383824475453,8744.749
2024-06-15,34,4,14424.06,8735.649596967804,9101.439475255642,7581.933
2024-06-22,34,4,3094.18,9725.35811264383,9015.035697438449,7634.9565
2024-06-29,34,4,6093.9,12751.977187004679,9239.106739074154,8179.8066
2024-07-06,34,4,5821.47,30982.278005509033,10430.23168535998,11089.103
2024-07-13,34,4,9306.46,5798.336371315749,10318.513279932546,7971.2056
2024-07-20,34,4,10904.5,6757.429870657288,10049.053006334669,7928.5483
2024-07-27,34,4,11185.84,13661.385561757583,9363.113336374103,7793.688
2024-08-03,34,4,6409.55,10082.569439233393,10781.972287104372,8488.459
2024-08-10,34,4,6818.59,13720.879112148581,10720.338977734951,8491.4795
2024-08-17,34,4,16603.24,15236.741496822884,9459.671139893719,7744.845
2024-08-24,34,4,12052.76,9050.780445586792,10828.435570573061,8679.954
2024-08-31,34,4,11167.04,8069.683147107797,11458.651586044138,9483.582
2024-06-01,34,5,15088.95,13825.167117232086,11919.30587815627,10315.898
2024-06-08,34,5,10628.31,13278.711063851551,11041.401723224157,9453.932
2024-06-15,34,5,2541.44,11003.246733520878,10934.949600656682,9672.936
2024-06-22,34,5,10508.19,10478.405243354486,10034.00150531001,9129.631
2024-06-29,34,5,17080.44,14045.622258420131,10241.097688860882,9169.919
2024-07-06,34,5,8022.07,33019.312289420144,16117.135654606369,14924.385
2024-07-13,34,5,18042.05,8052.80291997797,11396.908669924154,9556.148
2024-07-20,34,5,6260.29,9833.662294900005,11880.691898928808,9710.999
2024-07-27,34,5,7052.85,16220.300765542648,12427.59334359553,10576.208
2024-08-03,34,5,18763.26,11534.034654603416,11238.017808271406,9833.004
2024-08-10,34,5,16005.93,16089.873339089849,12065.196966550571,10138.461
2024-08-17,34,5,7298.59,18520.51488508968,11909.220595191031,10286.281
2024-08-24,34,5,17785.92,10649.164843254734,12223.750472145346,10105.89
2024-08-31,34,5,3773.6,9508.544286317876,11994.807510852199,10305.07
2024-06-01,34,6,1852.55,12868.812167389468,10406.432289817707,9514.562
2024-06-08,34,6,7015.73,12724.222348615698,9884.175982476272,9492.619
2024-06-15,34,6,11618.53,11278.3180884711,11186.615071985645,9828.629
2024-06-22,34,6,9841.19,11982.228992214372,11451.003524962314,9632.342
2024-06-29,34,6,2064.06,14865.308554898627,11291.810165070674,9915.457
2024-07-06,34,6,13696.1,32641.67759072523,15593.34537502347,13367.219
2024-07-13,34,6,6317.14,8280.77902926433,10955.711693100142,9606.254
2024-07-20,34,6,18475.54,8412.199419117398,10262.45418100092,8894.876
2024-07-27,34,6,12274.38,15248.388316492441,11309.776048696509,9496.286
2024-08-03,34,6,14389.15,11495.311498238676,11324.867152954037,9673.977
2024-08-10,34,6,5152.31,15460.603824804719,11924.708939145525,10320.868
2024-08-17,34,6,11160.3,17135.563916085805,11484.683830063474,9964.977
2024-08-24,34,6,10277.78,9612.30708410958,11240.766130719012,9350.959
2024-08-31,34,6,18914.83,8935.062737214637,11707.009071474518,10423.745
2024-06-01,34,7,6700.37,13628.220516270281,10719.27675922833,10001.162
2024-06-08,34,7,7678.66,12668.55801790615,10873.39639277986,10106.673
2024-06-15,34,7,15510.55,10121.194424670022,11013.763253405667,9013.864
2024-06-22,34,7,18073.42,10828.367265134359,10198.568525155917,9552.232
2024-06-29,34,7,13246.7,14762.399059861764,11153.208034318151,10124.337
2024-07-06,34,7,14510.7,33050.222282104405,16101.913452959612,16857.264
2024-07-13,34,7,12552.06,8551.999331090341,11636.306734519787,10134.545
2024-07-20,34,7,19875.1,10131.034826025272,11657.746364587052,10397.344
2024-07-27,34,7,16906.69,17062.290685189466,12036.107323960798,10527.376
2024-08-03,34,7,18621.96,13613.161014899055,12194.520751850654,11082.545
2024-08-10,34,7,10616.37,17854.83145877957,12997.48232800504,12029.846
2024-08-17,34,7,8447.42,19605.330816289876,12844.772124453964,11427.867
2024-08-24,34,7,13781.42,11755.401128856978,12873.695564919813,11163.849
2024-08-31,34,7,5599.22,10610.884129663296,12368.19321246312,11489.008
2024-06-01,34,8,4413.99,14619.255455046605,11944.60763190957,11340.451
2024-06-08,34,8,21068.36,13581.224013260337,11843.371130057894,10827.229
2024-06-15,34,8,6147.18,12926.022633719622,11961.694895521017,11427.275
2024-06-22,34,8,10138.67,13009.914841965674,13041.405505445007,11679.274
2024-06-29,34,8,3271.91,16423.52767830457,11922.017050464136,11542.187
2024-07-06,34,8,22563.66,34134.98305409195,18493.465131186636,17616.146
2024-07-13,34,8,14948.85,9699.039238254696,13071.826865809022,11724.576
2024-07-20,34,8,9626.33,10908.893677299751,11882.836435249315,11526.93
2024-07-27,34,8,10539.4,16620.449939448037,12641.668740651025,11665.658
2024-08-03,34,8,6191.6,12805.28336734006,12252.62449494291,11221.589
2024-08-10,34,8,4471.89,15197.204680338968,11185.170890999982,10405.194
2024-08-17,34,8,21422.87,16857.307103776344,11179.093864639182,10425.691
2024-08-24,34,8,9663.67,10947.40089735156,12489.35517507178,11249.046
2024-08-31,34,8,4065.96,9853.843076210822,12157.84991894802,11547.185
2024-06-01,34,9,14935.59,14787.389905941702,12699.350220073016,12517.26
2024-06-08,34,9,4575.68,14008.911523382685,11734.70270118586,11702.335
2024-06-15,34,9,20498.4,12536.018381411526,12313.548012131545,11726.112
2024-06-22,34,9,6128.14,12861.336577209328,11858.957378655678,11875.468
2024-06-29,34,9,14430.75,15796.810877125812,11925.563300122354,12030.496
2024-07-06,34,9,16266.29,34753.992780362205,16692.020356213598,17687.602
2024-07-13,34,9,9719.12,10559.8429975414,12364.894095236761,12459.899
2024-07-20,34,9,14260.56,10341.299296922702,12043.912432793753,11625.28
2024-07-27,34,9,3763.23,16493.736399631664,11659.112826409364,11680.582
2024-08-03,34,9,8539.67,12302.212064010051,12078.427675060244,11898.475
2024-08-10,34,9,11976.05,15967.585771021688,11917.784576127628,11634.468
2024-08-17,34,9,8626.37,17411.23998366358,11689.149039277954,10978.444
2024-08-24,34,9,17425.53,9733.410890769515,12175.673239313612,11469.196
2024-08-31,34,9,16617.36,8722.440401195428,11672.784757419788,11859.478
2024-06-01,34,10,6757.12,16391.182782459007,12758.782319425241,13348.098
2024-06-08,34,10,20106.39,15761.476267366772,13081.90070705924,12439.139
2024-06-15,34,10,17501.82,14249.370927442524,13139.205605572344,12792.738
2024-06-22,34,10,15498.51,14670.373064922227,12953.76885310646,13618.698
2024-06-29,34,10,8739.35,17388.187556404468,12719.35326665344,13498.525
2024-07-06,34,10,7168.31,35142.23416231273,17203.03742234586,18145.297
2024-07-13,34,10,14689.83,10067.468674872292,12401.247867620057,11930.47
2024-07-20,34,10,6413.66,10497.950332892495,11713.64439957015,11705.24
2024-07-27,34,10,22262.05,16580.649274920986,12115.708754423114,11764.028
2024-08-03,34,10,23356.95,13983.549439520972,13084.953833939053,12652.268
2024-08-10,34,10,11681.12,17753.385243540368,13470.4148134598,12669.238
2024-08-17,34,10,23088.98,19024.8105684228,12777.655517603498,12371.8955
2024-08-24,34,10,6714.15,11817.861739548192,12918.348522099133,12289.381
2024-08-31,34,10,23125.17,11059.84221880549,13837.309401119304,12869.172
2024-06-01,34,11,2940.2,14275.953947692604,11453.929066522685,12490.492
2024-06-08,34,11,15946.51,12943.493409863928,10832.455032624002,11240.467
2024-06-15,34,11,10357.74,12287.780718697475,11777.700356353382,12027.208
2024-06-22,34,11,17731.58,11758.12028524017,12625.92592092495,12234.251
2024-06-29,34,11,3662.65,14756.703514883491,10781.2767568487,11999.754
2024-07-06,34,11,18049.07,32595.69532963036,13086.322167443996,16152.599
2024-07-13,34,11,15980.15,8667.434087451904,11581.257456355297,11871.13
2024-07-20,34,11,6979.73,10417.359891699078,11859.448680313119,12125.164
2024-07-27,34,11,15633.25,16489.64347245801,12416.810337806155,11975.615
2024-08-03,34,11,13194.08,13071.57552262226,12220.166776952849,12480.086
2024-08-10,34,11,6564.02,16430.346356839305,11800.742468983184,12034.413
2024-08-17,34,11,4783.79,17953.179368220983,12092.578962929463,11702.621
2024-08-24,34,11,24015.82,9968.85067386804,11874.402096719878,11522.625
2024-08-31,34,11,18185.94,10615.966705653052,14042.970854832309,13175.324
2024-06-01,34,12,22742.78,15818.284724450059,11890.528490778319,13509.083
2024-06-08,34,12,2244.93,15672.631469614957,14345.201212574431,14173.076
2024-06-15,34,12,9684.0,13224.395009681895,12923.494148348036,13652.735
2024-06-22,34,12,17283.86,13109.254928501792,13029.215462923741,13352.294
2024-06-29,34,12,10042.93,16396.188984020024,12736.668240644598,13116.447
2024-07-06,34,12,6246.09,33794.098182450434,16495.781513032074,19151.494
2024-07-13,34,12,5202.03,8845.2343528745,12206.030973827194,12681.042
2024-07-20,34,12,17148.91,10326.127141156761,12188.678531796211,12408.325
2024-07-27,34,12,9146.09,16415.938210126435,12655.389107786961,12822.27
2024-08-03,34,12,10636.55,11357.439516948678,11604.103058854562,12375.528
2024-08-10,34,12,9391.4,15354.597838214562,11497.72490894013,11938.764
2024-08-17,34,12,20281.59,17098.499644756455,11479.449419737088,12086.936
2024-08-24,34,12,8416.55,10002.328146702272,12266.288951879373,12995.036
2024-08-31,34,12,23629.27,8614.35543336624,11808.59541122238,12375.181
2024-06-01,34,13,5374.74,16768.42632175466,13034.434748087899,14922.5
2024-06-08,34,13,23580.46,16537.350537745915,13682.536337844598,14773.206
2024-06-15,34,13,16272.13,15372.598457027088,14628.545210425038,15278.284
2024-06-22,34,13,7483.7,14882.559218718023,13444.692728497617,15182.52
2024-06-29,34,13,18038.49,17643.500636681652,15224.08642963478,14822.07
2024-07-06,34,13,18338.77,35485.695535798266,19714.8213089878,17226.037
2024-07-13,34,13,9761.04,10475.135101704014,12299.93738191765,14103.681
2024-07-20,34,13,24478.76,11189.4677571248,12882.776763523354,13847.029
2024-07-27,34,13,14167.36,18528.189319973397,13183.588322170719,14547.72
2024-08-03,34,13,21986.65,15008.246152165324,13544.793491229235,14835.788
2024-08-10,34,13,7447.44,18454.03323060154,13086.816934600032,14513.061
2024-08-17,34,13,17180.14,20096.031503758575,13095.813876673361,14534.054
2024-08-24,34,13,9688.4,13004.016739215273,13479.743628236414,14659.308
2024-08-31,34,13,17854.8,11450.599254305238,13052.936285814993,14491.921
2024-06-01,34,14,15636.58,14411.0416971398,12013.441933137212,14354.99
2024-06-08,34,14,2563.35,14309.209105523329,12079.061849891239,13649.727
2024-06-15,34,14,2459.55,11801.710555179554,11565.08566665265,13697.059
2024-06-22,34,14,15690.13,11532.795002484698,11031.736425891379,13290.226
2024-06-29,34,14,9726.95,14477.784454384237,10783.010972538912,13202.619
2024-07-06,34,14,10893.14,32736.754677988807,14004.081378200459,18639.785
2024-07-13,34,14,12207.82,7832.776473119189,10916.373083914566,13077.423
2024-07-20,34,14,17009.33,8209.221064726502,11339.284294042913,12606.992
2024-07-27,34,14,7530.82,15543.508028315642,11716.251053880806,13395.355
2024-08-03,34,14,2826.68,11073.748889578968,11499.71382947119,12619.248
2024-08-10,34,14,26856.57,15208.84025583454,11335.836358198223,13246.216
2024-08-17,34,14,6059.59,19488.627366857938,13338.86143539673,14890.116
2024-08-24,34,14,10387.2,11222.433764250149,13258.240456926049,14411.705
2024-08-31,34,14,16724.06,9859.384183047463,12555.292052293269,14766.789
2024-06-01,34,15,11185.53,16096.165946446388,13434.186876149524,15246.854
2024-06-08,34,15,26886.87,15440.095418744975,14565.42087039355,14713.209
2024-06-15,34,15,11987.18,13822.04452568827,13042.943881531926,15419.407
2024-06-22,34,15,7602.84,14034.611994548788,12645.331170969346,15114.722
2024-06-29,34,15,16878.93,17227.94189348613,14243.956121843257,15894.941
2024-07-06,34,15,3171.36,36138.03775499972,19078.052415969454,20562.291
2024-07-13,34,15,14415.07,10971.959630152505,12944.015238769882,15385.617
2024-07-20,34,15,12688.84,11713.922358216529,13039.629886033847,14941.067
2024-07-27,34,15,12959.73,17517.450116196385,12445.69541120818,14357.625
2024-08-03,34,15,16670.48,13136.101028972033,13284.872592423886,13992.459
2024-08-10,34,15,25483.03,15566.690127709153,11673.640631113843,13782.297
2024-08-17,34,15,15637.77,18888.890724768913,12344.935972766962,14322.359
2024-08-24,34,15,6411.73,11699.42018835192,12867.628318682837,14383.925
2024-08-31,34,15,5202.89,10294.405183467163,12806.348621626421,14413.209
2024-06-01,34,16,18820.09,17073.878570182453,14212.560086340085,16402.508
2024-06-08,34,16,13037.44,16444.172155728673,14204.788289726157,15939.346
2024-06-15,34,16,8927.11,14362.620507982669,13118.13733237915,15506.928
2024-06-22,34,16,6158.83,13674.698456598118,12683.405636556992,15212.72
2024-06-29,34,16,12676.92,16545.95386967829,12388.281579844586,14781.413
2024-07-06,34,16,15683.88,34093.31918200501,17219.93091604348,20549.021
2024-07-13,34,16,23102.97,9862.883871214279,12843.097711196719,14204.614
2024-07-20,34,16,22677.75,10954.759552001084,12719.477794432505,14955.569
2024-07-27,34,16,23803.32,17947.24905373041,12827.406981997048,14947.027
2024-08-03,34,16,22107.27,13887.496376387076,13622.360890519716,15953.66
2024-08-10,34,16,27617.68,17678.343873617538,13567.276503806494,16154.759
2024-08-17,34,16,10689.18,21101.542490952517,15004.128799030781,17984.436
2024-08-24,34,16,23314.53,14809.93764569821,15865.434437561737,16983.646
2024-08-31,34,16,20796.02,14381.848682304942,15019.83180426006,18014.793
2024-06-01,34,17,19376.68,16842.092194389064,12911.84101318893,16253.979
2024-06-08,34,17,13493.36,15753.45971912086,14647.199260605958,15789.294
2024-06-15,34,17,16497.45,12669.24780469901,12416.600736610011,14848.646
2024-06-22,34,17,18780.97,13135.270610681979,11988.871203564653,14449.259
2024-06-29,34,17,11576.13,16987.297689278283,12788.082525252714,15812.562
2024-07-06,34,17,15987.97,34761.43142686057,17705.03372548112,22763.203
2024-07-13,34,17,17208.15,10890.555687998702,12746.211838156469,15876.665
2024-07-20,34,17,25758.63,12290.195142100249,13211.11134202798,15842.182
2024-07-27,34,17,2714.22,19396.317206541076,13789.292908737227,17190.053
2024-08-03,34,17,12966.36,14822.413946290853,14322.901581598162,16503.246
2024-08-10,34,17,13897.62,18578.3119913568,13810.399657451455,16450.816
2024-08-17,34,17,16093.79,20460.78099885628,13619.96781290233,16114.293
2024-08-24,34,17,9998.27,11989.948920298222,13101.162828609387,15405.806
2024-08-31,34,17,28419.16,10056.708947310704,12478.07643668357,15695.739
2024-06-01,34,18,4575.26,17203.456966211284,13869.882352024475,17063.547
2024-06-08,34,18,4389.51,15997.048007669488,14992.404966252812,15854.37
2024-06-15,34,18,22961.05,14054.914094440493,15061.222126395485,15981.469
2024-06-22,34,18,24225.86,15121.525380536084,15115.728835357539,16394.455
2024-06-29,34,18,13822.75,18859.99847209971,15339.98128219521,17666.742
2024-07-06,34,18,8791.57,35918.73964986022,24117.89692583194,23976.156
2024-07-13,34,18,13220.6,10336.606198954818,13094.211217107575,14800.989
2024-07-20,34,18,12846.46,11878.771193248333,14765.62801009351,15539.383
2024-07-27,34,18,29655.26,16853.57009956504,12000.30869715202,14443.922
2024-08-03,34,18,25286.59,15433.3672591598,15912.814120675512,16849.184
2024-08-10,34,18,4710.67,20024.849062830355,14167.345015617604,18053.236
2024-08-17,34,18,27484.07,21006.405671571993,15142.179784870548,16631.914
2024-08-24,34,18,5487.12,14126.82005154038,14923.827444266612,15868.7
2024-08-31,34,18,15443.61,12631.037966324348,14005.349797398561,16895.475
2024-06-01,34,19,9052.42,15870.1647803323,14413.853577342385,16544.393
2024-06-08,34,19,13784.16,15388.755847572509,13408.5503420481,16215.244
2024-06-15,34,19,2628.43,14096.591166310467,12988.381615831831,16645.316
2024-06-22,34,19,29238.56,13374.547393733134,13630.619103383015,15370.102
2024-06-29,34,19,27417.99,17804.412369048026,16544.672026893862,17435.611
2024-07-06,34,19,18560.93,37473.97414404615,22392.58920683461,21950.29
2024-07-13,34,19,5044.68,12818.950287902178,13794.563420915367,18525.576
2024-07-20,34,19,11265.65,12855.283874718494,14448.852854576871,17478.623
2024-07-27,34,19,22171.17,18894.836731099902,15294.30737472017,16398.336
2024-08-03,34,19,12569.09,15427.32880123338,13630.084474739944,16970.182
2024-08-10,34,19,8176.72,18660.469342920784,14408.6260779393,16488.229
2024-08-17,34,19,29888.93,20605.77513803202,15992.87710448439,16760.51
2024-08-24,34,19,23478.84,13863.074942507901,15211.518629063954,16557.922
2024-08-31,34,19,21925.15,12115.018872581746,14549.626129441594,17346.33
2024-06-01,34,20,7064.66,18280.216948275032,15009.804978312894,18965.615
2024-06-08,34,20,25633.01,16948.85602305817,14527.733831163388,17879.688
2024-06-15,34,20,30739.89,15398.707723546264,15827.549530953012,17947.988
2024-06-22,34,20,24049.49,15801.2426283936,16629.226511341392,16033.134
2024-06-29,34,20,9869.71,19246.843666642693,15175.807088406897,18529.988
2024-07-06,34,20,36764.42,37061.123822241905,23405.697363876985,26138.21
2024-07-13,34,20,3510.41,14470.650123021143,18880.670003263265,18645.717
2024-07-20,34,20,27256.89,15376.217259637822,15004.863038020607,18755.88
2024-07-27,34,20,25916.88,22701.251805248387,18634.563546228994,21044.459
2024-08-03,34,20,19892.59,19908.068011028,19485.0078456529,20703.95
2024-08-10,34,20,22393.8,22127.934144086612,18562.149143152303,18720.887
2024-08-17,34,20,23921.37,22332.90255435567,15171.946236652644,19524.701
2024-08-24,34,20,16342.6,14855.449962969182,16144.518371422533,19159.31
2024-08-31,34,20,15526.82,14030.644319785464,18454.98015095542,21189.93
2024-06-01,35,1,15946.79,10465.058901753251,11750.814331615204,10566.499
2024-06-08,35,1,10352.44,9971.219292598813,12705.57224720126,10990.466
2024-06-15,35,1,4905.23,15379.002928962982,13228.893168546747,10881.896
2024-06-22,35,1,8500.18,11574.293258634232,11933.026921912686,10725.969
2024-06-29,35,1,4644.26,14774.654620441856,12063.894067346117,10866.881
2024-07-06,35,1,9730.57,27107.972183967373,15433.631607999134,13981.681
2024-07-13,35,1,19876.47,10223.180625828249,12205.215275925253,10922.836
2024-07-20,35,1,20460.75,16204.108841118912,11521.882934551877,11485.708
2024-07-27,35,1,8259.87,17912.967075988898,12637.548560225061,11623.325
2024-08-03,35,1,11601.55,16670.137091052522,12169.854699660367,11543.568
2024-08-10,35,1,1825.92,15078.572887193906,12428.506056295002,11484.447
2024-08-17,35,1,15141.36,16404.30976403835,12491.058226533083,11552.397
2024-08-24,35,1,17648.06,22001.57328868995,12461.563118759046,11526.903
2024-08-31,35,1,8862.68,19260.705487968204,12168.573111999995,11931.713
2024-06-01,35,2,14729.95,14381.170767340198,13134.73189235931,11595.6045
2024-06-08,35,2,2975.53,12934.716138634638,13838.121833318852,11170.44
2024-06-15,35,2,17896.04,16788.999758080303,13047.192699096318,11161.789
2024-06-22,35,2,2794.62,13740.603447330202,12307.40444311671,11253.242
2024-06-29,35,2,19026.59,16846.111791710995,13390.293913058644,11486.961
2024-07-06,35,2,16148.59,30598.71290826169,18866.96168220116,17573.604
2024-07-13,35,2,15807.64,13052.948950731272,13400.770937178175,11159.381
2024-07-20,35,2,4080.44,17778.99330544377,12615.30619934776,11354.253
2024-07-27,35,2,10174.29,17809.471383787757,12864.360179904139,11124.405
2024-08-03,35,2,21961.75,17142.445746693607,13558.806741611981,11444.1
2024-08-10,35,2,22842.7,16857.921749478708,13301.279878022255,11208.885
2024-08-17,35,2,4021.31,18149.034343037834,14444.5455101908,12487.31
2024-08-24,35,2,12130.26,23575.98388502634,14578.548846838128,12493.125
2024-08-31,35,2,21853.59,19603.680039222665,13476.982284875305,11762.24
2024-06-01,35,3,14700.95,16078.552712636396,15755.39520424143,13888.141
2024-06-08,35,3,7359.8,14327.126218461795,15254.783414806221,13659.16
2024-06-15,35,3,4892.81,18696.308334755107,15811.241878072615,13140.914
2024-06-22,35,3,12231.79,15326.770011697772,14997.305866502182,13011.139
2024-06-29,35,3,10504.63,17612.29045712411,14216.276189240883,11869.768
2024-07-06,35,3,31363.0,29239.999377322732,16016.813633408707,16604.865
2024-07-13,35,3,10401.72,15060.728646427266,15892.293228062834,13007.774
2024-07-20,35,3,7238.8,18440.868868708712,15328.00371791953,12140.523
2024-07-27,35,3,19220.52,18667.184162800113,15104.682411697087,12409.769
2024-08-03,35,3,11720.48,18937.378696671578,15966.257870286481,12494.722
2024-08-10,35,3,19901.37,16340.932608127296,15120.854024987657,11734.167
2024-08-17,35,3,22595.51,18348.179182720356,15047.806842002748,13766.039
2024-08-24,35,3,3729.91,24303.058352636726,16528.55872995713,14202.634
2024-08-31,35,3,14847.62,20562.821469187373,16361.763302974801,13638.764
2024-06-01,35,4,22014.27,14792.323227573557,15326.422872281686,12974.789
2024-06-08,35,4,11034.05,13787.564329438752,15740.008167948185,13605.4375
2024-06-15,35,4,23897.98,18009.734407809956,14928.603720255178,12626.429
2024-06-22,35,4,15982.1,15156.891134380137,15322.556234316424,13346.041
2024-06-29,35,4,4949.43,17569.939469426885,15327.011003961272,12833.802
2024-07-06,35,4,2483.89,30512.18541751685,20617.08027724679,18528.062
2024-07-13,35,4,4600.08,14220.813094386082,15880.756347991486,13001.107
2024-07-20,35,4,11172.04,17598.3130486081,14868.448045501385,12442.947
2024-07-27,35,4,17381.74,17905.2771741884,14757.857961743815,12317.974
2024-08-03,35,4,15559.43,17445.843141268,14123.022762296005,12442.384
2024-08-10,35,4,10720.14,15422.925425474852,14904.875605462965,12280.429
2024-08-17,35,4,6349.48,15108.623761329014,14562.09197484764,12403.39
2024-08-24,35,4,22208.17,20429.659215501597,14798.723547833304,12068.692
2024-08-31,35,4,5430.13,18233.18914406284,14552.137849031384,13098.118
2024-06-01,35,5,20578.29,12966.506584618244,14900.926034530856,12765.882
2024-06-08,35,5,4982.77,12708.049197616754,14577.675881578449,13124.444
2024-06-15,35,5,17253.28,16880.628826123364,15429.365337579911,12949.706
2024-06-22,35,5,18458.54,13967.847896478012,15097.925463454812,13528.64
2024-06-29,35,5,11785.29,17649.5936295821,15026.927691219544,12800.441
2024-07-06,35,5,8243.55,29541.908300623232,18687.213932157407,18576.2
2024-07-13,35,5,2289.88,12167.785896644902,15315.791821137762,12927.281
2024-07-20,35,5,9468.07,17123.663413402915,15113.595981668775,12691.811
2024-07-27,35,5,12962.86,17701.32613734901,14759.6550095259,12690.166
2024-08-03,35,5,12893.01,16809.976681727458,15171.120367991325,12501.283
2024-08-10,35,5,11020.39,15312.745919917215,15016.18947223356,12779.493
2024-08-17,35,5,15725.3,15275.781172581927,14733.84399620734,12600.803
2024-08-24,35,5,17864.53,20629.8207433859,15034.468073267706,12634.363
2024-08-31,35,5,3616.67,17428.63854766194,15095.842284932522,12768.58
2024-06-01,35,6,25249.28,16087.380419061868,16379.773102022538,14531.891
2024-06-08,35,6,22231.08,15170.23126204493,18569.62356915464,15333.281
2024-06-15,35,6,5527.98,20105.015123911202,17014.919193442896,15695.735
2024-06-22,35,6,26984.38,16547.29333811981,16857.931658421003,15292.633
2024-06-29,35,6,8643.51,19771.163569913406,17035.039046962418,15456.345
2024-07-06,35,6,6463.11,32547.47774781265,21578.30833381664,20898.727
2024-07-13,35,6,19159.77,15623.987551378123,16765.60720037469,15181.448
2024-07-20,35,6,14850.31,21145.16840497501,17493.74771872993,16351.671
2024-07-27,35,6,18706.8,20149.13320794148,16332.074678314782,14954.395
2024-08-03,35,6,2793.13,19062.861411099337,16106.683722258053,14719.112
2024-08-10,35,6,6064.15,16403.422868928523,15888.786038210947,13305.225
2024-08-17,35,6,2900.22,17492.662555907795,15615.350425338911,13090.715
2024-08-24,35,6,5444.11,21679.09744606376,15459.837026978468,13212.0
2024-08-31,35,6,18718.45,16709.409658509583,14919.077679457108,12824.812
2024-06-01,35,7,9393.96,15340.640941369667,16325.494081620134,14350.038
2024-06-08,35,7,18065.44,13866.22991096813,16646.12921702632,14790.537
2024-06-15,35,7,10348.73,18825.134826054615,15929.598487119883,13955.411
2024-06-22,35,7,12248.92,14694.50948948372,15283.056094704512,13622.723
2024-06-29,35,7,21884.36,17572.21329512119,15463.62661967608,13784.998
2024-07-06,35,7,4589.09,31228.272403118783,22434.87050251505,20703.395
2024-07-13,35,7,18360.17,13146.145184390181,15606.605409939151,13325.282
2024-07-20,35,7,9994.52,18601.462784589654,16085.898365038982,14179.571
2024-07-27,35,7,24630.56,18979.1893363563,15585.547250698044,13654.338
2024-08-03,35,7,5765.71,19450.59467803259,16380.340400466344,14293.1875
2024-08-10,35,7,2918.61,16786.559159245327,16334.26375833218,13718.113
2024-08-17,35,7,26506.66,17552.15349865143,15602.108362921315,13420.758
2024-08-24,35,7,24475.75,24631.659871723707,17190.40249491851,14416.227
2024-08-31,35,7,13495.0,20729.351041594913,17453.584688229606,14957.582
2024-06-01,35,8,21715.81,17457.867014282332,17003.960605803873,16222.122
2024-06-08,35,8,14432.11,16309.946377100445,18133.112067593356,16827.273
2024-06-15,35,8,25729.41,20577.844193193938,17492.080049432072,17120.9
2024-06-22,35,8,25155.19,17316.011736269982,17903.680583104302,17085.75
2024-06-29,35,8,13187.26,20640.48888837276,17749.807665869383,16789.426
2024-07-06,35,8,30210.51,32771.25611748291,23139.460175797987,22722.795
2024-07-13,35,8,8297.44,17789.204570433096,19081.801078415432,17121.748
2024-07-20,35,8,27439.81,22391.207890765283,18315.49846393343,17452.463
2024-07-27,35,8,9105.92,23203.024023888443,18166.671116659778,17565.656
2024-08-03,35,8,9559.62,22352.653615950403,19162.2156187863,17416.586
2024-08-10,35,8,13129.98,19638.391933560022,18118.907950680546,16984.941
2024-08-17,35,8,27823.18,19995.887776200463,16745.227534607075,15812.355
2024-08-24,35,8,19165.31,25492.006544726137,17510.701521959396,16115.507
2024-08-31,35,8,2573.23,21660.16978834627,18815.42324237203,17283.398
2024-06-01,35,9,28598.41,19178.79396639738,19276.10631602603,18973.258
2024-06-08,35,9,25019.89,18377.747334559514,19336.725609776255,19059.707
2024-06-15,35,9,23168.97,23684.254454444686,19272.98549117514,19233.764
2024-06-22,35,9,25421.76,20347.806460080734,20657.401612947488,19446.537
2024-06-29,35,9,27841.46,22563.94700609918,19817.782811283625,19041.105
2024-07-06,35,9,11198.4,35244.36132128849,25230.656457385227,24403.455
2024-07-13,35,9,6616.47,18337.19370075366,19671.640069491936,18889.793
2024-07-20,35,9,19503.83,22068.060052008754,18322.21377758991,18067.762
2024-07-27,35,9,16531.56,23563.581914284703,18404.459957779873,17766.23
2024-08-03,35,9,19920.27,21535.54922314764,18657.123682855992,17318.236
2024-08-10,35,9,15446.17,19160.020102963026,18057.06823611874,17364.475
2024-08-17,35,9,27934.23,19000.438620829293,17614.84203895293,17450.94
2024-08-24,35,9,22973.59,25086.36971308349,17963.3959840258,17620.52
2024-08-31,35,9,30340.45,20913.435515324418,16983.371697185983,17045.469
2024-06-01,35,10,15938.56,15705.479720945157,16408.8040378137,16525.91
2024-06-08,35,10,21188.98,14725.570785641154,16729.12212640848,16660.77
2024-06-15,35,10,29748.65,20608.680645520602,17240.113707344462,17757.248
2024-06-22,35,10,25198.55,18179.628420232264,18326.533047905603,17932.31
2024-06-29,35,10,12769.91,22192.00723500594,19187.544188149226,19112.643
2024-07-06,35,10,13610.29,34570.258066968825,22771.18515551508,23257.342
2024-07-13,35,10,15066.32,17383.333843070264,18764.660100730893,17805.031
2024-07-20,35,10,25803.71,20792.74120124626,18203.09838615741,17600.521
2024-07-27,35,10,32351.32,22213.656169555245,18266.200962733437,17550.734
2024-08-03,35,10,16457.2,23063.438530237363,20023.109586108287,19168.012
2024-08-10,35,10,10412.71,20513.846113488733,18810.283842599103,17847.14
2024-08-17,35,10,32146.36,20694.913263452152,18057.96704351089,17740.396
2024-08-24,35,10,29047.22,27183.780176117943,19018.32913587612,17920.887
2024-08-31,35,10,7822.87,24138.485118518853,19855.291197593975,19816.217
2024-06-01,35,11,11162.71,14892.936107058002,17261.271047945214,15989.261
2024-06-08,35,11,22121.7,14033.36010552173,17446.170340656223,16586.451
2024-06-15,35,11,15081.25,20497.48541252382,17209.16626342325,17120.203
2024-06-22,35,11,19524.12,16280.089913446049,16763.757410393606,17076.576
2024-06-29,35,11,14533.96,19267.282563356435,16602.794465814124,16361.157
2024-07-06,35,11,38458.87,32340.11786888066,23271.05233179956,23184.824
2024-07-13,35,11,17040.84,17258.21510408377,19277.446220768543,17965.037
2024-07-20,35,11,15292.13,20949.057433975853,18021.444341740364,18455.268
2024-07-27,35,11,3901.49,22255.16211733636,18953.270849013308,18572.658
2024-08-03,35,11,30484.16,22355.936810590552,19959.954547363246,18775.92
2024-08-10,35,11,11704.29,20508.123518198612,17951.10282035858,18364.475
2024-08-17,35,11,8584.26,21176.14056297105,17996.5800892335,18510.99
2024-08-24,35,11,31169.96,25843.75496767839,18577.237826810175,17518.36
2024-08-31,35,11,22293.67,23437.8394767669,19652.20315048686,18209.807
2024-06-01,35,12,33875.91,18119.470749719774,18835.498245403,18988.354
2024-06-08,35,12,13549.2,16337.074441488527,19392.32002151084,18882.05
2024-06-15,35,12,12563.86,21750.598971132524,17788.05424051762,18940.455
2024-06-22,35,12,32247.2,17646.737156260162,17831.565454894833,19138.133
2024-06-29,35,12,25194.84,21885.337101008583,20305.668016598105,18923.404
2024-07-06,35,12,39416.8,35501.42003943133,22698.098318154014,25180.018
2024-07-13,35,12,16827.21,20725.278882359584,21903.153638422067,21318.826
2024-07-20,35,12,18352.3,24016.464602141918,21406.165423523136,20131.336
2024-07-27,35,12,18449.53,24659.228012184547,21084.496773982286,20260.01
2024-08-03,35,12,19625.77,23771.365269675305,20463.365314114522,20138.453
2024-08-10,35,12,29771.66,20698.358263425238,19970.916851726106,20589.943
2024-08-17,35,12,33683.23,23388.448983883347,21091.22758696374,21208.967
2024-08-24,35,12,9225.53,29056.766078092456,21725.25782115529,21211.682
2024-08-31,35,12,10076.77,24639.128109951947,20366.24085895218,20805.42
2024-06-01,35,13,28425.73,18863.172807502473,18846.06081359418,18865.756
2024-06-08,35,13,29314.4,17837.87231583453,19702.125740633834,20875.771
2024-06-15,35,13,9324.54,23520.26556298739,19928.632126535627,20577.387
2024-06-22,35,13,5389.26,18800.639101657638,18320.907820812492,19668.242
2024-06-29,35,13,8798.71,20907.143450257587,19352.46381562926,18686.715
2024-07-06,35,13,41651.08,33337.24107284654,19009.59717428631,24957.826
2024-07-13,35,13,11147.42,19094.27311381464,21236.073029012292,20249.96
2024-07-20,35,13,3837.84,22086.23460229404,20384.530850054525,20011.809
2024-07-27,35,13,34587.14,22170.716221627175,19688.480367970995,19396.285
2024-08-03,35,13,32201.55,22819.78900647952,20789.00590888936,20031.293
2024-08-10,35,13,31526.06,20313.258456807605,20566.947445882455,20663.98
2024-08-17,35,13,21295.65,22202.96265874846,19913.951423210892,20134.39
2024-08-24,35,13,23134.59,27587.518415507024,21396.51408178442,20222.248
2024-08-31,35,13,22888.21,24832.09043906269,20987.629307206473,21215.646
2024-06-01,35,14,12938.53,20345.499443039516,22221.132957427126,22152.277
2024-06-08,35,14,11491.68,20261.56580132131,22348.95436409459,22424.838
2024-06-15,35,14,7139.77,24633.520564886014,20749.044677718655,21236.396
2024-06-22,35,14,10485.43,19497.929804907195,18143.413706846193,20234.518
2024-06-29,35,14,27617.83,21088.097534091205,18459.53756156744,19611.389
2024-07-06,35,14,49138.88,34790.827025601415,25845.44044210448,24749.89
2024-07-13,35,14,33327.78,19990.403270146744,21549.454129397665,22606.484
2024-07-20,35,14,12330.65,23476.29303345768,21413.395952033978,20595.674
2024-07-27,35,14,23071.46,23151.14208618281,19879.260950238215,19713.816
2024-08-03,35,14,19504.73,24184.809732564485,21116.982259180695,21990.455
2024-08-10,35,14,26378.47,22016.651439608002,20350.49959213481,21314.809
2024-08-17,35,14,22134.31,23670.11980372374,22249.553656109827,22783.5
2024-08-24,35,14,26373.95,29347.453256982037,22009.000471807238,22514.121
2024-08-31,35,14,9241.38,25375.103583206073,24386.29586554812,22595.863
2024-06-01,35,15,37290.17,20565.800363538823,20436.491034437317,22182.879
2024-06-08,35,15,5241.19,21036.947206537843,22294.577676941823,23842.033
2024-06-15,35,15,11935.08,25428.34788107042,21592.187458199867,22695.996
2024-06-22,35,15,10543.16,19762.681840733596,19424.592868205782,20676.71
2024-06-29,35,15,13330.79,22148.37322457022,19921.376649105347,20258.137
2024-07-06,35,15,11489.89,32145.386320503065,19544.090704664533,27351.686
2024-07-13,35,15,12154.86,14568.945868216382,22070.450643353844,18340.652
2024-07-20,35,15,19608.56,17437.937348419946,18117.525364938363,17483.666
2024-07-27,35,15,20475.88,19205.01775070533,21458.89756470696,18361.223
2024-08-03,35,15,28135.47,17747.88705717094,17374.89031854511,17379.54
2024-08-10,35,15,27765.17,17513.281564352823,22361.733465980917,19130.328
2024-08-17,35,15,17504.65,19163.13722828038,19174.38560889078,20442.738
2024-08-24,35,15,25937.56,25199.115859854726,18512.804829195036,20245.812
2024-08-31,35,15,5093.26,22437.11216360645,19692.07441619161,20412.504
2024-06-01,35,16,20196.28,20740.79593563264,21200.49334801483,21870.799
2024-06-08,35,16,14050.91,18709.40777581415,20627.980750920393,22314.705
2024-06-15,35,16,32438.28,24044.14898748255,20324.08288818767,21429.357
2024-06-22,35,16,3779.4,20747.141969229182,20449.76114464699,22187.76
2024-06-29,35,16,5960.6,22766.478326878612,19332.881380608378,20247.086
2024-07-06,35,16,40416.99,33650.92004901287,21408.629989339737,24862.016
2024-07-13,35,16,24314.46,19031.764883633456,21532.29270990981,21882.963
2024-07-20,35,16,29174.11,22524.584555718713,20773.23349570762,22546.488
2024-07-27,35,16,19531.52,23541.556406021286,19702.37026058285,21500.965
2024-08-03,35,16,19528.61,22589.155570069,19150.2022923895,20495.977
2024-08-10,35,16,31302.71,20386.4315160397,19652.50919846508,22027.117
2024-08-17,35,16,10442.74,21807.471901344645,19901.13795377713,22203.475
2024-08-24,35,16,24039.65,28092.997317344612,20161.197692963426,22014.637
2024-08-31,35,16,13482.93,25503.525423381427,20711.27976598255,22631.486
2024-06-01,35,17,28332.07,20378.588359740315,20950.575568259097,22235.082
2024-06-08,35,17,23605.38,19515.85508902133,22044.414977373133,21984.887
2024-06-15,35,17,32652.47,24883.469383249234,20936.915783774322,23598.32
2024-06-22,35,17,40463.9,21254.232698322834,21736.751899183782,22834.793
2024-06-29,35,17,37039.33,26051.137017219044,21772.305040786825,29404.322
2024-07-06,35,17,17775.07,38994.6334547245,31433.923300491624,30149.424
2024-07-13,35,17,16422.43,21427.40591605474,23398.723700300412,24329.156
2024-07-20,35,17,21206.49,27043.835462462834,23407.58902083876,24128.707
2024-07-27,35,17,25193.03,26803.310939634874,22999.857342150484,23253.574
2024-08-03,35,17,30731.65,25121.481104520295,22585.217658357433,23715.072
2024-08-10,35,17,28686.76,23828.216755682428,21868.592239236626,23428.89
2024-08-17,35,17,38467.17,24026.46067795736,23326.93104387635,23129.924
2024-08-24,35,17,33073.82,29440.60357169513,23402.220384427375,22702.453
2024-08-31,35,17,34819.31,25195.6377391742,22351.53715365282,24699.918
2024-06-01,35,18,19635.52,21319.615403322103,22886.3664842552,23189.104
2024-06-08,35,18,6362.58,18377.31333514196,19935.226483057177,23098.23
2024-06-15,35,18,4004.84,22991.180484045464,19387.213017326583,20154.334
2024-06-22,35,18,4694.17,17817.17746991528,18973.608395216794,20860.973
2024-06-29,35,18,23582.04,20475.6775168967,19293.462851977125,19106.482
2024-07-06,35,18,40593.78,32572.394822484937,22708.308706842243,22243.748
2024-07-13,35,18,19305.02,17277.77644056666,22522.840858403164,20729.977
2024-07-20,35,18,40381.43,19972.9925328338,21241.20654673031,19727.273
2024-07-27,35,18,30477.57,22182.8249614261,18773.33410024973,20466.502
2024-08-03,35,18,41696.31,22554.835373167036,19263.976820863307,20661.492
2024-08-10,35,18,35551.45,22888.752953187024,22647.94197246975,23632.357
2024-08-17,35,18,37769.18,25324.764804050777,22388.92347384424,23671.076
2024-08-24,35,18,12750.18,32831.96750842205,26840.718168302636,24741.996
2024-08-31,35,18,30714.12,29953.517571988457,26790.797064784485,26342.225
2024-06-01,35,19,30329.06,22420.41798282214,23018.114714383857,23801.484
2024-06-08,35,19,41756.38,20606.999848538988,23286.491603950588,24919.908
2024-06-15,35,19,17521.46,28572.211444117107,27124.34678252351,25902.783
2024-06-22,35,19,9257.97,23888.820871970915,24368.60275359567,24478.023
2024-06-29,35,19,31992.97,26276.184290184894,22974.706035473184,24736.998
2024-07-06,35,19,32294.14,39191.70206293489,29828.0427856028,29516.775
2024-07-13,35,19,26663.39,21326.216796586443,21730.894954377633,24020.37
2024-07-20,35,19,8120.5,25613.597195977694,23132.407858130544,23716.375
2024-07-27,35,19,27255.64,25341.424333702096,22147.91723597299,23256.143
2024-08-03,35,19,20380.59,24785.750808518285,21970.347689002258,22783.508
2024-08-10,35,19,4701.56,21318.35871738026,19425.452101730258,22373.553
2024-08-17,35,19,42457.51,21617.586663857357,18800.01436471195,21759.695
2024-08-24,35,19,17243.39,30239.303355067474,22106.981427472536,23476.285
2024-08-31,35,19,42416.41,25260.971253761374,20645.445485026794,23926.346
2024-06-01,35,20,23542.3,18433.490938672447,23066.128696530795,22167.441
2024-06-08,35,20,42416.33,17794.594772978933,21302.722898026674,25088.305
2024-06-15,35,20,30551.29,23942.763322680505,20001.69393093112,22820.926
2024-06-22,35,20,25045.95,20829.566266638816,21383.454727693905,24461.627
2024-06-29,35,20,8240.14,23335.07611824938,20755.006515523797,22037.955
2024-07-06,35,20,34730.43,37406.15002188824,28750.40987248973,29031.576
2024-07-13,35,20,34724.04,20786.482630813553,22382.520091525723,24987.604
2024-07-20,35,20,28930.66,26971.46210716298,23007.675055695916,25342.688
2024-07-27,35,20,7160.24,27248.27402001836,22966.02197520095,25400.89
2024-08-03,35,20,11794.37,26020.431785512577,25939.213718783874,24436.053
2024-08-10,35,20,34819.42,22594.846048823725,20803.092140005298,23999.234
2024-08-17,35,20,28765.69,24027.771805602453,21799.101700591284,22970.645
2024-08-24,35,20,38338.17,29325.08681616471,22431.262800969387,23757.922
2024-08-31,35,20,43038.39,26876.567212118578,22242.40680238363,24396.836
2024-06-01,36,1,17286.66,11421.615586410375,11772.721027752159,11478.583
2024-06-08,36,1,13963.52,16031.835054820302,12506.728148001057,11934.475
2024-06-15,36,1,12942.53,11320.297751197544,13118.467446201263,12348.112
2024-06-22,36,1,2072.03,18867.872017562557,14429.381865630972,12751.432
2024-06-29,36,1,16592.68,17369.675020885705,11938.040045691845,12195.86
2024-07-06,36,1,28073.11,35781.93874763899,21798.57795012932,17296.352
2024-07-13,36,1,9209.53,15330.142110827379,15403.105104925835,13704.484
2024-07-20,36,1,15809.38,19885.879607552546,14335.564657359757,13190.431
2024-07-27,36,1,15142.29,19025.52532307071,12719.410934688634,12412.715
2024-08-03,36,1,11172.33,18344.62085359505,13060.235568445225,12469.053
2024-08-10,36,1,8654.05,15933.426877465085,11942.483095252415,12085.369
2024-08-17,36,1,13896.14,17244.674524191934,11884.755249608643,11645.989
2024-08-24,36,1,8394.41,14296.104967638486,13524.909090577634,12635.039
2024-08-31,36,1,7718.15,16885.880903817488,13927.271303073261,12336.71
2024-06-01,36,2,15410.47,13561.310794345725,16288.520208474922,13914.593
2024-06-08,36,2,13019.8,17886.950664251613,15721.829242724585,13775.325
2024-06-15,36,2,23520.44,12759.007037279833,14730.788839236773,12795.2
2024-06-22,36,2,9945.21,21129.602271694268,15623.216038107432,12792.28
2024-06-29,36,2,13093.65,19268.848748015786,17290.576827457608,14086.891
2024-07-06,36,2,17030.68,37656.12477467288,23971.145711739915,20102.201
2024-07-13,36,2,16780.17,15214.22336798608,15384.791090448512,12979.455
2024-07-20,36,2,5454.89,19974.407705639213,14878.994158767538,13410.552
2024-07-27,36,2,12212.52,18697.057996279524,14075.673462335535,12326.226
2024-08-03,36,2,6112.1,17821.09401590051,12869.782406115022,11757.821
2024-08-10,36,2,18324.96,16085.2824042496,13146.642821810068,11146.833
2024-08-17,36,2,21225.03,17127.324294404607,12057.675689705642,11204.699
2024-08-24,36,2,7276.81,14172.791974897722,13820.966446596743,11541.812
2024-08-31,36,2,8059.76,17015.232540631994,13304.75033465225,11793.535
2024-06-01,36,3,11366.52,13385.886862784711,15607.322076133345,13981.996
2024-06-08,36,3,23201.62,16885.986801524756,15217.05650030088,12819.017
2024-06-15,36,3,4004.96,13470.374635848184,15729.113298942864,14071.823
2024-06-22,36,3,22412.2,19842.095689833375,15340.310555839995,14380.077
2024-06-29,36,3,9072.76,17852.34387946988,15456.617456514865,13399.738
2024-07-06,36,3,21369.17,35725.47941360331,21460.226452109233,17825.658
2024-07-13,36,3,7276.48,13638.292504980476,15139.558435699688,12801.859
2024-07-20,36,3,4919.56,18914.709094797792,15467.23444312736,12680.918
2024-07-27,36,3,19646.39,18389.274002586644,14608.17088554675,12120.101
2024-08-03,36,3,15273.22,18443.916118560534,15717.048638262386,13113.581
2024-08-10,36,3,22270.69,16173.133915454717,14543.79767441111,12156.284
2024-08-17,36,3,20342.2,18590.64150165781,15011.974377484246,13863.35
2024-08-24,36,3,11453.44,14035.355649025067,14958.63143656006,13370.796
2024-08-31,36,3,4857.61,17731.814898438613,15302.864405505567,13527.177
2024-06-01,36,4,2573.42,13650.393464999404,16056.826488577448,14973.076
2024-06-08,36,4,11628.36,17460.870397054547,15629.310964585722,13839.831
2024-06-15,36,4,2897.85,12505.56501102096,15569.147507601658,13381.993
2024-06-22,36,4,18330.89,18893.34728142483,14630.281793208444,12524.224
2024-06-29,36,4,21607.24,16890.535828934313,14227.417079378021,12914.851
2024-07-06,36,4,22637.04,35609.94279162109,24828.14284167841,19773.34
2024-07-13,36,4,24110.65,12953.017967565604,15837.23620920123,12972.9795
2024-07-20,36,4,11822.91,17984.64662876899,14959.09881836082,13696.446
2024-07-27,36,4,25502.41,18570.0245262245,15676.825544753467,13896.531
2024-08-03,36,4,25652.1,19496.02180041287,16315.897733075411,14767.519
2024-08-10,36,4,4080.93,19242.312165586474,17859.059731358517,15927.93
2024-08-17,36,4,23010.9,21215.90334024051,17667.48277341177,16151.242
2024-08-24,36,4,24319.59,18035.168153472216,18389.7978682591,17071.697
2024-08-31,36,4,4386.95,21517.702490592143,17915.1364281783,16606.748
2024-06-01,36,5,19541.37,10666.393686025807,15361.963277988287,12963.6875
2024-06-08,36,5,25184.96,15573.11830991671,15021.296474388917,12955.402
2024-06-15,36,5,12803.96,11237.533085255898,15101.439950255142,13525.225
2024-06-22,36,5,14106.27,19477.404920276575,15960.389401748176,14029.554
2024-06-29,36,5,25725.64,17576.137813928915,15913.42729921317,14118.257
2024-07-06,36,5,20076.6,37610.1644982697,26165.44506560415,20812.64
2024-07-13,36,5,26189.37,15406.353195156604,17897.59253900722,16249.631
2024-07-20,36,5,22266.2,21442.60844937813,17715.989903782116,16499.7
2024-07-27,36,5,20898.51,21510.70039345265,17748.419290483344,16428.172
2024-08-03,36,5,6919.13,20671.17001889128,17730.20122848683,16191.411
2024-08-10,36,5,21055.64,19303.395670416816,17782.783293975805,16780.605
2024-08-17,36,5,23321.2,21241.80763509038,17976.87167890938,16469.807
2024-08-24,36,5,8976.88,18136.80627454083,18451.950735184375,16519.973
2024-08-31,36,5,5013.14,20204.150927162467,18210.12933159411,16938.604
2024-06-01,36,6,11262.85,13529.416081903117,16432.177305042012,15491.231
2024-06-08,36,6,2966.8,17273.294237643975,16172.962912602025,14873.96
2024-06-15,36,6,11991.82,12222.59594809853,16775.567939976652,13434.054
2024-06-22,36,6,26190.77,19890.13385680294,16217.917670475832,14145.918
2024-06-29,36,6,4473.68,19086.333135134468,16657.801456995097,15595.066
2024-07-06,36,6,21004.47,36505.72502428268,21862.67382628004,20011.463
2024-07-13,36,6,14771.56,14156.21206994397,16422.775153463204,14299.682
2024-07-20,36,6,16304.17,19263.36947145925,16284.83753043573,14169.652
2024-07-27,36,6,22668.82,18433.161212767933,15530.850946415823,13703.591
2024-08-03,36,6,5393.24,17976.97531859234,16280.981026662854,14337.453
2024-08-10,36,6,3460.75,17330.08421521145,16412.35957632023,14813.579
2024-08-17,36,6,18053.98,18604.10481005817,16443.280851027142,14406.677
2024-08-24,36,6,24918.64,14740.100031724283,16292.181335906955,13706.098
2024-08-31,36,6,25436.1,19171.484709672237,16545.801970437442,15689.372
2024-06-01,36,7,9183.09,15459.45937348756,18598.300482173356,17108.332
2024-06-08,36,7,14764.07,19803.677559032585,17327.76171322869,17178.438
2024-06-15,36,7,2567.82,14474.124168487619,17322.193321913186,15553.827
2024-06-22,36,7,13107.94,19609.384891107955,16042.68210993675,14416.425
2024-06-29,36,7,28238.2,16934.91481920552,15293.470889588283,13668.488
2024-07-06,36,7,23849.9,36860.7928677705,25148.912516309996,21898.1
2024-07-13,36,7,9844.48,14884.560021845064,17387.053350844522,15422.6
2024-07-20,36,7,14621.48,18770.04411368299,16120.540995350082,14252.576
2024-07-27,36,7,24962.13,19282.029417651203,16680.761707074693,15019.768
2024-08-03,36,7,11297.6,19429.285257215284,16528.92465635673,15796.716
2024-08-10,36,7,6454.05,17652.586906665674,16383.310079681809,15639.54
2024-08-17,36,7,25967.12,19551.958156428853,16448.656345888787,15936.84
2024-08-24,36,7,14066.12,17177.2843550979,18225.32211708606,16374.455
2024-08-31,36,7,15449.85,19053.478989932373,16720.790935031007,16050.541
2024-06-01,36,8,26900.58,12378.402952912242,16292.513032646228,16032.831
2024-06-08,36,8,27780.48,18609.30159474902,17238.339471612446,17256.848
2024-06-15,36,8,6181.21,13922.527761699414,17905.49713648717,17225.877
2024-06-22,36,8,16741.25,21892.682908778093,17181.346846205233,17864.248
2024-06-29,36,8,29797.55,20517.523606520263,18297.61709653006,17928.295
2024-07-06,36,8,11776.39,40073.46605584886,26269.25703947719,24432.416
2024-07-13,36,8,3316.69,16537.915194857218,18269.08286133279,17526.824
2024-07-20,36,8,20396.57,21692.681524069965,17521.88162823625,17058.03
2024-07-27,36,8,2840.21,21886.45557118806,18033.829688787635,17272.986
2024-08-03,36,8,10368.4,18827.587391434805,16738.256895000042,15093.025
2024-08-10,36,8,23501.97,16274.577560175952,16255.471690179016,14496.497
2024-08-17,36,8,16738.21,19124.84773591961,16214.227984402467,15422.672
2024-08-24,36,8,4478.77,14872.932574274051,16555.713301214666,15201.259
2024-08-31,36,8,14006.72,16374.10643345974,16651.364864448355,14508.976
2024-06-01,36,9,8465.45,16914.998483139272,19753.78021203065,19525.238
2024-06-08,36,9,20895.33,20798.50513440965,18202.05665055396,18413.154
2024-06-15,36,9,5140.23,16477.052590762694,18867.90758446486,19172.63
2024-06-22,36,9,13943.53,22899.45187622083,17355.931064606153,18147.207
2024-06-29,36,9,32109.08,19528.506867877033,18050.966899451247,17937.56
2024-07-06,36,9,34857.76,40010.64977921952,25375.97921045081,24679.467
2024-07-13,36,9,19221.98,18463.73374420528,20440.868914201474,19641.436
2024-07-20,36,9,29883.96,22351.37842234232,18101.757646771028,18323.268
2024-07-27,36,9,10279.16,21883.02399640702,18867.72454949092,17871.084
2024-08-03,36,9,22002.59,22106.23966001221,18948.401999653943,18296.133
2024-08-10,36,9,4775.08,20494.502388828667,18175.101348535954,18612.53
2024-08-17,36,9,20196.83,22701.02566788574,18119.350722989744,18346.154
2024-08-24,36,9,24271.28,18747.12244954629,20305.926424752557,18892.775
2024-08-31,36,9,8492.96,21581.580942985565,18179.491771260033,18589.23
2024-06-01,36,10,25336.74,13743.893328672068,16422.511933700753,16913.281
2024-06-08,36,10,29112.06,17477.428161973483,16255.274081720665,17066.797
2024-06-15,36,10,8755.49,13824.54642873464,18427.31654156997,17978.945
2024-06-22,36,10,12496.43,22683.9433335027,17453.470969978578,18145.777
2024-06-29,36,10,10260.2,19916.408049536192,18158.61758303146,18427.04
2024-07-06,36,10,13369.58,39012.40910835804,24848.866964587676,24442.307
2024-07-13,36,10,23145.91,15436.900805231104,18514.781072744412,18018.207
2024-07-20,36,10,16854.76,21596.12761529939,18027.775012847764,18293.56
2024-07-27,36,10,24396.5,20261.42475803635,16845.84011969004,16705.234
2024-08-03,36,10,25965.62,19140.07728417548,16708.181626676967,17052.062
2024-08-10,36,10,2999.86,17459.446060640483,16804.447331476196,16819.068
2024-08-17,36,10,26668.32,19534.788580384396,17000.233845435057,17115.309
2024-08-24,36,10,3031.21,17187.865114161228,18415.59563672252,18405.012
2024-08-31,36,10,16416.22,20531.41624605062,18785.70405447489,17608.27
2024-06-01,36,11,15881.9,16712.235729659682,19858.78153000329,20185.115
2024-06-08,36,11,22173.2,19801.190130612144,18121.583277895137,18520.2
2024-06-15,36,11,32657.04,15095.868325152616,18182.95846385418,18663.793
2024-06-22,36,11,2938.14,24631.59418799483,19077.611556401927,19765.707
2024-06-29,36,11,18062.34,22765.71901110577,20524.755871099533,20339.662
2024-07-06,36,11,34634.05,42038.927797603246,25517.699934061548,25261.307
2024-07-13,36,11,21665.01,20392.796009440695,21876.561795911002,20073.453
2024-07-20,36,11,5557.68,24494.185352044653,20131.443945899184,20495.973
2024-07-27,36,11,18301.24,22103.51624321499,18896.2093256084,18993.773
2024-08-03,36,11,20351.18,21883.102438739297,20054.977894727712,18992.43
2024-08-10,36,11,12249.39,19643.473951577966,17858.16784711007,18158.738
2024-08-17,36,11,29754.35,19391.967199349805,16762.535150680655,17465.576
2024-08-24,36,11,24219.38,17556.291881794088,18408.884928054227,18762.58
2024-08-31,36,11,24979.23,21076.368891862832,18152.67653942877,19102.113
2024-06-01,36,12,12335.88,16051.849193433933,19330.236580976623,22016.39
2024-06-08,36,12,14276.18,21509.79420212937,19477.331663019486,20901.574
2024-06-15,36,12,5346.98,16955.81732205573,20632.402985419307,20293.773
2024-06-22,36,12,29247.76,23830.149929901534,17544.261665722108,19116.549
2024-06-29,36,12,10129.61,21284.11204330281,18753.892462370903,19585.014
2024-07-06,36,12,21006.17,38771.91827099242,24745.2304337879,25751.186
2024-07-13,36,12,23830.62,15828.911290490942,16996.81353321333,17923.666
2024-07-20,36,12,12050.89,21397.389761197483,17799.826784033725,19677.69
2024-07-27,36,12,29801.94,19616.907172513325,16777.28447870108,17782.814
2024-08-03,36,12,2943.64,20130.739484239064,18283.681769893068,19192.734
2024-08-10,36,12,7404.61,18964.515413421315,20601.26583421907,18167.242
2024-08-17,36,12,5846.69,20451.302311563333,18047.469130551355,18031.463
2024-08-24,36,12,24208.89,15786.315284383658,18357.787947972687,17813.666
2024-08-31,36,12,12022.08,19271.840878351177,16672.80759094437,17554.35
2024-06-01,36,13,26149.55,18282.55145135097,20453.156515412404,20861.346
2024-06-08,36,13,34676.09,21565.938709762995,19746.019697742384,20978.973
2024-06-15,36,13,9380.41,16512.70503457154,20753.873048967045,21137.977
2024-06-22,36,13,6516.48,25157.707021981805,20115.57092379431,20981.014
2024-06-29,36,13,21408.08,21949.909825424867,19728.441104429206,20134.988
2024-07-06,36,13,20245.2,40727.34211232712,25898.763135767975,24862.84
2024-07-13,36,13,8268.74,17975.86563730205,20136.390145097415,20218.006
2024-07-20,36,13,34270.67,21798.785905157543,18540.26841453079,20170.746
2024-07-27,36,13,7316.85,22612.807774969217,19084.369518945958,19889.318
2024-08-03,36,13,3805.21,20722.85860130199,19432.462137518538,19443.4
2024-08-10,36,13,17087.13,17607.49760193911,17998.6785030943,17112.56
2024-08-17,36,13,12695.21,20009.198961146023,19967.664595796505,17590.586
2024-08-24,36,13,5392.52,15201.969286909218,16904.71106731068,17914.312
2024-08-31,36,13,36467.88,17317.045029028654,15879.580048872582,16719.062
2024-06-01,36,14,37700.03,17108.727317725607,21662.997581172833,22947.865
2024-06-08,36,14,21261.27,23177.96093643202,21389.765805294584,23218.97
2024-06-15,36,14,25977.7,19147.380735309263,23141.550119999614,23155.838
2024-06-22,36,14,8676.78,27758.804577598385,23095.091386275115,22794.627
2024-06-29,36,14,29877.74,25899.02976471714,23489.527492512272,23303.566
2024-07-06,36,14,27142.34,43662.74673269834,27343.046596332053,31733.477
2024-07-13,36,14,11544.95,21263.02536794084,22739.75942418232,22268.312
2024-07-20,36,14,21815.18,25226.39106669841,21360.12329770114,22460.164
2024-07-27,36,14,13890.8,23709.166877558244,19689.218498929855,20987.81
2024-08-03,36,14,33079.04,21321.638539576597,18016.184607100684,20401.764
2024-08-10,36,14,35912.28,20930.846200203487,20157.19571044684,21659.518
2024-08-17,36,14,29278.16,22952.098148008074,20445.17630795379,21748.23
2024-08-24,36,14,29127.12,20140.12947140669,21233.715424443028,22425.078
2024-08-31,36,14,31749.18,22425.214799471294,21357.119367956453,22953.52
2024-06-01,36,15,38916.28,17837.174952410976,20981.780692767174,23373.45
2024-06-08,36,15,23293.59,23796.332885050128,21437.665467524916,22719.422
2024-06-15,36,15,19012.05,17656.7912712424,21884.111626308,23247.514
2024-06-22,36,15,9224.8,25122.33953570696,20611.022971942013,21688.166
2024-06-29,36,15,27213.4,23487.689149563244,21480.553353320247,22093.75
2024-07-06,36,15,45897.22,41928.96275702476,32102.359247964643,28413.404
2024-07-13,36,15,32390.15,21224.971285829874,23313.006907695104,24731.893
2024-07-20,36,15,10655.11,27946.267873147975,22470.136250244537,24742.432
2024-07-27,36,15,38352.32,25670.982781501276,22417.359577986193,23038.459
2024-08-03,36,15,38916.09,25425.753073627915,23763.51733887512,24618.65
2024-08-10,36,15,35418.41,24767.14233118917,22812.995659049582,23177.803
2024-08-17,36,15,8971.9,26848.00220926827,22494.441609387704,23723.87
2024-08-24,36,15,26627.88,23546.0054974983,23264.976953977854,23488.707
2024-08-31,36,15,15107.63,26951.03621522389,26156.402219456108,23834.469
2024-06-01,36,16,12297.77,17397.163183233402,19525.663857601277,21970.12
2024-06-08,36,16,32053.88,21353.33888866286,18876.55080721413,21107.059
2024-06-15,36,16,22360.51,16704.94855905408,19624.344449490414,22996.924
2024-06-22,36,16,14358.35,24183.26041955276,18760.60215724922,22106.166
2024-06-29,36,16,19288.64,21653.652097248036,20040.590437859217,22798.15
2024-07-06,36,16,30566.9,40018.01646988643,26431.331262385345,25329.102
2024-07-13,36,16,7248.18,17304.287502862055,19019.644686436393,20992.787
2024-07-20,36,16,14788.12,22959.736708614902,18211.772456012328,21359.059
2024-07-27,36,16,32908.47,22001.33318160328,18527.759824878347,21037.781
2024-08-03,36,16,12044.04,23091.64943094903,20447.521489132836,22842.729
2024-08-10,36,16,33815.41,19864.763839186984,18184.007565008345,21116.588
2024-08-17,36,16,25460.89,21999.481666748048,19431.61704919766,21573.107
2024-08-24,36,16,33352.21,18904.937831512252,21097.094120161477,21757.98
2024-08-31,36,16,40364.23,22759.8143331201,21131.765206709853,22627.283
2024-06-01,36,17,20704.9,14646.14097611327,18224.598656962164,21251.688
2024-06-08,36,17,36600.39,19020.341823347437,17391.897846227723,21055.875
2024-06-15,36,17,14622.15,16888.39738123944,19763.781727328773,22102.748
2024-06-22,36,17,36945.0,23582.596850196212,19279.189914297134,21081.873
2024-06-29,36,17,35388.39,21823.113556294236,20388.297513228536,22594.383
2024-07-06,36,17,8272.84,42125.490877158336,31031.69366584022,28942.352
2024-07-13,36,17,30388.09,19339.31807166987,21595.52709546335,22912.438
2024-07-20,36,17,21179.43,25366.317797558077,21929.33130439655,22790.57
2024-07-27,36,17,21715.52,25870.37180824948,21871.211849454852,23347.576
2024-08-03,36,17,17794.12,24256.96401898739,22343.53483646406,23475.5
2024-08-10,36,17,4514.46,21341.14115656742,21070.576568997403,22482.086
2024-08-17,36,17,31993.89,22528.42059669781,20098.714157774575,21889.16
2024-08-24,36,17,27279.15,19080.723082313416,20036.22692655768,21537.727
2024-08-31,36,17,3965.03,21824.83399433839,20166.51878753136,21546.393
2024-06-01,36,18,27654.79,18239.813039134227,21056.998425551163,22689.232
2024-06-08,36,18,9939.08,21638.422938413838,20648.791580414974,22201.76
2024-06-15,36,18,26084.29,17299.79647314959,20528.89517756819,22799.55
2024-06-22,36,18,33343.18,25156.851046581258,20081.44442857018,21994.117
2024-06-29,36,18,31469.19,23611.670354920017,21225.127381875696,23192.713
2024-07-06,36,18,46028.72,43102.23291686902,28984.762573430802,29073.76
2024-07-13,36,18,36435.95,20913.632185960254,22116.276309760033,23227.117
2024-07-20,36,18,42571.48,26358.747992641504,21680.57364730362,24412.553
2024-07-27,36,18,27474.26,27313.239778681826,27598.610558939454,24932.781
2024-08-03,36,18,15057.06,27090.962250958335,27218.311254236985,25268.81
2024-08-10,36,18,41746.51,26955.75108399318,25289.26446199798,25606.781
2024-08-17,36,18,37907.92,29884.421174452196,27011.19068061499,26871.334
2024-08-24,36,18,6174.39,26060.999377745735,27373.508528220336,26208.994
2024-08-31,36,18,38512.86,28211.341936227793,28159.68375426354,27723.146
2024-06-01,36,19,29834.77,22645.74204982176,28284.566537382336,27077.41
2024-06-08,36,19,22824.0,25462.288211377643,26027.032759458725,25873.254
2024-06-15,36,19,6921.36,19913.16723436567,22609.481452880733,24075.613
2024-06-22,36,19,9534.26,26347.377367859473,23259.053348364596,23881.06
2024-06-29,36,19,7038.69,22467.182778072092,20101.394884159552,23070.65
2024-07-06,36,19,8830.24,40426.84987252759,27621.52464791358,27703.62
2024-07-13,36,19,19008.92,15326.639838896306,19750.635873858573,20692.639
2024-07-20,36,19,21170.13,20169.80140344455,16923.065682919587,20384.145
2024-07-27,36,19,8349.0,19618.921462016602,16933.14075236752,19722.004
2024-08-03,36,19,28432.57,17119.695712140696,15472.964705292334,18021.098
2024-08-10,36,19,35855.07,16542.68615028879,17194.229978897107,19137.809
2024-08-17,36,19,16821.03,20301.744751029168,19875.535660830872,20578.41
2024-08-24,36,19,34747.66,16833.632765319213,20351.31118606841,21422.209
2024-08-31,36,19,23293.96,21583.26914065823,20045.6801555,22549.613
2024-06-01,36,20,22285.33,21612.217798335245,26146.66246322604,27702.068
2024-06-08,36,20,12526.98,26308.398015224215,28851.335418543476,27329.559
2024-06-15,36,20,10170.93,20560.481629904316,22693.059547502777,25687.773
2024-06-22,36,20,43000.59,28430.299178914902,22856.54262322198,22305.135
2024-06-29,36,20,43601.62,26388.623019620252,22657.643745785666,25598.34
2024-07-06,36,20,30129.37,46046.09476243294,29613.93542278197,33253.793
2024-07-13,36,20,4341.62,22185.947586854134,23352.226694589866,25759.809
2024-07-20,36,20,11904.47,27234.209853528737,24650.696416104343,24193.375
2024-07-27,36,20,44653.37,25158.933716968524,22447.87448875783,23588.352
2024-08-03,36,20,11293.87,26036.774690568578,24206.369156070483,25686.592
2024-08-10,36,20,21523.09,24107.92033326665,22884.15588909408,25522.025
2024-08-17,36,20,33588.51,25626.43118624515,24399.892833081118,25137.332
2024-08-24,36,20,22747.26,21455.79163390117,23622.120225414634,24462.684
2024-08-31,36,20,9945.78,22081.411276170067,21486.06253864641,24505.352
2024-06-01,37,1,86655.0,57192.323071557075,46615.83665901403,52772.418
2024-06-08,37,1,89072.1,71268.63972657369,56297.72259921871,55602.332
2024-06-15,37,1,16970.36,70815.8353973435,53407.31679413412,52775.52
2024-06-22,37,1,72307.78,73216.46233301732,56690.888036254124,52108.086
2024-06-29,37,1,91231.31,64157.29763587326,58877.53726725091,52992.137
2024-07-06,37,1,41911.48,87645.89881946964,78195.18750599453,72768.516
2024-07-13,37,1,85011.81,72280.97047855973,58991.93901501568,58995.043
2024-07-20,37,1,46434.52,67171.49257148235,51200.629222266005,50963.918
2024-07-27,37,1,66042.04,78051.6275943424,57023.29974243561,53724.14
2024-08-03,37,1,44264.23,78448.21637553675,55702.72331871674,54264.094
2024-08-10,37,1,81448.26,73108.94221324517,50922.98268693264,53735.14
2024-08-17,37,1,19102.61,80550.23059367007,52546.36847205745,52209.754
2024-08-24,37,1,52132.67,75880.45395989265,57871.98122671325,54522.92
2024-08-31,37,1,98152.03,64574.407746523684,58896.35075619478,55107.93
2024-06-01,37,2,75876.29,54160.47471740627,60543.32554184519,57723.754
2024-06-08,37,2,13584.84,67188.58805265508,62125.16522669659,60008.613
2024-06-15,37,2,94234.01,65090.65356335272,61327.89703169455,62995.227
2024-06-22,37,2,95172.68,72513.3142642315,61454.19725369152,56885.633
2024-06-29,37,2,71864.14,66657.77652042246,63332.87983294677,59452.883
2024-07-06,37,2,18463.13,86555.22860610895,80210.02727101566,76494.71
2024-07-13,37,2,102102.13,69527.51715814247,63445.16516061271,58951.73
2024-07-20,37,2,42430.57,69821.67050103855,61263.30631621821,54531.434
2024-07-27,37,2,93889.85,78880.95596390901,64928.52880269967,61170.07
2024-08-03,37,2,13657.72,83247.34130766892,68639.30310020708,61548.637
2024-08-10,37,2,66828.62,81121.81238278985,66483.86810583554,58487.547
2024-08-17,37,2,34720.86,81636.12612104468,59620.91023106643,59361.617
2024-08-24,37,2,89135.63,75890.4210451945,61497.37244720984,57477.062
2024-08-31,37,2,93425.49,67286.72761491727,61368.740731026686,56777.797
2024-06-01,37,3,78140.4,67329.9773783751,63909.64812551791,60504.387
2024-06-08,37,3,57864.33,79436.57244044892,63592.05363444591,57271.41
2024-06-15,37,3,70558.14,74529.30981301074,61048.217102344315,60997.426
2024-06-22,37,3,85476.08,76899.81187573457,62031.333342945436,59885.996
2024-06-29,37,3,65778.84,71080.89058880482,73071.080799416,63005.53
2024-07-06,37,3,131219.14,88187.52001643015,91888.33467801791,83772.5
2024-07-13,37,3,74634.32,79915.09816736143,72880.8258808989,64420.363
2024-07-20,37,3,18937.89,76221.58299326,72040.2309216273,65473.82
2024-07-27,37,3,82697.08,83860.33113218882,75901.4552986881,68322.945
2024-08-03,37,3,49229.16,89168.52068631319,75905.4591554763,68281.664
2024-08-10,37,3,55812.96,82662.50864595725,72103.38596191403,65772.46
2024-08-17,37,3,38424.29,84178.08599453967,73671.1463371843,65966.94
2024-08-24,37,3,32347.52,77839.32387107343,61228.13086004733,61034.652
2024-08-31,37,3,86221.83,65286.60845942096,64034.65406228779,61414.277
2024-06-01,37,4,43313.48,69982.54812333558,68333.29662651927,64198.695
2024-06-08,37,4,72172.67,75382.77367005803,65795.7530304786,65816.414
2024-06-15,37,4,63015.41,72865.30620353424,65199.06339589524,64602.727
2024-06-22,37,4,104531.44,77579.09703564836,66187.1981139081,67252.79
2024-06-29,37,4,31461.46,71505.87917690026,65679.50302070928,62702.51
2024-07-06,37,4,120431.31,86273.68640656103,72795.76370644518,78478.14
2024-07-13,37,4,73643.18,76019.9091457907,71931.60371924672,67625.28
2024-07-20,37,4,12972.5,69235.15404070535,71748.33706385171,67577.96
2024-07-27,37,4,51008.86,80272.11903530476,68375.19356681553,68610.95
2024-08-03,37,4,13233.11,85270.93982695261,75070.14830950397,65051.28
2024-08-10,37,4,92216.68,76371.28978307819,65553.60877600526,63689.965
2024-08-17,37,4,29636.09,82384.32595356455,69206.3025637741,67029.516
2024-08-24,37,4,105972.64,74041.73767897315,68764.18455348315,65294.754
2024-08-31,37,4,59173.55,70801.39944778435,69423.59083641076,67204.3
2024-06-01,37,5,103930.25,71996.40080018036,72020.56022813548,63216.727
2024-06-08,37,5,85164.16,84274.47678196803,75688.2715317246,72266.9
2024-06-15,37,5,27553.15,85433.88120466805,76428.94467006781,69131.73
2024-06-22,37,5,118047.19,85193.02436895363,75531.81779943495,72113.12
2024-06-29,37,5,17732.67,83205.03420293913,80040.15322660605,65682.74
2024-07-06,37,5,143268.08,96711.0190565949,92498.74468522446,93688.75
2024-07-13,37,5,32769.86,86577.93998901307,79325.38696149051,73340.555
2024-07-20,37,5,71377.73,81208.22994955452,79804.84961385198,67244.18
2024-07-27,37,5,53198.38,86558.69983514375,78587.13196058254,71513.95
2024-08-03,37,5,75744.94,86772.04409442088,80368.31639966065,62028.137
2024-08-10,37,5,28014.99,77840.19266237164,64836.029371018965,67453.14
2024-08-17,37,5,97173.0,82015.03218393601,65574.1076322955,63144.055
2024-08-24,37,5,33767.41,79415.2884546498,67301.08268689348,64424.63
2024-08-31,37,5,80954.67,72019.67946878145,68312.09641235742,68898.914
2024-06-01,37,6,63219.24,67522.98243957854,75009.98097498248,71067.35
2024-06-08,37,6,11301.6,77973.61682715436,75566.16641203251,75138.99
2024-06-15,37,6,13494.97,79718.0255131009,76650.20492422642,72888.0
2024-06-22,37,6,37703.12,82865.75801839682,70779.82409692687,74606.75
2024-06-29,37,6,64464.34,67722.08947101192,66520.75609444761,70670.336
2024-07-06,37,6,53352.07,86576.94610593058,82465.70130208731,87776.53
2024-07-13,37,6,22018.28,66848.28352893275,65290.98694566084,69381.05
2024-07-20,37,6,78024.57,54918.86398610738,66884.11499750635,69738.72
2024-07-27,37,6,115791.61,65384.16200661932,67749.74861347393,68483.62
2024-08-03,37,6,61149.59,74238.63007113239,64673.109421721485,69483.59
2024-08-10,37,6,59166.75,73146.40671600678,70619.52844171308,73296.42
2024-08-17,37,6,63263.12,78448.58039654477,65923.83121985015,68561.586
2024-08-24,37,6,23379.86,78729.86594269311,69839.92495314809,62003.168
2024-08-31,37,6,79607.13,66125.35334721048,69375.24858494967,63650.742
2024-06-01,37,7,122743.45,67816.98696188218,68745.84381567613,76305.914
2024-06-08,37,7,110047.52,77319.36480395231,76303.12481342105,73513.336
2024-06-15,37,7,116911.75,76376.548380831,76057.26904036073,69001.54
2024-06-22,37,7,53810.87,79161.59783603155,75861.60568117065,71080.87
2024-06-29,37,7,85014.5,77419.47928631434,75542.59388717958,67791.68
2024-07-06,37,7,112308.45,101452.62205295148,99416.47364664522,108302.94
2024-07-13,37,7,69571.82,93645.38612375682,80457.0266563197,68087.36
2024-07-20,37,7,24603.09,83952.3412951924,77819.95578256871,73911.85
2024-07-27,37,7,89661.61,90516.31263923633,80757.94737243665,74938.76
2024-08-03,37,7,88331.84,92649.70273291535,75081.38900286422,69440.71
2024-08-10,37,7,36312.29,86359.86741088814,75281.42521452907,70292.25
2024-08-17,37,7,72735.2,84632.43312595598,74495.1951847848,73075.875
2024-08-24,37,7,57251.66,82333.91446183575,75189.76835157901,71900.85
2024-08-31,37,7,51180.8,71563.3428820208,69350.12559819795,63951.777
2024-06-01,37,8,105134.35,62606.21567514892,66750.7474634609,67453.445
2024-06-08,37,8,84700.92,75618.29166168501,67234.55613866965,74080.35
2024-06-15,37,8,18820.68,74711.10325303502,75430.14908019597,75988.42
2024-06-22,37,8,134556.05,81003.12470221447,76599.45980294084,76075.84
2024-06-29,37,8,14417.46,82699.51241624821,80006.67922175882,75486.18
2024-07-06,37,8,151865.55,100084.07311539189,85150.70734184723,99424.97
2024-07-13,37,8,53556.59,94079.43880458904,88694.02254915872,80169.15
2024-07-20,37,8,77593.69,83697.03386734193,82579.04882837986,76313.31
2024-07-27,37,8,90586.62,89065.94624555405,80159.53922751066,77391.47
2024-08-03,37,8,16990.49,90279.198943555,78493.90313906045,76284.91
2024-08-10,37,8,61977.33,81066.03410699288,74549.57964402276,77456.125
2024-08-17,37,8,54846.39,88054.64178880933,76640.3210482038,77387.22
2024-08-24,37,8,26748.53,80727.46127150938,68414.95404507803,73267.555
2024-08-31,37,8,76941.34,70157.52334172328,72212.73644736563,75860.12
2024-06-01,37,9,29928.94,69950.90812975669,75833.19236861078,77466.53
2024-06-08,37,9,45201.73,71900.3429647589,66005.1685425797,73389.67
2024-06-15,37,9,91032.46,70381.5686273197,65342.65669804349,70658.1
2024-06-22,37,9,50187.7,81196.6372516081,67578.81233577755,73125.16
2024-06-29,37,9,115180.69,68989.49466111549,66890.29685202027,73521.62
2024-07-06,37,9,178955.51,88808.24689886972,83486.81766567168,98678.19
2024-07-13,37,9,30339.59,84758.73962452973,83562.2316940716,76558.47
2024-07-20,37,9,127537.49,76469.43573944183,83467.01982412468,81176.97
2024-07-27,37,9,59144.6,91575.12730835067,80773.71416349114,81052.87
2024-08-03,37,9,61071.98,99523.15677196765,90333.91778954845,79897.66
2024-08-10,37,9,97569.3,92224.3453453834,81956.44951544833,78060.98
2024-08-17,37,9,104042.51,96445.55856207674,81024.48480637345,79162.63
2024-08-24,37,9,86724.17,94757.74068902197,79884.34950205425,79367.664
2024-08-31,37,9,96693.62,82213.31455343807,82762.39124324937,80352.48
2024-06-01,37,10,37665.92,68561.32287990963,73434.66739239883,79161.25
2024-06-08,37,10,84739.94,76875.61715653155,78347.68224618463,80000.26
2024-06-15,37,10,13343.49,79628.00273497397,77552.873991183,82860.36
2024-06-22,37,10,140245.77,86809.31191850457,77741.27117136918,75424.66
2024-06-29,37,10,81567.28,80364.09171641461,82381.46400205327,81058.016
2024-07-06,37,10,119922.76,102157.92827930712,105523.42111928781,103283.445
2024-07-13,37,10,129575.4,88789.04692623674,87945.80026066214,86240.22
2024-07-20,37,10,61432.87,81150.00735907027,81278.01881260902,81696.79
2024-07-27,37,10,64475.91,86556.72127488183,76449.48948467318,79681.21
2024-08-03,37,10,112516.6,93230.10968596247,80814.3888611339,80276.15
2024-08-10,37,10,96872.92,93030.37667054907,84159.22395877325,80643.875
2024-08-17,37,10,118412.83,99591.8273934568,79686.80308531167,80950.69
2024-08-24,37,10,97409.87,94613.75143551422,79926.58372999071,82117.22
2024-08-31,37,10,124311.02,84811.27341012823,80550.94184367359,79714.99
2024-06-01,37,11,42288.41,78930.29379446822,81819.75289806613,79812.73
2024-06-08,37,11,118818.28,87535.57259929186,78969.77037167558,87745.16
2024-06-15,37,11,102687.31,86173.93810087879,80755.83880455754,84443.94
2024-06-22,37,11,99738.58,92297.52000501336,80782.57493207208,83496.25
2024-06-29,37,11,140230.41,85171.9543028239,80821.19036525942,83775.15
2024-07-06,37,11,25262.8,107132.40755530604,103301.32714930475,101544.94
2024-07-13,37,11,103363.56,89199.26610290084,85763.88542594716,90194.51
2024-07-20,37,11,18807.78,84907.18764021626,86732.52587655319,86716.58
2024-07-27,37,11,143698.05,92821.25582109718,80092.80344838386,83352.125
2024-08-03,37,11,88023.86,101630.8314182219,89532.41010133097,86294.84
2024-08-10,37,11,77988.36,94829.12411663233,86620.3260899957,82874.82
2024-08-17,37,11,105874.53,95357.24046535967,86702.52149072573,87121.56
2024-08-24,37,11,90770.85,90405.18431261688,81439.10599623645,80153.195
2024-08-31,37,11,15230.63,75715.07250191856,75671.93703918614,79374.43
2024-06-01,37,12,139354.13,83749.02855011195,80405.30305625213,85010.64
2024-06-08,37,12,36796.58,93893.30984052064,81065.84736873288,86668.375
2024-06-15,37,12,78293.36,86423.64759873363,79804.09979951516,86276.555
2024-06-22,37,12,53563.39,92179.46915612288,82956.34317242456,86958.75
2024-06-29,37,12,80657.58,80325.63618246454,78513.38583589061,80865.13
2024-07-06,37,12,79406.64,94613.11168571658,90460.96841797166,103268.89
2024-07-13,37,12,60791.1,79679.62724715675,75943.56497210985,80317.33
2024-07-20,37,12,56354.07,73116.48126603232,75858.08937527909,80507.086
2024-07-27,37,12,74864.18,79184.06470954494,76913.93736745809,84006.445
2024-08-03,37,12,110192.01,78390.11243145826,70847.36404839886,76704.15
2024-08-10,37,12,39863.63,81731.8489031101,75935.50098306482,81403.63
2024-08-17,37,12,150290.76,83566.26887211125,74711.19317371729,79516.86
2024-08-24,37,12,141189.3,89900.17642175965,82518.15364074887,83289.234
2024-08-31,37,12,121971.01,85260.67181168191,87176.75099179178,86133.28
2024-06-01,37,13,86002.14,82249.13363295927,84883.98642252051,88933.875
2024-06-08,37,13,111631.75,85633.32523560323,77188.17370044517,86883.96
2024-06-15,37,13,74460.37,87171.1217926078,79882.58470949359,84071.664
2024-06-22,37,13,79325.92,85545.89572564032,78466.85382494694,83284.914
2024-06-29,37,13,22705.27,71883.90437367003,76717.8676724826,85315.15
2024-07-06,37,13,42678.14,94652.89162480444,89144.4202063246,119659.56
2024-07-13,37,13,109406.91,79531.42913117938,77609.15518849544,89227.49
2024-07-20,37,13,97696.29,78001.4159182843,76983.0526558805,85036.68
2024-07-27,37,13,137956.93,86277.76206539272,77908.95275097288,88238.2
2024-08-03,37,13,131536.82,91131.65542611128,81945.53151534683,85916.516
2024-08-10,37,13,51294.46,85739.6066258265,81539.69444109128,87054.07
2024-08-17,37,13,99197.29,91470.42437936933,78814.45961018512,84924.1
2024-08-24,37,13,129215.1,91761.89548850615,83928.27835742093,88871.24
2024-08-31,37,13,160633.3,90469.86983076943,83202.48454155796,88127.234
2024-06-01,37,14,53211.85,88093.17878891586,91079.51307856171,97067.36
2024-06-08,37,14,98245.41,93262.83465290224,82334.8698893297,97878.26
2024-06-15,37,14,152385.8,93842.38986168904,84505.46054506263,100514.27
2024-06-22,37,14,15132.64,99958.91643062708,85353.28583321093,91239.99
2024-06-29,37,14,102974.81,85268.1615377556,89713.06853031076,98323.48
2024-07-06,37,14,50804.94,108131.40916211822,110043.62765688165,128850.234
2024-07-13,37,14,55805.46,92217.10855922443,89784.9119959282,94082.766
2024-07-20,37,14,130160.73,78239.97458126099,88333.33716962715,99590.62
2024-07-27,37,14,98113.55,88998.56378381338,83733.43927357561,92725.07
2024-08-03,37,14,125990.85,93662.50380408595,83186.30576740319,96120.46
2024-08-10,37,14,133279.22,90498.1250959858,85526.74976198788,92139.88
2024-08-17,37,14,123215.07,90872.23320262876,83438.35600098051,93859.266
2024-08-24,37,14,149900.34,94534.42483122551,85494.48054883374,93287.79
2024-08-31,37,14,108684.21,88713.22553084715,88624.97799617941,96563.516
2024-06-01,37,15,90234.84,70272.07658950909,86558.50695557315,91373.55
2024-06-08,37,15,158157.67,82206.36854901668,90269.82422750595,84533.17
2024-06-15,37,15,161962.46,86128.60073215832,87317.53671393884,91966.234
2024-06-22,37,15,44144.48,98849.96127281032,87341.48052825379,89716.48
2024-06-29,37,15,29377.32,91920.20279868838,90676.84643269455,88832.04
2024-07-06,37,15,81105.38,113739.20071164129,112159.97374886415,130345.805
2024-07-13,37,15,104412.71,96093.63665200729,87986.25185638892,92799.92
2024-07-20,37,15,144599.9,85962.41850980246,82686.3324612469,91636.37
2024-07-27,37,15,20491.5,99559.82706346887,86474.3486878394,91974.625
2024-08-03,37,15,38489.31,98146.11604365637,88522.72182673088,91505.2
2024-08-10,37,15,48431.4,89014.19226911734,90434.58684131643,90208.1
2024-08-17,37,15,96044.97,87214.09021748079,80140.31109981025,84966.62
2024-08-24,37,15,51187.85,83186.02741936737,95078.6983412733,93868.87
2024-08-31,37,15,112380.9,73980.16532492466,90661.32132568576,92082.56
2024-06-01,37,16,87149.71,75456.49304500464,85735.90882856022,92829.44
2024-06-08,37,16,161077.94,80856.7790912904,86373.79346619773,100328.24
2024-06-15,37,16,67065.3,77862.3173965177,93856.03175257727,98289.31
2024-06-22,37,16,118885.87,86580.40137406485,86336.17285809628,95119.31
2024-06-29,37,16,62381.17,84911.99704751736,92767.7826436862,99399.38
2024-07-06,37,16,199770.21,107393.4330776426,112344.75378493918,124008.96
2024-07-13,37,16,132771.76,106395.70748551903,95108.9342959053,89544.695
2024-07-20,37,16,69505.58,98221.29861146491,95801.49047051578,99398.51
2024-07-27,37,16,38796.04,106039.91989162049,93481.72659262171,95543.66
2024-08-03,37,16,150473.06,109750.48032283984,93901.3295225267,95597.64
2024-08-10,37,16,51743.88,103944.31880047175,94318.51416626341,95189.74
2024-08-17,37,16,149271.07,105338.72347518746,90818.51545649237,96150.53
2024-08-24,37,16,144851.8,105425.77554454241,96577.8634585264,94347.92
2024-08-31,37,16,143972.57,100006.53000692016,97019.3210030311,91854.195
2024-06-01,37,17,131049.36,94717.49207574024,101902.37682866,108490.72
2024-06-08,37,17,141480.68,102655.73287513017,96246.10451312392,107332.45
2024-06-15,37,17,98494.78,98111.27509525107,96756.30135323323,102577.7
2024-06-22,37,17,173658.71,100082.82696189519,94770.94153745154,102968.96
2024-06-29,37,17,150264.13,92165.546739121,93728.97471262257,99044.15
2024-07-06,37,17,107427.19,119022.8834691438,115498.316594609,123704.516
2024-07-13,37,17,86382.93,106865.26679521805,100417.97202912976,106385.26
2024-07-20,37,17,23241.2,104138.46812119844,99842.30903446543,109554.71
2024-07-27,37,17,77636.27,108370.16908347089,95732.57690106564,104502.57
2024-08-03,37,17,87229.19,106009.82432667131,92464.73661550425,110333.69
2024-08-10,37,17,182265.88,98452.06871746125,98185.59693433504,103115.72
2024-08-17,37,17,167965.09,111189.15490353832,96634.00605359169,100375.35
2024-08-24,37,17,103571.07,104278.94241904604,96946.43090546358,99653.79
2024-08-31,37,17,74490.64,90393.23675966146,96862.87337845609,100266.71
2024-06-01,37,18,48980.14,84065.49873779749,99203.68645514101,104165.555
2024-06-08,37,18,114859.53,83442.13878325792,103828.25074197497,102971.86
2024-06-15,37,18,66965.84,86786.08110500171,94524.32806603843,101508.47
2024-06-22,37,18,107999.96,90267.29514675325,93426.56947297751,98147.55
2024-06-29,37,18,154620.68,80924.54594002364,96191.4629834155,95524.2
2024-07-06,37,18,153865.02,99453.07337569504,106571.28043919824,128603.84
2024-07-13,37,18,43234.72,92090.25081061426,96037.42986539824,97551.95
2024-07-20,37,18,100478.92,86974.23584064667,101336.31399387453,107680.234
2024-07-27,37,18,138449.83,99356.44119682061,99716.81367270602,111987.234
2024-08-03,37,18,175007.44,108598.11973113214,111943.28090658107,109677.83
2024-08-10,37,18,102994.42,108668.16373582085,105680.49068236118,110129.375
2024-08-17,37,18,46574.87,110680.68534617077,108056.16352759962,105714.43
2024-08-24,37,18,93742.47,107922.5937416445,116502.45210669002,107236.38
2024-08-31,37,18,72889.48,96804.63559737222,97103.81949503103,115975.41
2024-06-01,37,19,29964.0,95195.41788857104,106758.22208015058,110005.34
2024-06-08,37,19,86815.39,101275.87737531489,102808.77274813016,113229.66
2024-06-15,37,19,23121.86,100696.27108325044,101616.55391644349,108537.5
2024-06-22,37,19,158694.34,96830.54359723625,95478.07615778234,105187.33
2024-06-29,37,19,99512.42,94433.70882040926,96580.13959563924,105606.695
2024-07-06,37,19,53693.52,116048.62160504691,107108.1869904572,136039.62
2024-07-13,37,19,185410.13,92145.60759217368,96902.15452694026,105117.97
2024-07-20,37,19,151670.28,89303.069092828,97531.6497508676,99768.73
2024-07-27,37,19,45023.32,98632.63612352454,95993.68108558218,105420.69
2024-08-03,37,19,66018.15,103676.5456823784,94174.37847641709,106704.59
2024-08-10,37,19,151167.59,101751.70242009973,101437.96193942064,103058.14
2024-08-17,37,19,126368.8,112870.12482157277,108420.05409549507,109404.25
2024-08-24,37,19,39210.39,105123.19170510082,104655.24995741752,106885.01
2024-08-31,37,19,45966.96,92466.98914080887,100191.36444032873,115115.234
2024-06-01,37,20,163732.81,93021.34264217762,110420.51894706201,104598.18
2024-06-08,37,20,102458.13,107233.00351789559,110777.6367656807,108655.97
2024-06-15,37,20,174097.26,106227.88199344013,108383.84259209345,106387.91
2024-06-22,37,20,201440.99,111219.65665922605,108129.3700005397,106656.6
2024-06-29,37,20,57789.9,108049.91805593949,109143.79392771774,110898.91
2024-07-06,37,20,66915.57,125863.6853994045,125461.51034147508,126096.95
2024-07-13,37,20,93233.67,110695.82286974511,104901.79783515046,111280.82
2024-07-20,37,20,115881.81,101131.53239926224,109072.23780833936,108016.99
2024-07-27,37,20,64363.38,107926.1096603015,109914.97376135676,124571.734
2024-08-03,37,20,120732.75,103639.45028956683,108395.57119896096,114155.67
2024-08-10,37,20,57335.71,101657.06326999207,105496.60139090898,111310.9
2024-08-17,37,20,159844.51,98904.38582236049,100959.09807637376,107537.29
2024-08-24,37,20,133607.13,95488.16243389595,101556.1930265198,101543.81
2024-08-31,37,20,70944.68,90829.78003587518,101986.05638952933,106371.82
2024-06-01,38,1,39562.49,65224.17416164504,56084.58834040366,50317.47
2024-06-08,38,1,33746.91,66384.11523120943,43806.82066310855,46302.83
2024-06-15,38,1,69769.95,61223.83361776065,49681.11856574275,48229.492
2024-06-22,38,1,37950.35,64391.19795495025,52743.57014886597,48742.457
2024-06-29,38,1,61991.91,66587.53166174749,45622.99345815397,46561.07
2024-07-06,38,1,88698.78,73240.07010206857,75663.13786835958,64832.94
2024-07-13,38,1,55184.02,73430.2487306763,55187.450703669914,49754.016
2024-07-20,38,1,38079.24,67667.06036761694,51282.05865864151,49167.797
2024-07-27,38,1,17389.23,66074.58794471837,44542.77455065337,47827.168
2024-08-03,38,1,77931.83,63558.14925875069,54264.881839448884,52531.1
2024-08-10,38,1,51451.19,71881.03624842141,57254.419237635295,51110.562
2024-08-17,38,1,45542.44,69196.34269488917,47875.92367925252,49775.863
2024-08-24,38,1,61328.81,66465.02741899059,55799.81033270629,52249.88
2024-08-31,38,1,63739.55,68600.57718284152,57127.213654917134,49816.473
2024-06-01,38,2,24341.22,72736.2110651191,65507.98769370095,57168.598
2024-06-08,38,2,34633.81,75354.3803729938,57820.51892262013,57088.82
2024-06-15,38,2,17632.48,67073.90603649622,60107.33635369408,52919.64
2024-06-22,38,2,9138.65,60847.43557145948,60814.53936574885,63349.19
2024-06-29,38,2,18218.73,59867.508499833195,61641.57962569457,61132.426
2024-07-06,38,2,120402.81,64136.87516765994,73321.56220046735,73500.195
2024-07-13,38,2,35131.32,69033.17203251217,64605.050144513414,59838.344
2024-07-20,38,2,67131.78,61486.978365839816,63867.4290770937,61903.062
2024-07-27,38,2,92646.46,62480.04039186898,62830.1686668844,59409.863
2024-08-03,38,2,24587.48,63044.51193966464,64209.66725408541,64947.574
2024-08-10,38,2,89977.6,67045.35201629656,60695.632172232836,60962.09
2024-08-17,38,2,9919.68,71553.00928703081,54267.89412284988,56505.316
2024-08-24,38,2,40123.1,72038.20240058217,65385.011911812006,53892.402
2024-08-31,38,2,18854.99,75048.48626123552,59398.76786803039,58168.55
2024-06-01,38,3,65137.32,66368.05142154571,59017.623917151,53819.992
2024-06-08,38,3,41834.0,69031.7920101893,58200.65051052909,56076.12
2024-06-15,38,3,103260.34,65844.78064799972,61694.40751154345,55577.62
2024-06-22,38,3,81684.75,73047.32643686657,61408.64078101553,56415.82
2024-06-29,38,3,33383.61,77432.01522793883,61635.39498199613,57214.754
2024-07-06,38,3,91427.23,82244.88341304933,79514.9171560448,78738.72
2024-07-13,38,3,75095.41,80752.44062811934,61571.230263297024,55665.875
2024-07-20,38,3,45309.25,78851.0354056769,70812.88416848303,62021.99
2024-07-27,38,3,30443.57,74234.06670662737,59158.20623444931,57688.52
2024-08-03,38,3,48171.45,69488.19985790827,55907.97004021388,57423.77
2024-08-10,38,3,8962.34,74851.83470192453,59154.46154110212,57135.777
2024-08-17,38,3,70986.09,67545.13874234722,60713.96159718424,58506.14
2024-08-24,38,3,88622.36,65787.27440492372,60703.41588633455,58521.13
2024-08-31,38,3,60588.07,73571.63714389448,61720.49818331695,57596.055
2024-06-01,38,4,82544.21,69926.24165968105,64190.98918750071,59651.74
2024-06-08,38,4,11997.41,78427.83572272965,67659.70396470098,62228.586
2024-06-15,38,4,80316.62,74220.2116665266,65044.97499209549,60838.703
2024-06-22,38,4,14761.95,75525.69835942588,65512.043185398325,61210.85
2024-06-29,38,4,66541.99,76951.82824093552,67959.35245887445,62310.04
2024-07-06,38,4,123522.05,77515.52460682852,69437.54616077658,75432.69
2024-07-13,38,4,103160.34,82052.41129464598,71600.62995165934,61175.2
2024-07-20,38,4,29743.34,78278.32831564092,71024.79584677593,62134.914
2024-07-27,38,4,16577.01,73775.41215926828,71089.61152465788,62565.293
2024-08-03,38,4,21143.16,69761.22473301439,72129.62963934336,62116.19
2024-08-10,38,4,68345.43,75764.7493640088,66477.15500151656,62735.47
2024-08-17,38,4,13176.98,71094.10198045752,63496.74880999797,61157.746
2024-08-24,38,4,93600.68,68204.62245241,69204.09771183012,60838.645
2024-08-31,38,4,14398.52,74654.18622863697,69193.29633908122,60945.46
2024-06-01,38,5,58777.68,79400.77009931792,75600.81459662774,64198.156
2024-06-08,38,5,70381.61,83329.6519074045,74983.54190594584,67493.984
2024-06-15,38,5,24865.08,77646.33620082773,74389.97284809026,67542.89
2024-06-22,38,5,20457.28,72036.06238611636,63881.26942939573,63489.53
2024-06-29,38,5,30491.0,69894.30641145096,62805.118220493576,63309.94
2024-07-06,38,5,144447.13,71096.83785325685,68194.74772194626,74025.54
2024-07-13,38,5,35169.59,76663.42750956636,63248.533051982435,63452.164
2024-07-20,38,5,99918.81,70294.59860928069,65925.43598006778,68456.72
2024-07-27,38,5,67704.01,74257.55899734268,76983.55760681091,63914.37
2024-08-03,38,5,19816.24,71145.36228083979,78555.44701366653,59692.43
2024-08-10,38,5,101878.78,71767.87933375139,63975.48502674422,66110.5
2024-08-17,38,5,91631.96,77581.80440782386,69380.3618799288,65795.16
2024-08-24,38,5,42068.32,79263.14445481144,74045.04356595845,66774.93
2024-08-31,38,5,83649.38,82409.32240027265,74731.19359943572,67706.38
2024-06-01,38,6,10839.01,58219.76924102405,62115.80437153275,66081.73
2024-06-08,38,6,36564.5,63612.76938529207,63625.90740994802,69626.45
2024-06-15,38,6,51872.0,58896.44870098917,64381.54704499851,64451.492
2024-06-22,38,6,19423.57,60702.72739216337,66630.40435125444,72020.16
2024-06-29,38,6,30221.75,60330.894578963394,63192.64302860203,63629.598
2024-07-06,38,6,144424.5,64845.567599905036,62848.061551042396,80442.06
2024-07-13,38,6,74619.02,77026.99828586975,73565.84261894156,68909.75
2024-07-20,38,6,78951.29,73195.5290428249,76737.37212069437,64130.098
2024-07-27,38,6,56262.93,70019.23932300165,72306.54731973555,66461.67
2024-08-03,38,6,60693.41,69673.21677081773,73667.63304034839,55658.984
2024-08-10,38,6,119538.08,73064.25356756384,64976.08525676055,62813.176
2024-08-17,38,6,48772.01,79770.50848525114,73670.11353233887,71897.5
2024-08-24,38,6,73142.61,79447.63503834474,74411.1798720356,69439.95
2024-08-31,38,6,76681.14,85097.82859805325,74627.21120662826,70739.016
2024-06-01,38,7,109166.45,67575.8313474009,64517.08748248633,66125.62
2024-06-08,38,7,92130.33,77048.229846211,69463.24817240768,67236.6
2024-06-15,38,7,106617.2,68372.02769249075,65166.38006830522,65637.67
2024-06-22,38,7,122188.93,74434.52234701067,73151.78609605278,73500.79
2024-06-29,38,7,72977.41,84581.10792087918,76681.7095453446,69964.36
2024-07-06,38,7,108215.63,90173.42766614544,102432.30218769863,93588.71
2024-07-13,38,7,50801.17,93045.78129109187,78319.36374301348,66257.914
2024-07-20,38,7,97751.82,89883.10713191266,78824.3620343273,69350.25
2024-07-27,38,7,18140.04,89282.67968238122,76848.35889128577,66649.29
2024-08-03,38,7,72053.45,82925.13538377205,75529.90833971118,67968.07
2024-08-10,38,7,87522.16,86124.39430292152,73402.99861085755,68655.516
2024-08-17,38,7,47128.72,84426.69057644939,73286.32036339713,67215.33
2024-08-24,38,7,17042.79,75068.40755683061,68364.85263946814,67878.15
2024-08-31,38,7,32272.07,75390.25020183597,66997.82340603908,69576.78
2024-06-01,38,8,125145.72,73821.81353725339,71116.56579201309,71202.44
2024-06-08,38,8,32803.76,85614.80929368257,78203.75291248884,75816.91
2024-06-15,38,8,23227.33,80985.07814664091,77058.0183533403,75088.95
2024-06-22,38,8,49630.15,77566.41694189073,68209.17786248834,72974.98
2024-06-29,38,8,129562.57,82952.48836546342,73809.2309710821,74540.44
2024-07-06,38,8,20035.06,88889.59157828064,89919.72907346634,92890.664
2024-07-13,38,8,75593.74,84124.62122945834,79917.21778047153,77452.78
2024-07-20,38,8,124886.32,76774.01591096615,69658.93377228569,69601.97
2024-07-27,38,8,130467.86,81727.15637967375,79011.15533759866,74605.11
2024-08-03,38,8,38381.33,76544.53481902735,79050.47634668475,77555.945
2024-08-10,38,8,19407.05,81699.80071972401,76016.75954008912,75016.79
2024-08-17,38,8,81118.39,84656.13783167957,78890.81544758611,76122.54
2024-08-24,38,8,30373.36,84327.58052310965,77935.98701066725,73924.89
2024-08-31,38,8,110927.76,77307.81224033932,67488.91256592807,70977.695
2024-06-01,38,9,52696.81,82613.86600667369,78136.68686065423,75748.266
2024-06-08,38,9,34379.38,83109.96967794478,75779.4652205802,77833.14
2024-06-15,38,9,12428.47,74162.79162802722,73763.21965006545,75640.02
2024-06-22,38,9,59812.95,70766.86140315834,64808.285698478474,67973.67
2024-06-29,38,9,79818.59,75144.10596739588,66664.41843970351,71730.18
2024-07-06,38,9,15342.4,76521.9451204321,73360.03504334013,80347.43
2024-07-13,38,9,111203.1,69669.33463876139,64430.73973992328,68496.24
2024-07-20,38,9,76828.65,71151.27517892016,68046.01539399292,68387.27
2024-07-27,38,9,120697.59,70322.83756601744,70719.03984310744,68938.82
2024-08-03,38,9,50004.45,70902.84768972962,73006.407079609,74061.66
2024-08-10,38,9,16935.52,76386.7189885079,67617.8472144185,71572.234
2024-08-17,38,9,37342.53,78213.91879103507,69230.95034255751,71494.695
2024-08-24,38,9,128811.1,76280.41798774284,72822.0394680741,72925.04
2024-08-31,38,9,122168.65,83436.79923118136,77878.35493648659,77745.84
2024-06-01,38,10,66385.25,68304.1087294512,65467.58311233293,70318.02
2024-06-08,38,10,136493.0,76529.71632844288,71529.4039187239,74914.414
2024-06-15,38,10,46863.01,81460.78852964734,78141.55880583602,77069.69
2024-06-22,38,10,30910.15,80731.02247516747,74530.04267177965,76968.23
2024-06-29,38,10,56702.88,80966.29370814626,72896.64645367887,74585.21
2024-07-06,38,10,139869.75,87273.99421201748,86390.97091466142,87488.414
2024-07-13,38,10,12950.61,89567.34796817848,78361.5317472247,77479.55
2024-07-20,38,10,109617.64,82575.04319491683,79423.40296908475,78976.72
2024-07-27,38,10,18553.28,83128.85507358875,80375.88017472751,78495.71
2024-08-03,38,10,67350.76,78583.11970311732,78417.64443339469,74637.6
2024-08-10,38,10,33273.19,76354.3678667408,67181.05190382348,74943.125
2024-08-17,38,10,84967.14,75067.70915095019,69604.52331724165,71878.15
2024-08-24,38,10,98214.09,73759.91711261033,66907.36441588227,73309.48
2024-08-31,38,10,93972.35,78919.06104940604,74712.00478373136,77258.055
2024-06-01,38,11,43454.8,77593.01877416886,79343.14693809986,79525.69
2024-06-08,38,11,105549.81,79876.10480594158,76405.10697281892,77314.414
2024-06-15,38,11,128111.68,77261.44289972799,78061.72891310738,73521.125
2024-06-22,38,11,121649.49,83748.19790816077,74685.17667382989,78587.164
2024-06-29,38,11,11968.49,86470.7549174222,75273.19626584431,80612.07
2024-07-06,38,11,181203.43,93323.30917072724,114642.13548838334,95696.484
2024-07-13,38,11,24707.48,102415.7888473625,86026.13813082389,81212.5
2024-07-20,38,11,108711.2,93548.92557437235,84101.0509622854,90924.695
2024-07-27,38,11,45757.41,94755.14327014936,87168.60301203313,86287.414
2024-08-03,38,11,126846.48,91787.06778895593,91744.54353205726,87827.48
2024-08-10,38,11,74685.72,94198.52836172067,84269.1841180558,81668.0
2024-08-17,38,11,61533.72,87667.2710894694,80672.51684895887,79460.89
2024-08-24,38,11,19611.45,80946.73806705815,74737.62237141556,78053.7
2024-08-31,38,11,138552.36,87432.78950973818,78962.79988358039,82740.91
2024-06-01,38,12,44826.37,92000.70767611358,84781.10541960536,83228.17
2024-06-08,38,12,66195.06,90042.49900658993,79110.23645080296,82365.18
2024-06-15,38,12,65492.32,85828.55123118206,79364.18845885934,81172.62
2024-06-22,38,12,68516.81,86924.05162502226,79939.54041783538,81560.29
2024-06-29,38,12,35049.13,78888.1230056737,76490.49266486889,81246.57
2024-07-06,38,12,71389.72,76558.77205401342,79265.22369412566,90421.74
2024-07-13,38,12,145084.03,76846.28952525256,68982.89289981498,75253.2
2024-07-20,38,12,78908.07,85556.90708999557,80848.9816531401,80378.14
2024-07-27,38,12,91698.62,78816.92459211455,76762.18194868411,79362.33
2024-08-03,38,12,148581.83,75958.52895665448,74734.32202351885,74460.31
2024-08-10,38,12,98961.82,88856.82801970368,84331.37508226946,82035.55
2024-08-17,38,12,26191.8,88397.70953034222,79865.72134311686,80638.2
2024-08-24,38,12,142434.02,87077.68119027579,85321.86789258695,86122.62
2024-08-31,38,12,85017.61,100329.73049950434,83525.34788412038,84095.945
2024-06-01,38,13,147163.88,60030.185675714434,61955.5254956456,74367.625
2024-06-08,38,13,14023.9,74398.46300660301,73290.90430541872,77478.22
2024-06-15,38,13,94071.2,72479.82918124524,83672.053620118,76838.95
2024-06-22,38,13,140673.28,78354.30808837304,86253.88526137412,84626.0
2024-06-29,38,13,65370.64,91716.94815579968,81331.14209804506,89862.695
2024-07-06,38,13,21201.33,94816.19236431664,110593.13136208159,110285.38
2024-07-13,38,13,43875.42,86685.52311877575,77573.96546864031,82443.87
2024-07-20,38,13,125580.04,83461.46205503063,77858.41922742479,83788.43
2024-07-27,38,13,106551.71,86151.30500285863,78981.74827877604,80892.89
2024-08-03,38,13,132216.63,79051.54719824006,77213.33125924414,85451.875
2024-08-10,38,13,54439.05,89958.31099082276,81128.20883264444,82933.06
2024-08-17,38,13,108345.74,85912.95886756683,81074.49082307176,82885.336
2024-08-24,38,13,137700.38,81711.39960544163,75907.16987456846,83691.62
2024-08-31,38,13,21622.96,91657.31615849599,83703.65598705664,88518.48
2024-06-01,38,14,93929.14,74048.45919396999,79769.80978989087,87392.305
2024-06-08,38,14,110339.6,79816.11731386036,79053.9832354281,88146.58
2024-06-15,38,14,13902.56,81275.72893072374,79849.84504609666,87089.03
2024-06-22,38,14,111349.21,80795.97160842767,81797.380897603,89218.76
2024-06-29,38,14,126171.88,81406.62388029197,73698.4419457572,83907.17
2024-07-06,38,14,148554.04,89550.2354912073,86851.21978523157,99306.51
2024-07-13,38,14,84114.49,90953.82633539295,84327.9957035197,90562.75
2024-07-20,38,14,150674.38,85410.7567871359,83836.9876679598,91386.46
2024-07-27,38,14,27086.28,93811.23409414623,87472.17768686476,91684.14
2024-08-03,38,14,110119.49,91142.09088043313,89155.243479432,89805.59
2024-08-10,38,14,109320.08,96702.83025313099,86398.72281437421,93270.42
2024-08-17,38,14,123186.97,102915.47043690228,90656.5371302222,88498.65
2024-08-24,38,14,54098.96,98007.64711672871,92386.42061659587,92732.55
2024-08-31,38,14,70635.94,94685.67413934541,83585.85278321401,81904.25
2024-06-01,38,15,134274.27,78763.91724543573,92072.518434891,95457.02
2024-06-08,38,15,59852.05,91017.53369701139,84689.54119732804,92904.836
2024-06-15,38,15,23695.57,82902.41007718458,89179.34482979981,87329.29
2024-06-22,38,15,29243.18,80700.57817532207,91277.73741099497,91410.67
2024-06-29,38,15,99869.71,80904.11476521363,75313.05783678048,88801.055
2024-07-06,38,15,137064.21,80292.94487517199,89587.56797925946,102464.17
2024-07-13,38,15,135979.97,86468.60482375012,86258.46887015057,91493.39
2024-07-20,38,15,74233.44,86040.94897230767,88225.62419278506,86239.4
2024-07-27,38,15,98400.42,83197.64167783398,80744.44621597933,89419.27
2024-08-03,38,15,143557.46,78407.52725791564,89229.18231613397,86878.664
2024-08-10,38,15,135227.65,91187.1607568642,84466.76389720658,94810.23
2024-08-17,38,15,151968.75,96677.14585574425,90359.21382921493,95945.01
2024-08-24,38,15,33301.25,100264.76067540914,96372.04205532346,94238.625
2024-08-31,38,15,157514.88,105237.4701188831,91636.37657595062,93741.83
2024-06-01,38,16,138032.55,82643.34903333982,85555.98309624038,89884.66
2024-06-08,38,16,47407.3,88068.5317376345,84097.90793494851,93812.164
2024-06-15,38,16,122328.95,84210.034246358,79581.42628385538,91387.875
2024-06-22,38,16,132230.79,88334.58295378555,90054.26322646972,99737.59
2024-06-29,38,16,127458.12,94531.78287748198,89982.93641852819,94903.59
2024-07-06,38,16,163853.44,96546.68599260124,107563.54410290282,116046.79
2024-07-13,38,16,17732.81,96378.70453911726,92902.208065221,98961.87
2024-07-20,38,16,32287.5,96817.09469539273,91968.3110361473,89396.58
2024-07-27,38,16,169295.13,98438.9012571215,91153.67150044427,92604.95
2024-08-03,38,16,121577.61,100374.19568813551,94993.22953856464,96162.64
2024-08-10,38,16,63903.34,106929.85970618163,94335.79989971474,97446.07
2024-08-17,38,16,117553.86,98688.42791502751,91828.57939797026,90025.44
2024-08-24,38,16,83480.4,94131.42420275742,89927.27229029751,89058.47
2024-08-31,38,16,95849.22,92193.07106410697,85539.79792590025,89307.875
2024-06-01,38,17,86242.98,87086.92935898917,88555.70977773037,94970.77
2024-06-08,38,17,147166.4,88710.41101274744,87638.8576871436,92850.91
2024-06-15,38,17,44605.23,92717.94209681885,90104.63491138186,91243.74
2024-06-22,38,17,65652.92,96516.17396305685,91221.06189990079,90581.76
2024-06-29,38,17,131337.39,98874.05849394872,89991.04827355123,97515.04
2024-07-06,38,17,244131.83,102398.8613639758,114947.24614117994,115160.02
2024-07-13,38,17,84561.63,111297.56216916419,90109.92294798033,93503.84
2024-07-20,38,17,74447.17,102599.60698729052,92652.8906043688,98410.8
2024-07-27,38,17,71582.6,103149.99123635149,92914.93930553956,93544.305
2024-08-03,38,17,17450.65,102656.19581518881,93527.35839925133,100268.8
2024-08-10,38,17,98955.8,91955.37654109203,94915.0365398475,92895.3
2024-08-17,38,17,145552.9,95690.02496589627,92245.94604437536,95098.45
2024-08-24,38,17,172399.57,100665.14157152071,95699.28956751239,95949.695
2024-08-31,38,17,101926.8,105822.03329083286,98073.55782454168,103797.37
2024-06-01,38,18,35989.16,83317.64469862272,87856.91368307287,98747.9
2024-06-08,38,18,46189.17,83079.7265590264,106272.37625277421,104384.82
2024-06-15,38,18,94536.96,76791.74642951105,94538.59855776116,100891.91
2024-06-22,38,18,57332.01,77481.05597025418,70510.49479689199,99098.67
2024-06-29,38,18,112155.65,74987.9670307209,65246.733617374084,93641.02
2024-07-06,38,18,19012.81,82399.14699438706,88774.37003741701,102746.25
2024-07-13,38,18,37644.24,80727.026071909,73830.79038819177,97913.61
2024-07-20,38,18,93282.61,76154.54051910722,68634.92992694587,96950.77
2024-07-27,38,18,58457.36,76205.722414193,71372.20918456571,98601.61
2024-08-03,38,18,138126.75,70678.36456738156,66006.30116886305,91818.67
2024-08-10,38,18,142046.96,83691.59379350898,100738.38274904934,96458.516
2024-08-17,38,18,84125.91,84729.85712102544,103312.1881805917,100916.54
2024-08-24,38,18,51595.46,83030.60324352601,94204.29053358255,101072.0
2024-08-31,38,18,131813.63,84758.55058007213,92132.8423583545,95339.305
2024-06-01,38,19,19317.26,110724.85598204963,104695.2219453164,102082.13
2024-06-08,38,19,68277.83,116687.1413369739,115074.86303332905,106634.06
2024-06-15,38,19,120655.99,109296.14183623937,100481.40568503074,102181.96
2024-06-22,38,19,50181.44,109763.35584892225,107991.7710728053,106545.33
2024-06-29,38,19,29139.93,98982.02966438062,98551.62859329357,102800.53
2024-07-06,38,19,110558.04,92515.20673197196,113904.39060039564,113192.61
2024-07-13,38,19,142745.74,91764.85317365127,99407.76728621246,92992.75
2024-07-20,38,19,171964.42,89632.42813179517,96220.48796488848,100995.95
2024-07-27,38,19,132662.73,89520.19872596796,93841.99559768784,95555.32
2024-08-03,38,19,111682.4,86885.15776840644,95618.27298604223,101141.99
2024-08-10,38,19,185608.87,96122.87333880979,102422.57841228561,99124.42
2024-08-17,38,19,184904.36,102141.15918362426,108623.96208625872,100386.74
2024-08-24,38,19,24003.35,108821.84784226565,108605.92318693675,100807.03
2024-08-31,38,19,128886.28,118144.48748444466,115795.42820675108,113155.6
2024-06-01,38,20,62468.81,81035.37926096708,89997.45601279668,101351.28
2024-06-08,38,20,135495.26,80370.23012352528,98950.97247736754,102716.64
2024-06-15,38,20,176911.78,81862.43877519676,102362.69765694998,109662.32
2024-06-22,38,20,119310.99,88055.45228346201,90864.12179582215,103231.625
2024-06-29,38,20,143750.86,92829.77077982808,89579.3328318218,100865.17
2024-07-06,38,20,100788.49,98334.13897492847,107546.96979476078,115977.72
2024-07-13,38,20,53152.21,99603.4740855647,99068.05588855574,109813.41
2024-07-20,38,20,90150.24,96226.74051290518,102595.81903067743,104955.6
2024-07-27,38,20,34381.86,100378.37312224493,95463.34184077027,104197.336
2024-08-03,38,20,160765.05,93976.3175145059,104486.95709838484,106046.28
2024-08-10,38,20,57184.01,104570.1435584288,102222.0632720389,112270.7
2024-08-17,38,20,70347.09,95039.01096141888,98053.17473436148,101870.19
2024-08-24,38,20,119794.8,88414.26506597167,99763.36950524602,109051.086
2024-08-31,38,20,142417.73,90648.82782940855,96515.04391813507,107203.53
2024-06-01,39,1,18039.67,22491.124275568458,22223.202358059752,16567.613
2024-06-08,39,1,23435.01,23932.47533488727,23324.141256422066,17990.621
2024-06-15,39,1,9804.65,22723.06757667331,19371.95009722738,18240.26
2024-06-22,39,1,15036.23,17696.986916019967,20395.31700588437,18737.404
2024-06-29,39,1,11118.65,18310.693475488886,19518.141386753356,17944.436
2024-07-06,39,1,14875.37,26233.672894701493,20750.094973799005,23269.95
2024-07-13,39,1,18572.89,23266.46134030463,22743.58037027015,17269.736
2024-07-20,39,1,28081.84,23327.352165137163,20892.354935066098,18220.855
2024-07-27,39,1,12819.36,25401.701287102354,20259.03266072196,18090.232
2024-08-03,39,1,3903.98,22414.74389090103,19031.502197844195,17892.67
2024-08-10,39,1,33831.72,21280.31834012088,22059.858113377722,17788.121
2024-08-17,39,1,27539.2,27441.197031171156,19398.813450202608,17983.68
2024-08-24,39,1,5008.63,26568.4397871588,20089.20698289034,18830.438
2024-08-31,39,1,27009.55,27569.440752132505,20724.369098177427,20238.363
2024-06-01,39,2,11820.74,27063.954708811943,21668.41846954735,21441.44
2024-06-08,39,2,22239.71,29780.684176634837,23131.02618958929,22385.393
2024-06-15,39,2,23402.07,28597.118441991865,26085.07193730881,22805.514
2024-06-22,39,2,32895.46,22430.434163567035,24020.51352319264,22203.72
2024-06-29,39,2,25434.17,23937.808022174308,25580.028375259302,22686.133
2024-07-06,39,2,42818.38,33063.98049202573,33198.949161836725,30209.975
2024-07-13,39,2,13468.8,31505.597803025812,26295.452557949935,23029.674
2024-07-20,39,2,24276.36,29987.772020031152,24511.43916459336,22292.107
2024-07-27,39,2,35274.71,29895.3397190662,23435.582294222346,22257.72
2024-08-03,39,2,26212.66,29496.61441595803,26503.519523863113,23605.992
2024-08-10,39,2,25260.61,28154.915026295566,26319.988666289995,23497.62
2024-08-17,39,2,33305.15,31297.406184897052,25916.235733223042,23287.29
2024-08-24,39,2,33446.58,30108.770781360217,25965.80734446073,23076.36
2024-08-31,39,2,15767.06,31750.17384553865,26227.441850792056,23737.307
2024-06-01,39,3,8025.02,24339.715077587156,21883.51881946662,20867.11
2024-06-08,39,3,21064.25,25092.122549182604,24444.352262902838,20411.646
2024-06-15,39,3,14436.45,23498.80294158357,19436.72430942799,21286.133
2024-06-22,39,3,38319.84,16923.631019881417,21730.051959833225,19971.658
2024-06-29,39,3,16299.32,21320.963587385428,23068.730374846094,21301.932
2024-07-06,39,3,24249.95,29992.341583717476,27485.30697213657,26338.174
2024-07-13,39,3,29105.6,28309.691749446887,22722.61072357834,21541.113
2024-07-20,39,3,23785.1,27759.841923241707,22260.22660079885,21603.488
2024-07-27,39,3,11310.89,27354.692944199618,21774.129090150913,22254.318
2024-08-03,39,3,25351.35,25646.146740934688,22267.15714254189,22245.729
2024-08-10,39,3,37800.07,25629.202471424192,22241.98024372101,21970.098
2024-08-17,39,3,23855.26,31203.394468702383,25929.93355578241,22378.754
2024-08-24,39,3,19873.95,28509.01479750817,22828.1431228689,21596.445
2024-08-31,39,3,18254.44,29729.115798648992,23352.31832101559,23463.498
2024-06-01,39,4,25114.08,23944.712703837635,22974.140424367062,20928.727
2024-06-08,39,4,9159.37,26977.54074000856,23135.02052994655,20960.582
2024-06-15,39,4,22182.27,24031.453107949266,22236.02122196318,21386.314
2024-06-22,39,4,14782.95,19766.862893839207,23116.87115021027,21229.855
2024-06-29,39,4,33258.8,21269.26853376117,23153.715997745567,21514.31
2024-07-06,39,4,43941.84,31398.560045845494,30340.979759407033,28780.082
2024-07-13,39,4,6461.09,30268.222775851245,23786.004946862795,22411.766
2024-07-20,39,4,20105.24,28616.59546647031,23651.1645139338,21285.537
2024-07-27,39,4,8126.41,29152.241958670245,23778.443525152183,21688.164
2024-08-03,39,4,9375.77,26439.211992418313,24103.236189459745,21038.748
2024-08-10,39,4,37097.04,23872.78983842492,23409.878888137977,21527.062
2024-08-17,39,4,14236.71,29804.253767215414,23111.249460098366,22859.865
2024-08-24,39,4,31240.42,27937.279415180055,23476.428363276667,22529.527
2024-08-31,39,4,22480.12,28837.160008324558,23405.982344249696,21571.676
2024-06-01,39,5,22146.84,24177.121129064435,23498.214296612387,22169.354
2024-06-08,39,5,42013.73,25226.305237048444,23537.328520206498,21549.844
2024-06-15,39,5,5943.56,24959.153985436882,23245.886874993877,21554.57
2024-06-22,39,5,24675.86,19337.32593615856,22649.114170409724,21841.406
2024-06-29,39,5,33090.75,21522.02541591056,23239.99883451567,21873.508
2024-07-06,39,5,21816.76,32748.084567301798,31441.57618977933,30625.184
2024-07-13,39,5,33072.67,29508.12137837502,23809.020912034375,23588.08
2024-07-20,39,5,8316.13,28939.022832377414,25677.114575327552,24209.82
2024-07-27,39,5,34216.19,29614.961590013983,23820.898158828575,23079.219
2024-08-03,39,5,39801.0,27990.103910698053,26756.301834686215,23824.771
2024-08-10,39,5,41491.21,27683.08115145099,27139.309486473867,24155.082
2024-08-17,39,5,40714.73,33349.456840644714,27251.333141383642,24193.312
2024-08-24,39,5,8570.49,30970.494472182632,29261.0117379087,25136.719
2024-08-31,39,5,20969.29,33141.61495010815,27936.552631050392,25992.383
2024-06-01,39,6,37430.5,30021.516191308037,27057.708259065297,25789.445
2024-06-08,39,6,35442.92,32591.085782885813,28541.54312943176,26803.785
2024-06-15,39,6,39349.76,29434.385037923108,26831.005482406752,25817.928
2024-06-22,39,6,25924.05,23814.746979163756,27324.181283845002,25379.2
2024-06-29,39,6,15880.75,25456.462968657863,27120.540768859097,25655.377
2024-07-06,39,6,42174.91,34609.642017516395,34552.18626599313,33700.453
2024-07-13,39,6,26382.39,34387.89512100284,30834.734732217985,27952.258
2024-07-20,39,6,27337.64,33450.34567017666,31133.214502730272,28002.504
2024-07-27,39,6,33944.85,33041.78526003187,30666.8483288047,27848.83
2024-08-03,39,6,14540.17,30095.136130644598,29805.6117254483,27739.51
2024-08-10,39,6,11114.8,28155.332105539106,27258.30758868946,25513.686
2024-08-17,39,6,36917.37,30673.575933268294,25359.099078104526,24532.33
2024-08-24,39,6,33181.96,30726.075588053813,27765.988113138752,25292.041
2024-08-31,39,6,3892.64,32758.757071738095,27680.637526033446,26033.867
2024-06-01,39,7,12447.34,26028.75365588557,23441.317852100878,23948.55
2024-06-08,39,7,37977.32,27368.584143242973,23832.18497950281,23563.383
2024-06-15,39,7,33505.24,27621.0560938732,24056.24762540891,23893.629
2024-06-22,39,7,37449.78,23121.254166395418,27024.29373261306,25335.695
2024-06-29,39,7,13491.05,24851.46513174266,27162.16240782673,25738.79
2024-07-06,39,7,8921.98,33220.229232818,33662.36194278254,33369.84
2024-07-13,39,7,25627.97,31488.024285872023,27079.15092241902,25646.988
2024-07-20,39,7,34875.79,30759.208170153404,25769.6846494304,24996.33
2024-07-27,39,7,29204.42,30712.890295926263,27416.927761996118,26193.219
2024-08-03,39,7,19306.61,28781.475233681223,27191.585729845352,25997.523
2024-08-10,39,7,35008.46,26181.232953294915,26950.01254614132,25088.904
2024-08-17,39,7,12007.02,30278.9765208827,26939.241336136805,24780.719
2024-08-24,39,7,39985.51,27814.95634471745,23962.021049845578,24007.287
2024-08-31,39,7,22436.27,31450.469650571846,27690.938358608484,26306.736
2024-06-01,39,8,11342.07,29067.978219358934,27184.719982650928,26439.809
2024-06-08,39,8,19215.14,29118.755301915313,25731.18119505993,25751.812
2024-06-15,39,8,27022.39,25994.820286977032,23678.35533739043,24725.865
2024-06-22,39,8,34538.71,19975.750536602507,23623.262612160175,23508.223
2024-06-29,39,8,22407.38,22534.907826401635,23632.36649321597,24529.268
2024-07-06,39,8,39462.07,30278.63277701079,30916.870869094062,30045.018
2024-07-13,39,8,21083.87,29314.097291996703,24324.514634175288,24834.762
2024-07-20,39,8,5078.28,29109.750597464976,24142.864861655442,24736.781
2024-07-27,39,8,25261.87,29178.68613428557,23632.331991717183,25271.54
2024-08-03,39,8,15449.8,28245.942304395336,24410.436973792435,25148.422
2024-08-10,39,8,5439.83,26451.384494056067,24034.787962456146,25075.908
2024-08-17,39,8,10968.59,28606.125184304692,23723.144159407235,24431.416
2024-08-24,39,8,33581.18,25793.70168788715,24337.49215851687,24278.295
2024-08-31,39,8,11563.2,28371.845010847763,24042.544669066858,23991.99
2024-06-01,39,9,6260.58,28524.752511099425,27335.575333424633,26695.861
2024-06-08,39,9,40332.99,29050.728921956936,24109.95194347679,25876.783
2024-06-15,39,9,32153.1,29511.59581337666,27827.111050044812,27874.795
2024-06-22,39,9,13630.5,25326.07455195908,27891.49201594549,28194.3
2024-06-29,39,9,4068.14,26683.754037552797,27715.337936129083,28546.553
2024-07-06,39,9,22866.9,34003.702846480446,31169.20808912952,34547.543
2024-07-13,39,9,23084.1,30580.140349141868,24302.49553165618,25632.668
2024-07-20,39,9,34520.98,27888.617100620206,23925.458282346834,24908.43
2024-07-27,39,9,22737.37,28699.64415084813,23900.382999523383,25985.664
2024-08-03,39,9,42634.05,26078.952020186887,24225.992421871833,25101.826
2024-08-10,39,9,47708.87,26106.500021290485,25000.355320409013,25424.69
2024-08-17,39,9,43528.01,31025.498219525696,28081.562643705383,26747.562
2024-08-24,39,9,39585.24,31381.163423751983,28403.72289377672,28320.123
2024-08-31,39,9,16529.74,33994.200724067756,30967.21608078427,29060.465
2024-06-01,39,10,14612.68,29717.807396286356,27489.828702131905,27705.682
2024-06-08,39,10,16654.29,31084.59556131949,27364.015715099784,27839.299
2024-06-15,39,10,16933.68,27828.642148934778,24046.473810008145,26130.05
2024-06-22,39,10,50203.58,22598.166418022127,24336.111947540998,25429.541
2024-06-29,39,10,49733.78,24930.014189856367,25517.74108670627,26763.518
2024-07-06,39,10,24948.3,35828.02134642152,37691.79325293203,39452.234
2024-07-13,39,10,15643.83,32133.510224733567,28532.520306390692,29367.916
2024-07-20,39,10,6111.12,32589.432083652355,28470.78147879419,28608.71
2024-07-27,39,10,27178.23,31402.037490312337,26583.72643764316,27620.094
2024-08-03,39,10,15573.1,28520.73686407008,27301.00296648434,27449.383
2024-08-10,39,10,23443.2,27557.16193846595,27454.37332434981,27400.355
2024-08-17,39,10,15707.44,31371.00966240062,27677.258116065612,27151.816
2024-08-24,39,10,29777.45,27151.22064241112,24410.76037465741,25376.752
2024-08-31,39,10,51416.87,27299.478222032514,23980.10059732585,24798.85
2024-06-01,39,11,17967.5,33961.51802997087,32026.9165557223,30456.902
2024-06-08,39,11,22405.11,34074.25809631121,30953.57319186934,31019.299
2024-06-15,39,11,41352.14,30694.473050875808,28497.814985425826,28741.42
2024-06-22,39,11,8648.5,27883.50506640783,31612.484536794076,30980.5
2024-06-29,39,11,46057.26,25974.368092391545,28205.96032643869,28609.326
2024-07-06,39,11,46380.12,37645.70609259994,45468.972882999966,42122.65
2024-07-13,39,11,31464.22,36296.69651316266,32343.480631126196,31528.516
2024-07-20,39,11,6123.89,34529.56123019525,32868.69232580343,31896.129
2024-07-27,39,11,11357.39,32457.65370067155,28599.820939391215,30750.113
2024-08-03,39,11,30407.26,30278.291660923707,28471.793957848015,29118.324
2024-08-10,39,11,25285.36,29418.02277094838,27814.141940293146,28471.38
2024-08-17,39,11,38357.55,31441.695444838093,27636.976652700898,27755.47
2024-08-24,39,11,41720.78,31525.900251202416,27576.93807999508,28554.654
2024-08-31,39,11,19699.98,31830.579404631753,27236.21041530698,28706.146
2024-06-01,39,12,52044.87,30565.662113715603,28625.40905621771,29795.377
2024-06-08,39,12,45349.72,35438.75440651353,30904.9782040218,30855.752
2024-06-15,39,12,9377.53,33700.38000701929,30766.09115535034,30845.754
2024-06-22,39,12,42968.93,28311.40479858413,32962.661807756594,32756.555
2024-06-29,39,12,28568.32,29499.591279282256,32878.71482539594,32635.37
2024-07-06,39,12,9762.85,39104.96913597679,46283.48257795296,43275.94
2024-07-13,39,12,15211.44,34109.33058377276,28900.925441376,30830.945
2024-07-20,39,12,54555.06,33182.26898995762,27833.096001605663,29246.863
2024-07-27,39,12,10426.89,35637.39544091303,33325.30240449889,32562.705
2024-08-03,39,12,31941.25,30106.264156469653,28401.251780922255,30448.906
2024-08-10,39,12,46996.16,28372.17068671657,29180.921197102765,30223.672
2024-08-17,39,12,22200.3,34838.99195135642,30599.882091699783,31141.582
2024-08-24,39,12,50932.21,30875.943485129217,27878.47723249216,29619.697
2024-08-31,39,12,6903.65,33559.145476419995,29795.415762640547,30100.494
2024-06-01,39,13,44180.54,36708.96882547577,33428.109746222835,32650.082
2024-06-08,39,13,43528.79,37098.86567259641,33818.80887977337,32980.836
2024-06-15,39,13,56794.87,33143.49778721231,31524.465510575672,32186.28
2024-06-22,39,13,51131.05,29022.90560894018,33749.85108210904,32838.02
2024-06-29,39,13,50286.61,29894.294791732573,32956.527578201545,32052.322
2024-07-06,39,13,55794.76,39251.84127602372,44334.35948914006,46222.24
2024-07-13,39,13,43312.49,39832.19953519145,37028.796297695546,35048.004
2024-07-20,39,13,30104.34,41315.32121334328,36133.97143474678,34209.395
2024-07-27,39,13,42404.16,41324.416307515814,35739.6497472004,34546.316
2024-08-03,39,13,31956.54,39103.78632606224,34558.26703765085,34305.11
2024-08-10,39,13,26734.72,37137.02828130221,35388.444652792605,34001.598
2024-08-17,39,13,8690.95,38730.19535682711,34056.864087123904,34213.043
2024-08-24,39,13,32234.22,36073.676848660485,32911.352774552724,31496.307
2024-08-31,39,13,13923.31,35904.87840494339,33229.846345108606,31388.955
2024-06-01,39,14,33613.63,34328.29129222583,32463.59979378179,32242.545
2024-06-08,39,14,35459.94,34877.30919684535,30206.49632063378,32160.504
2024-06-15,39,14,46995.5,32789.48069286225,29329.773138210927,31716.8
2024-06-22,39,14,20623.05,28200.7441738142,33775.32122021934,31229.035
2024-06-29,39,14,34525.95,27659.305892100863,30961.2618889895,32208.855
2024-07-06,39,14,38974.57,38482.383407026675,44168.631588930206,43266.87
2024-07-13,39,14,5716.83,37357.225554722085,30131.23144155893,32053.033
2024-07-20,39,14,26685.53,34738.94106921303,32487.869766070504,32918.242
2024-07-27,39,14,57801.94,33707.23772390356,30358.164895239617,30988.996
2024-08-03,39,14,45368.7,34095.61164989543,33691.071039911505,34238.047
2024-08-10,39,14,13630.48,33303.5750011043,32630.417503484212,33093.633
2024-08-17,39,14,45836.1,34268.917605903436,32167.372666457133,33216.6
2024-08-24,39,14,45627.91,35086.28155380268,33377.327922865254,32949.47
2024-08-31,39,14,51385.54,36773.059899717584,33273.40202958444,32653.252
2024-06-01,39,15,18605.74,31344.006082914624,28317.914711232228,30738.203
2024-06-08,39,15,15854.84,32035.387945165632,27790.207735972792,30980.734
2024-06-15,39,15,44665.57,27890.29589119651,27362.586730893745,29837.32
2024-06-22,39,15,42589.16,24441.11049145453,28839.176322954372,29168.01
2024-06-29,39,15,44707.47,25415.026473822072,28126.25067231011,30440.559
2024-07-06,39,15,29756.48,34713.25678836791,36405.85218219421,39872.21
2024-07-13,39,15,30064.97,32854.114119221296,30290.762400796855,32488.912
2024-07-20,39,15,30480.75,33155.71547204641,31643.239830771094,31887.414
2024-07-27,39,15,19982.83,33239.75742932715,30083.77810394713,32892.79
2024-08-03,39,15,50095.87,30665.58581420921,30263.855310049737,32629.396
2024-08-10,39,15,21457.47,33449.99391215382,31866.12907664461,33740.93
2024-08-17,39,15,30271.14,35642.63013062238,31861.15880450761,33255.293
2024-08-24,39,15,59888.25,33235.32230392608,31863.740295496336,32064.223
2024-08-31,39,15,10550.03,36564.11709931183,33806.74700388353,33834.715
2024-06-01,39,16,42132.46,32304.230198007645,32033.924768464258,33541.28
2024-06-08,39,16,16397.3,34416.59550476261,30806.603616159653,34377.844
2024-06-15,39,16,8940.01,33004.25857496095,32127.17485949751,34596.19
2024-06-22,39,16,5739.93,27767.242716028726,33820.17489928995,34732.48
2024-06-29,39,16,9588.55,27101.436479070573,29987.201183459983,32171.06
2024-07-06,39,16,45893.84,32038.18326620123,33983.89502701064,36602.84
2024-07-13,39,16,18130.85,32855.8808967109,29901.21450383347,33165.977
2024-07-20,39,16,56380.2,30549.445386848813,26768.556633108874,30216.857
2024-07-27,39,16,52537.68,31335.940982675005,30269.15597934013,32735.848
2024-08-03,39,16,44490.62,28882.484072961146,31403.915933798547,32111.996
2024-08-10,39,16,53182.18,29657.798657023523,31504.085104287147,33053.87
2024-08-17,39,16,54889.27,34736.78854534629,32296.767767103167,33100.9
2024-08-24,39,16,5680.62,36715.21443272922,34879.23556933979,36609.65
2024-08-31,39,16,8973.63,40980.89562264194,36040.11055660518,37600.38
2024-06-01,39,17,25190.45,39317.12396212454,35639.06212578965,37785.254
2024-06-08,39,17,37210.25,40735.417520953575,35434.00108552429,36097.96
2024-06-15,39,17,14990.86,35610.45190998429,32480.324178011106,34676.066
2024-06-22,39,17,11598.15,28322.768592174754,31344.74295872094,33792.188
2024-06-29,39,17,5456.53,27502.197909280832,34853.16302277352,34329.664
2024-07-06,39,17,55230.23,33565.35324220307,38000.17855439324,34747.895
2024-07-13,39,17,42724.11,32082.986833719377,29779.892738793656,31711.17
2024-07-20,39,17,5628.91,32725.048526207698,38136.18957005196,32970.465
2024-07-27,39,17,28565.27,31464.09247654269,35261.12096506383,31690.078
2024-08-03,39,17,7765.5,29361.008098089027,34595.28159453829,32680.053
2024-08-10,39,17,14363.26,26715.514347640747,28244.13619498375,30656.816
2024-08-17,39,17,64167.22,29038.038152641668,26359.578363905017,29493.932
2024-08-24,39,17,43243.49,33625.38722305013,38355.91969915889,33873.574
2024-08-31,39,17,33498.27,36664.744491433565,34400.20378139838,36048.24
2024-06-01,39,18,50752.69,29934.16587138697,37013.904981125386,34363.89
2024-06-08,39,18,65612.35,34985.723983450116,36970.8308555237,36934.11
2024-06-15,39,18,51173.02,32655.276902145837,34279.57239207017,35460.117
2024-06-22,39,18,47139.22,26790.891734858094,31722.565340665653,35180.52
2024-06-29,39,18,6896.7,30330.488988513796,33828.62623937622,35337.137
2024-07-06,39,18,34519.78,41835.82527986629,51467.44557749968,48596.285
2024-07-13,39,18,61162.4,40880.011207451695,36098.44527120787,38820.82
2024-07-20,39,18,23536.1,42880.85581875236,36032.84384782798,40079.18
2024-07-27,39,18,40260.97,40850.67192405613,34960.41163000332,39012.355
2024-08-03,39,18,58483.59,36558.28517534801,34762.3938590485,38045.715
2024-08-10,39,18,58623.12,36085.0846699652,34704.272040762495,35730.715
2024-08-17,39,18,53902.3,39467.900330324184,34906.31104073625,37929.344
2024-08-24,39,18,36952.42,37147.560960369105,35606.339965520165,37508.85
2024-08-31,39,18,45662.74,41115.54285905642,35530.08751300165,38377.34
2024-06-01,39,19,7887.34,32866.04344576545,32576.51517447505,34205.023
2024-06-08,39,19,52573.05,35111.97536045288,34839.75989910725,38631.887
2024-06-15,39,19,60790.31,35719.64418349676,35624.23315214317,37368.188
2024-06-22,39,19,9169.18,34000.74994150357,37270.20318670395,39929.977
2024-06-29,39,19,21607.94,35276.1668692607,37166.94612770645,40212.664
2024-07-06,39,19,58717.26,42750.76375961538,51257.09131145122,54488.523
2024-07-13,39,19,26682.27,40836.122729751114,36902.797066753235,38050.22
2024-07-20,39,19,31233.79,37428.59265884192,34801.28042065204,37336.547
2024-07-27,39,19,15327.26,35100.63905451951,34319.344903963196,37263.168
2024-08-03,39,19,35287.58,34061.5939545729,34526.83437984883,36562.22
2024-08-10,39,19,60400.65,30567.50179803568,34936.88278265259,34821.465
2024-08-17,39,19,19572.93,35832.72143696181,35531.56678171715,39696.316
2024-08-24,39,19,28446.49,34901.00606875238,35449.84912713184,37247.215
2024-08-31,39,19,42597.12,36388.08070534405,36908.01731659478,36159.1
2024-06-01,39,20,40762.57,32268.483580872642,35264.53737371364,39006.0
2024-06-08,39,20,17951.68,36647.987800474846,34764.547430428705,36738.387
2024-06-15,39,20,24367.46,33450.93273834463,32327.91713659974,34035.48
2024-06-22,39,20,14660.28,27404.4964006644,33006.10315740602,36619.812
2024-06-29,39,20,50937.33,27067.585796381725,34480.71879819022,33653.805
2024-07-06,39,20,51284.98,36867.70469286813,41423.50813735425,43644.984
2024-07-13,39,20,7697.19,33962.64321189547,36253.176415876005,34843.387
2024-07-20,39,20,45409.61,32554.282569067036,35658.42974014935,36564.785
2024-07-27,39,20,69939.11,34947.93616342838,36168.09946509191,36892.926
2024-08-03,39,20,46938.52,35446.09595168496,36930.002458446244,37479.113
2024-08-10,39,20,30177.81,35732.67925947635,34738.27244471327,37782.027
2024-08-17,39,20,7333.26,38578.11805539153,36311.30296227167,37876.484
2024-08-24,39,20,62989.23,39213.67822749534,37738.773287497155,38414.87
2024-08-31,39,20,7266.79,41238.51651102224,37973.69661488937,39225.348
2024-06-01,40,1,68990.21,59378.90420128272,42880.040906997936,46483.062
2024-06-08,40,1,50082.05,60832.983700906705,43469.60837133802,44869.516
2024-06-15,40,1,69128.58,56134.51199851113,44445.74623932126,45524.516
2024-06-22,40,1,8037.36,56627.36321338089,42557.93262801469,43232.566
2024-06-29,40,1,64590.29,57278.00886064435,44688.17904640085,46255.977
2024-07-06,40,1,24192.47,81496.17533561817,65806.00839376968,57683.566
2024-07-13,40,1,46619.84,63401.15442843579,42245.37011088487,47693.8
2024-07-20,40,1,48208.77,61343.034310578274,49084.65387625371,47556.906
2024-07-27,40,1,33436.34,60308.58582153732,41920.413854432016,48169.727
2024-08-03,40,1,73079.73,59163.067536792056,46184.695858322215,45953.668
2024-08-10,40,1,43143.57,61166.515697283605,46832.13850657795,45545.8
2024-08-17,40,1,74853.67,62314.57852662315,41494.661350324146,44766.55
2024-08-24,40,1,31817.9,63105.29732466235,47114.122235742776,45308.477
2024-08-31,40,1,81292.97,62353.75996688805,51020.06555612449,45465.418
2024-06-01,40,2,43471.7,66403.02838807504,55612.85490071457,50831.152
2024-06-08,40,2,21130.93,63204.303409210865,53593.445562035486,50860.906
2024-06-15,40,2,17188.86,58407.87992247604,56356.966283921065,52109.113
2024-06-22,40,2,24393.17,53503.94688705124,57344.32174304343,53327.24
2024-06-29,40,2,32316.1,53636.5814151399,53922.11505422659,53314.46
2024-07-06,40,2,97026.33,74912.59364748912,69728.34092642741,64512.8
2024-07-13,40,2,10496.12,62555.52028800385,55842.39304150891,55814.777
2024-07-20,40,2,50504.18,57922.122358648376,57811.63924555894,57341.176
2024-07-27,40,2,71736.57,57020.080484535174,56999.41578753932,53084.426
2024-08-03,40,2,37887.8,62433.2729938404,57110.02929661106,54685.426
2024-08-10,40,2,33963.1,60610.87287146536,55417.0903284009,51772.08
2024-08-17,40,2,7640.51,63489.20316863608,55908.44328445656,51760.02
2024-08-24,40,2,29548.58,61119.78616116649,55770.30682663014,52485.555
2024-08-31,40,2,44986.22,59584.81646672615,57315.52927740929,53184.695
2024-06-01,40,3,12855.71,64455.13257621845,50752.883895725136,51859.227
2024-06-08,40,3,73224.28,62746.51029672415,54899.770785253364,52396.113
2024-06-15,40,3,28710.12,61224.57008553102,57038.82072535759,49551.613
2024-06-22,40,3,30625.55,58507.01999261263,59345.94391537079,58788.8
2024-06-29,40,3,74605.17,58768.66269126442,55233.76584231615,61388.395
2024-07-06,40,3,22081.24,84594.43736223175,65341.18488063873,72586.43
2024-07-13,40,3,27910.26,63645.54547348827,56025.903639776145,59745.32
2024-07-20,40,3,7810.76,60519.03375545676,55637.889861327836,59633.414
2024-07-27,40,3,18257.89,56274.895647204066,54844.48934422196,59454.9
2024-08-03,40,3,13960.64,55594.58898127844,53700.7956742064,59231.91
2024-08-10,40,3,75098.58,51655.16034877841,55534.27459918306,50049.703
2024-08-17,40,3,62567.28,60615.132831247356,54320.39613821312,57829.945
2024-08-24,40,3,52251.51,57833.42492460687,55842.44259510722,60893.734
2024-08-31,40,3,60510.21,55679.15330727651,56971.43793029881,60303.547
2024-06-01,40,4,8333.44,59831.900677919366,55900.92601793671,55385.312
2024-06-08,40,4,80345.82,58662.75910029551,55719.24661683531,53881.875
2024-06-15,40,4,91872.46,59484.54313261007,56700.91647086335,52697.215
2024-06-22,40,4,58405.25,60450.21865370176,58614.29094206423,55163.066
2024-06-29,40,4,67057.56,61924.864871036385,64905.63090307598,58282.31
2024-07-06,40,4,114328.09,83305.73506839064,79539.86225570003,57462.254
2024-07-13,40,4,66160.59,72537.65147855814,63870.004884655886,52752.55
2024-07-20,40,4,79810.67,71841.64516907558,63436.58322920543,54327.69
2024-07-27,40,4,10416.03,72261.93631127413,69845.79374020225,60076.477
2024-08-03,40,4,28791.71,79417.17307466292,72667.38366557492,58708.387
2024-08-10,40,4,29996.13,74545.01474196307,64846.85858663497,59116.97
2024-08-17,40,4,85898.7,73768.6086380503,62303.72314702274,55217.277
2024-08-24,40,4,94749.15,71308.33524871062,65424.73796945949,57986.797
2024-08-31,40,4,28188.89,72978.54094098491,66261.04398092184,59124.55
2024-06-01,40,5,59926.11,71034.07146498497,65146.37952479671,56522.234
2024-06-08,40,5,68976.86,63367.31774990852,61586.706257442616,53752.99
2024-06-15,40,5,17247.06,61591.44850673705,62235.39565903208,53863.066
2024-06-22,40,5,94656.72,59673.390615268865,57640.67420341008,53652.56
2024-06-29,40,5,54027.53,64384.392353798634,61945.60540242642,54360.23
2024-07-06,40,5,21592.45,90080.23096256386,71990.0421168001,80906.75
2024-07-13,40,5,103048.05,70517.34948409925,65657.1791996249,59012.203
2024-07-20,40,5,92045.02,73405.147446252,66428.47980512577,55953.277
2024-07-27,40,5,72346.59,71482.31303317926,66247.94091470788,58369.258
2024-08-03,40,5,103184.45,73361.17165312899,67807.99515541432,56868.324
2024-08-10,40,5,24865.31,72715.60789811632,69640.97644117546,57975.996
2024-08-17,40,5,51966.25,79495.9651473205,73165.30834347384,60192.24
2024-08-24,40,5,51513.55,73351.67177912142,64122.28770038641,54803.668
2024-08-31,40,5,101220.94,75171.51138405001,64929.775249400336,57648.133
2024-06-01,40,6,89595.09,58452.28276319954,56676.49567257474,62081.066
2024-06-08,40,6,75981.66,60201.03443248582,57063.18041602876,62168.664
2024-06-15,40,6,43820.45,61546.890179943475,63482.54015990789,59012.973
2024-06-22,40,6,104642.27,58010.204729412035,57422.62263092256,60329.375
2024-06-29,40,6,91959.94,64436.082811008506,63700.63662364483,58973.355
2024-07-06,40,6,88178.79,89949.395017073,85010.53059279255,91566.516
2024-07-13,40,6,106586.56,74579.80493374058,72799.23205498069,65577.164
2024-07-20,40,6,90171.86,75125.68819149316,73071.2753523526,63984.875
2024-07-27,40,6,72855.37,77966.96430368652,76049.64212071094,63857.27
2024-08-03,40,6,65087.66,80387.5099251839,71713.99025096123,63083.723
2024-08-10,40,6,40265.47,81134.37152523382,73188.36596102812,65960.41
2024-08-17,40,6,81306.36,84446.61409011128,74268.53650168312,64280.965
2024-08-24,40,6,101366.93,78821.75288513003,73326.87665996686,62718.047
2024-08-31,40,6,97163.56,81054.69183706219,72228.33660198258,64551.61
2024-06-01,40,7,54872.72,68025.31254249596,64067.24143750537,64103.633
2024-06-08,40,7,43738.08,63020.43972019082,60545.197599589614,61196.445
2024-06-15,40,7,107465.68,56280.04026049081,57957.39986502112,60311.24
2024-06-22,40,7,13104.56,59566.06906487198,56805.360043704844,60482.93
2024-06-29,40,7,90065.27,58005.5530258244,59453.24673875635,60899.33
2024-07-06,40,7,74433.71,86057.98689279438,69012.9518933343,78915.08
2024-07-13,40,7,27784.77,69154.09220590675,70924.8008739098,62266.582
2024-07-20,40,7,103742.83,67186.1551468079,66745.76044694828,65085.016
2024-07-27,40,7,19692.66,71471.59523358534,65794.66116110563,63360.04
2024-08-03,40,7,26770.57,72922.36013792607,68729.12906073332,64179.312
2024-08-10,40,7,29913.26,71152.22756626242,68764.18393042295,67311.625
2024-08-17,40,7,54591.92,70546.56191871862,60153.579469953984,61930.566
2024-08-24,40,7,56053.36,64779.87071032939,57123.0042835337,62755.13
2024-08-31,40,7,33864.33,62722.33927262754,57688.7206349937,59787.043
2024-06-01,40,8,103748.97,77057.43962511534,72678.56775441745,69693.336
2024-06-08,40,8,18882.75,77726.24354410631,72576.92667947033,68763.484
2024-06-15,40,8,98588.38,76584.3618705965,77084.44573473702,67206.86
2024-06-22,40,8,27711.1,76762.42862624035,74913.83786322571,68071.36
2024-06-29,40,8,80761.07,76027.30021393197,74130.19996770672,67308.71
2024-07-06,40,8,126082.25,95111.67491110135,86322.47226129613,86049.92
2024-07-13,40,8,78079.05,80001.85141503063,74941.17586013585,68453.3
2024-07-20,40,8,95707.52,80355.44764197813,74259.79114746646,70429.32
2024-07-27,40,8,79976.05,75495.44710563336,72713.02292231769,68216.05
2024-08-03,40,8,77700.92,77665.95248001782,72579.53545612078,67614.29
2024-08-10,40,8,101083.35,78869.9039094054,72674.42144181495,67833.41
2024-08-17,40,8,112430.41,82835.93563879235,73096.8940041564,68197.84
2024-08-24,40,8,34629.63,85092.7224136808,77842.45704107886,65395.684
2024-08-31,40,8,105756.77,85346.33313006035,80332.11634519286,69452.766
2024-06-01,40,9,43109.72,80574.12744132351,75232.39339841969,70296.914
2024-06-08,40,9,70290.81,71588.6151516904,65603.92162653059,68318.69
2024-06-15,40,9,55877.41,68516.8049664209,72451.99791038243,70132.86
2024-06-22,40,9,34761.79,67387.75596180887,71208.97339229107,68562.445
2024-06-29,40,9,44673.53,62632.22031797107,64168.68026234382,67201.08
2024-07-06,40,9,73718.49,81344.12184179848,61857.26152080157,78472.02
2024-07-13,40,9,13556.26,67662.88233568461,63394.932739908734,62930.926
2024-07-20,40,9,58935.97,64721.08277905502,60363.39520824151,62572.457
2024-07-27,40,9,111042.57,62529.98182862967,63712.41097296335,62252.164
2024-08-03,40,9,96860.13,71873.56431627861,68204.83793546385,65801.1
2024-08-10,40,9,94618.24,72228.25367893995,69976.53349356668,65490.875
2024-08-17,40,9,30674.09,73667.77204464644,64752.36088658804,66203.31
2024-08-24,40,9,102706.37,72906.93349547361,69326.5532954302,68866.99
2024-08-31,40,9,79484.81,77874.33054881258,72637.48102717524,72165.836
2024-06-01,40,10,103750.98,64815.733194423075,67720.89752772717,63163.195
2024-06-08,40,10,97755.86,66929.15977580514,70082.46539122405,68245.16
2024-06-15,40,10,60847.0,70416.08967313424,72768.12027782906,69039.07
2024-06-22,40,10,116905.34,68419.17696886876,70858.55410699149,69846.695
2024-06-29,40,10,105939.26,74194.44741452712,72631.03252844255,69987.47
2024-07-06,40,10,103331.43,101585.30543546891,101183.73933422062,95300.45
2024-07-13,40,10,82900.97,83345.51037441276,78896.51795369567,70786.28
2024-07-20,40,10,63695.24,79770.26010673042,78348.21942332256,69841.21
2024-07-27,40,10,31812.43,83363.3386014254,77501.41900818693,70999.38
2024-08-03,40,10,53260.64,83696.35922295126,73097.44953835191,70744.125
2024-08-10,40,10,52148.6,79811.88016794782,73673.1004918665,70797.18
2024-08-17,40,10,118988.52,80561.22374729614,73778.91520152522,71369.664
2024-08-24,40,10,18704.08,79863.44576756307,74024.35613572296,71776.05
2024-08-31,40,10,59237.97,74889.3675461933,71568.0208813325,69859.69
2024-06-01,40,11,83215.16,76798.19429843809,74902.68304722551,73473.164
2024-06-08,40,11,97715.36,73094.4098912804,72388.29033826555,73762.24
2024-06-15,40,11,130721.74,69512.836316283,72880.39068171641,70785.15
2024-06-22,40,11,93536.28,74657.32208539298,73445.66815587033,71221.79
2024-06-29,40,11,119235.51,74465.15308919648,72773.95380574706,72401.79
2024-07-06,40,11,98979.5,103601.13409141684,102309.34169635629,98367.305
2024-07-13,40,11,16303.46,84807.24861325396,78018.41641012847,74107.36
2024-07-20,40,11,62396.67,86656.19895384694,81254.73978145089,76385.0
2024-07-27,40,11,29347.38,86785.39522712972,82035.29743045874,75041.125
2024-08-03,40,11,27686.17,85124.45918833246,74423.4728892045,74538.01
2024-08-10,40,11,102925.0,76582.89985044938,74496.87001410914,84897.08
2024-08-17,40,11,64074.3,80088.5768961198,67034.19968655657,67563.766
2024-08-24,40,11,70613.78,72999.31956144652,66799.54108335888,69796.484
2024-08-31,40,11,83513.0,68854.97253660459,65324.49112364311,67487.87
2024-06-01,40,12,121630.15,80397.94282391947,73581.98653809562,74025.77
2024-06-08,40,12,75826.45,81540.85135446809,79519.29826808083,76446.34
2024-06-15,40,12,94573.82,76352.6906460645,74015.69369142875,74129.836
2024-06-22,40,12,48442.17,78532.31130888558,80150.40750513256,76222.4
2024-06-29,40,12,43387.89,75117.20385746696,72824.08808159178,73936.08
2024-07-06,40,12,150810.69,96695.97584881529,93434.28334364257,89375.625
2024-07-13,40,12,92175.17,87165.56793239628,84693.8366430545,78162.34
2024-07-20,40,12,33571.43,84562.30133753302,77589.84202045338,77249.945
2024-07-27,40,12,25303.26,82599.70321557327,78930.75348889045,78810.914
2024-08-03,40,12,11206.31,81917.09421627189,78414.66470401395,78626.77
2024-08-10,40,12,12929.15,74724.99519327411,67025.62939614599,72036.336
2024-08-17,40,12,43644.3,68242.1747578906,58372.66803090128,66402.836
2024-08-24,40,12,104748.97,64808.369965197904,59696.39647328046,68404.59
2024-08-31,40,12,95910.66,72687.98494705078,72624.60163132222,76794.16
2024-06-01,40,13,54893.75,74398.01686706225,72706.74524072476,75679.695
2024-06-08,40,13,82404.28,75744.25341552417,73944.62973491763,72805.72
2024-06-15,40,13,69420.36,71894.21095710699,74453.81176146431,74146.305
2024-06-22,40,13,33436.56,66106.4533436709,65375.53034232182,72192.22
2024-06-29,40,13,30540.85,68250.93067608174,66983.9896269862,71487.98
2024-07-06,40,13,156104.14,88492.26283445235,74973.5062965805,91256.125
2024-07-13,40,13,139016.88,78830.92995321096,81818.26863019494,74682.06
2024-07-20,40,13,29689.53,82260.68172019327,82455.16286946739,80038.79
2024-07-27,40,13,131331.83,79681.2971213033,79873.56980608747,81914.28
2024-08-03,40,13,134084.84,87310.93582671045,79099.04915014241,78009.52
2024-08-10,40,13,109600.31,90187.18182685992,85166.09148859401,78353.76
2024-08-17,40,13,89951.52,93389.8327127409,83795.23594431317,77300.15
2024-08-24,40,13,71739.25,89844.39617964815,82950.1752215108,77771.04
2024-08-31,40,13,109811.26,94942.89194542533,84136.73363040498,77763.836
2024-06-01,40,14,103721.68,73824.085990539,68679.85455769161,76890.91
2024-06-08,40,14,100856.92,74358.55246507016,74746.77881605815,80724.02
2024-06-15,40,14,24665.48,76346.32011824619,77846.6141201985,75597.97
2024-06-22,40,14,92535.51,71566.4812410408,77638.00566924902,81097.15
2024-06-29,40,14,137933.68,71941.9097174452,77209.1341452909,77924.21
2024-07-06,40,14,94987.26,103189.27135037826,109158.85970674019,118002.195
2024-07-13,40,14,130388.17,84496.35895550664,83508.45917391575,84372.55
2024-07-20,40,14,117016.46,81365.26766788523,83237.7080394726,80943.35
2024-07-27,40,14,74700.78,86626.39598318099,79823.09827153207,79532.95
2024-08-03,40,14,83509.22,87972.80585522746,80583.17234441207,78205.484
2024-08-10,40,14,111575.84,88358.63054847831,82360.85004101336,80288.55
2024-08-17,40,14,65721.15,96344.07553316993,86889.96401659126,78328.41
2024-08-24,40,14,105556.92,89982.99609296475,82923.74830523036,79135.125
2024-08-31,40,14,135776.82,88837.0929984677,81599.69041697423,79834.68
2024-06-01,40,15,30709.08,78474.11014187871,77364.73779949943,84597.48
2024-06-08,40,15,51676.27,73158.39861665288,78077.26673758577,83368.29
2024-06-15,40,15,71968.75,65137.26832215908,70211.35314471296,78412.914
2024-06-22,40,15,137513.17,68961.41957949576,83389.56289912511,84677.64
2024-06-29,40,15,38430.73,75704.29335351227,86558.98262275223,82845.914
2024-07-06,40,15,157027.6,93865.7514768061,100400.8127900188,104803.88
2024-07-13,40,15,18850.11,86419.86149948117,85901.59988377675,85864.06
2024-07-20,40,15,133054.41,86610.36683203059,86577.49820788442,87744.36
2024-07-27,40,15,26583.38,84290.49668703243,87385.63102228116,92383.56
2024-08-03,40,15,89981.38,88671.7619738612,89898.35077799989,86383.43
2024-08-10,40,15,61770.95,87233.48577282098,89585.5666211051,85597.94
2024-08-17,40,15,66997.51,88741.62825785618,86678.97904583771,83150.65
2024-08-24,40,15,127624.29,76555.60124512049,85913.23671000788,82645.41
2024-08-31,40,15,92546.09,83506.54242849836,83087.28488656554,87798.79
2024-06-01,40,16,33033.96,84675.90017285856,83271.36984967714,81766.914
2024-06-08,40,16,79630.31,79159.10588186546,86276.74549232311,82752.95
2024-06-15,40,16,112090.53,74219.93126758933,87591.2800569461,88030.69
2024-06-22,40,16,143888.97,75119.10033027202,86760.13609016142,84624.2
2024-06-29,40,16,140850.49,81160.21933663104,86180.71846899399,85141.02
2024-07-06,40,16,192807.72,103920.80695518508,103103.65492617358,115531.15
2024-07-13,40,16,117945.42,90604.5064481957,89509.06986285,85922.8
2024-07-20,40,16,121423.23,92826.9426887159,90319.19170092886,90941.58
2024-07-27,40,16,111176.11,97697.31364670151,86323.53641528239,90334.836
2024-08-03,40,16,141172.73,107733.15334154264,81599.58851751969,93171.305
2024-08-10,40,16,50119.45,107266.43828354517,91317.91308204904,90540.53
2024-08-17,40,16,93925.65,110369.3802154675,92266.99896561826,90394.305
2024-08-24,40,16,64024.03,103661.47905685537,91539.94812874174,89419.94
2024-08-31,40,16,53546.6,100391.28941729286,90264.98079762595,88023.94
2024-06-01,40,17,18929.89,83957.23803467568,82671.87530042118,84930.91
2024-06-08,40,17,130088.87,72960.6459664155,75217.50331126494,84059.945
2024-06-15,40,17,24857.57,75905.57454874611,81703.27299162158,80783.78
2024-06-22,40,17,107763.7,72797.2995200433,78148.31326176693,83341.11
2024-06-29,40,17,87970.1,77484.31531899652,80869.01177329518,83118.04
2024-07-06,40,17,61242.8,96776.05144263341,101921.90304749284,120698.88
2024-07-13,40,17,133662.73,76380.54415508173,74783.93673484011,80490.89
2024-07-20,40,17,117081.2,78698.07310150212,75873.80829572781,79375.086
2024-07-27,40,17,59537.52,81260.5250372809,87322.45627747929,84079.29
2024-08-03,40,17,105106.09,86476.3995504193,81744.10961840945,85096.875
2024-08-10,40,17,80415.74,85136.2124189765,84643.95333788444,85297.695
2024-08-17,40,17,57048.48,90895.18809483267,82691.80884872524,82566.9
2024-08-24,40,17,148869.65,82865.08495251054,88337.94087888538,81464.664
2024-08-31,40,17,42590.91,90923.36514807309,86206.32435988574,85281.836
2024-06-01,40,18,17001.29,77170.23766393177,88631.09491345199,88952.99
2024-06-08,40,18,84503.66,66164.04093949939,65743.61672282076,77093.26
2024-06-15,40,18,129476.66,69015.83446668027,65739.97280917903,80849.28
2024-06-22,40,18,47932.63,74465.66312902508,86863.0480705046,85495.46
2024-06-29,40,18,114428.9,71817.22469582944,91559.1620719387,91982.73
2024-07-06,40,18,99912.69,92568.43378995269,91960.52153053472,99937.18
2024-07-13,40,18,129071.82,78222.36826596074,95677.31155646783,88043.14
2024-07-20,40,18,65284.7,83133.74377855143,88011.51245130227,84119.56
2024-07-27,40,18,115047.47,80830.23387845731,89076.20973531285,87058.39
2024-08-03,40,18,40580.74,90086.46995333754,84777.04595149084,83668.73
2024-08-10,40,18,69721.73,89931.96381865884,88732.25186654979,83853.21
2024-08-17,40,18,24742.49,87312.8192990825,92520.67506666628,86503.0
2024-08-24,40,18,126857.2,84444.80380674094,94798.46309657546,88752.34
2024-08-31,40,18,153133.52,86169.23834758688,91355.01697703992,85054.45
2024-06-01,40,19,42015.3,105259.97812047321,95198.25721038201,87158.92
2024-06-08,40,19,108100.13,96718.39571905843,93750.39505165398,99388.19
2024-06-15,40,19,75463.7,90260.14332202633,93961.35931216372,87487.9
2024-06-22,40,19,149178.96,81109.08121991839,87593.57395842018,87924.555
2024-06-29,40,19,105462.04,88784.84642622649,90458.66817421034,90934.45
2024-07-06,40,19,144493.64,106363.50275707076,92892.9298680787,124887.805
2024-07-13,40,19,118317.16,96386.80545617288,90673.69030782899,92395.4
2024-07-20,40,19,113730.67,90850.56780149415,96198.46690527762,90133.92
2024-07-27,40,19,141009.32,89754.13544584226,91612.6762398387,91933.9
2024-08-03,40,19,101147.47,99098.21553531592,87071.74262044497,88028.93
2024-08-10,40,19,49624.88,98657.13392316233,91212.62200740346,96178.19
2024-08-17,40,19,50250.79,103545.32562348855,95444.58026718978,95907.12
2024-08-24,40,19,76748.01,95887.00909981746,92008.16922482596,90039.64
2024-08-31,40,19,140395.87,91914.48960241821,92871.08969228156,92501.586
2024-06-01,40,20,60633.5,87040.52529385174,83414.5409406153,88540.72
2024-06-08,40,20,22865.91,81356.46561712062,88131.2372739287,93621.47
2024-06-15,40,20,55756.25,78763.79413975478,90206.70053440344,90042.586
2024-06-22,40,20,77359.86,74055.12375692738,101312.82375272833,91193.09
2024-06-29,40,20,145188.46,73658.46755552231,97403.15443616072,91052.734
2024-07-06,40,20,50970.95,100292.4678886586,92861.21340380443,114242.6
2024-07-13,40,20,118660.11,79925.75092992681,95710.6973956961,92828.68
2024-07-20,40,20,27822.04,78800.62515611976,92640.0693292222,90820.1
2024-07-27,40,20,94301.77,77718.24127164288,89915.63671170907,97991.664
2024-08-03,40,20,139960.6,80132.2730935115,91624.55999738151,97093.69
2024-08-10,40,20,24776.04,89350.08119208773,92362.7402539172,93357.11
2024-08-17,40,20,170920.58,89795.53871440617,94654.1891807472,93830.93
2024-08-24,40,20,42545.82,93516.39876297556,94057.66099199353,90451.305
2024-08-31,40,20,79230.4,89703.08855188848,90262.89382195646,89163.96
2024-06-01,41,1,75081.7,70678.6243897891,48352.61127019011,49649.81
2024-06-08,41,1,68598.14,72973.2739996736,54186.684216572765,56039.867
2024-06-15,41,1,95468.86,68323.42950208188,58203.195366853804,60247.504
2024-06-22,41,1,58595.08,75967.2165062959,54617.47327509307,56149.586
2024-06-29,41,1,34733.37,68309.02237258383,51692.24912217061,53484.72
2024-07-06,41,1,104478.54,87729.007542251,72292.15197854256,78551.31
2024-07-13,41,1,86100.46,81128.81408005668,73301.99055635565,62665.367
2024-07-20,41,1,76713.32,78212.04613338632,72116.97087832452,62421.26
2024-07-27,41,1,101077.47,77931.10931755157,73427.97968234925,58782.55
2024-08-03,41,1,24504.49,85086.13817134319,73468.85253917407,48222.53
2024-08-10,41,1,29558.76,86899.3575621694,73330.75511696939,63245.285
2024-08-17,41,1,74071.68,78746.77698944503,64165.907674684626,60964.83
2024-08-24,41,1,51490.88,87909.45465129227,66583.2401544575,57573.164
2024-08-31,41,1,26385.66,81046.03265459917,64682.791864974686,58952.863
2024-06-01,41,2,16311.12,73733.66337904849,59819.11945941074,59530.754
2024-06-08,41,2,34751.4,76497.11229183493,66681.02754869768,62584.363
2024-06-15,41,2,79526.96,69989.81610690901,64024.36586532359,63889.97
2024-06-22,41,2,79633.45,75371.22489840072,56545.52490541804,61497.723
2024-06-29,41,2,102579.58,72361.30466109762,64809.16694713623,62697.598
2024-07-06,41,2,89124.14,90836.88157465361,82898.80563538446,85433.91
2024-07-13,41,2,37298.2,72375.54590692295,57375.663241895774,58900.562
2024-07-20,41,2,98109.24,71660.98650350142,57877.15189051821,59486.426
2024-07-27,41,2,93812.9,75103.16739725464,61978.44625365226,61075.926
2024-08-03,41,2,45299.06,87645.02161148092,71799.45212214706,66827.02
2024-08-10,41,2,41646.29,89268.48937793644,70811.9177984732,63940.32
2024-08-17,41,2,36921.92,82237.56294050228,70147.59118129597,64214.66
2024-08-24,41,2,44208.3,86541.44770440672,63615.52570919845,59434.797
2024-08-31,41,2,87970.3,74279.30296719886,65246.45650906691,62413.695
2024-06-01,41,3,72605.33,73409.01521410144,62698.21963416439,58729.82
2024-06-08,41,3,89471.63,74394.8440748739,65278.433532275856,63410.152
2024-06-15,41,3,68219.65,75606.8712485687,71481.44790478867,65367.21
2024-06-22,41,3,62956.54,79698.64451377094,71985.06400112856,68217.35
2024-06-29,41,3,89407.2,74109.51679433606,71777.9951617877,63103.33
2024-07-06,41,3,113886.43,94254.04315628455,86485.99228936638,86891.92
2024-07-13,41,3,46691.79,83386.56410840698,73053.72120163079,65385.89
2024-07-20,41,3,37491.73,78232.7646529249,71147.76894213227,67399.48
2024-07-27,41,3,23361.92,78763.2989032206,72889.54017428879,68063.11
2024-08-03,41,3,62245.83,85193.40188244099,69534.59268304738,62548.92
2024-08-10,41,3,90790.86,80725.78416057373,65157.07614157787,65016.81
2024-08-17,41,3,41736.46,78386.6155500196,63883.285348437465,60782.47
2024-08-24,41,3,67564.45,82735.287907678,64691.35531869806,62416.43
2024-08-31,41,3,38484.23,75299.69380816954,62592.24116681116,58104.555
2024-06-01,41,4,52941.58,79163.53250911768,68191.56949887892,63945.426
2024-06-08,41,4,12137.23,72765.98333702341,68821.73656885601,68495.83
2024-06-15,41,4,96375.96,67306.62245741437,66180.34757163198,64982.5
2024-06-22,41,4,19098.09,75426.28222019048,68288.93581503665,70048.71
2024-06-29,41,4,66300.83,70295.781642302,70329.44678397369,68257.19
2024-07-06,41,4,80675.34,85515.30109141287,93528.66673885832,79921.484
2024-07-13,41,4,93660.54,73475.54441902292,69461.50710853195,66895.67
2024-07-20,41,4,114103.06,71498.74910545006,68112.4501257455,66538.98
2024-07-27,41,4,90738.16,71936.88538948435,69181.34021115386,66386.375
2024-08-03,41,4,92369.98,80990.34227653933,72877.44842326792,69630.62
2024-08-10,41,4,39136.11,87053.78456076237,70991.14679610873,55666.176
2024-08-17,41,4,111710.54,82559.12508962958,72819.7778448114,68528.53
2024-08-24,41,4,99080.46,95975.93456296317,79268.45030373332,66575.38
2024-08-31,41,4,104488.56,93608.93014167127,80930.00934039439,68680.64
2024-06-01,41,5,80033.6,78455.41434405773,68904.81307318727,68715.74
2024-06-08,41,5,42474.41,76120.44133856168,68452.41761001357,68732.64
2024-06-15,41,5,92472.44,70907.46089826364,66494.0918671673,66241.266
2024-06-22,41,5,91016.76,75360.0060984003,67497.81751930121,64797.395
2024-06-29,41,5,26252.49,72396.13934452276,66504.42705743399,67840.086
2024-07-06,41,5,156947.25,91326.52190338622,75243.193637561,95509.33
2024-07-13,41,5,36977.13,84328.4080429853,82735.08105133365,76235.305
2024-07-20,41,5,69226.49,82739.35001843097,78794.09352403242,74121.2
2024-07-27,41,5,62912.09,82460.76142814354,79256.59799133788,73375.805
2024-08-03,41,5,74135.32,89912.13200770097,79433.48746573765,68352.266
2024-08-10,41,5,86829.09,86523.82059777947,75899.99655692044,68130.4
2024-08-17,41,5,101760.66,79570.81357992359,75101.8283161516,67706.836
2024-08-24,41,5,38549.36,88094.50448952735,75557.88653366649,69381.086
2024-08-31,41,5,95063.21,85546.03023343455,76390.04668151714,68131.19
2024-06-01,41,6,72071.47,76064.91088071416,72917.70203488621,69112.586
2024-06-08,41,6,60364.88,78212.94448201451,71331.12602193355,72711.23
2024-06-15,41,6,51269.86,75857.55648225208,74665.77124568744,69828.234
2024-06-22,41,6,79234.06,81839.88164064343,76512.57760462523,66943.33
2024-06-29,41,6,127579.37,74910.60906140038,74957.15444496194,71596.5
2024-07-06,41,6,34132.15,97738.38955350159,86700.60752236519,99913.766
2024-07-13,41,6,48427.31,81769.04717411086,77423.79312449945,75414.56
2024-07-20,41,6,32759.65,80353.50977410455,77215.37704034318,72566.46
2024-07-27,41,6,52276.6,76644.10706415176,69983.40953498367,64363.777
2024-08-03,41,6,119358.55,76828.06311275312,70226.96425484301,67847.586
2024-08-10,41,6,71502.15,86206.67991804675,74020.66067144752,75074.74
2024-08-17,41,6,66772.48,80689.99205335582,76140.98248312296,72595.836
2024-08-24,41,6,75043.92,84889.14530352279,71161.37823410024,69752.05
2024-08-31,41,6,53326.02,77475.71093605852,72390.31140613052,65111.793
2024-06-01,41,7,72993.19,84204.78180746647,75379.70760362259,73231.34
2024-06-08,41,7,113803.63,80784.78911923902,75958.14572023878,80375.984
2024-06-15,41,7,46990.84,80324.14423352698,74937.74709844505,72103.82
2024-06-22,41,7,120360.74,82578.92629356668,75495.29477698228,75893.38
2024-06-29,41,7,39686.14,80271.13571922583,74808.15359159901,71210.18
2024-07-06,41,7,186863.52,97584.92274863768,89780.55485786064,104982.63
2024-07-13,41,7,12016.38,96689.44964362349,86126.6737777946,67173.33
2024-07-20,41,7,97697.7,92691.54484595862,86365.62776949129,75075.13
2024-07-27,41,7,75790.09,91791.77318138452,88043.31328401601,81789.016
2024-08-03,41,7,83815.39,100788.32208320891,89199.86433617792,73799.47
2024-08-10,41,7,127955.63,93077.47395103303,75761.52655411862,72575.09
2024-08-17,41,7,72644.83,90558.25205283533,77290.74240413685,68122.58
2024-08-24,41,7,20326.79,94557.94881751432,78238.42091904831,73458.59
2024-08-31,41,7,52068.99,91696.30153927626,84076.42676225796,74123.3
2024-06-01,41,8,125636.77,80689.00867008656,84625.48352710705,82217.07
2024-06-08,41,8,133095.57,83004.9846323173,78780.78381408691,80878.55
2024-06-15,41,8,85740.16,81904.15615941767,81052.77514496614,76900.22
2024-06-22,41,8,24729.13,88003.68220189464,78196.15444112389,83102.07
2024-06-29,41,8,84387.25,84621.33012655622,79005.06461702258,81723.27
2024-07-06,41,8,68218.76,107922.03860124582,112434.77781821461,108440.87
2024-07-13,41,8,74829.4,86762.11611801025,76706.03279756455,77431.09
2024-07-20,41,8,93713.38,80348.3983891602,76167.7734541166,80186.92
2024-07-27,41,8,28428.91,81928.38692252716,77924.28368189155,76822.9
2024-08-03,41,8,78685.73,85403.87710408863,77022.56219226259,78994.3
2024-08-10,41,8,34563.31,83616.00201769281,70807.387455464,73208.24
2024-08-17,41,8,46796.49,76486.2102322637,69207.96189490583,73288.875
2024-08-24,41,8,88283.84,82748.85342654883,72001.5058141928,77450.78
2024-08-31,41,8,45507.89,79388.64751680981,71685.60302605243,73485.89
2024-06-01,41,9,109113.04,91395.32138216222,79051.85859879688,79063.13
2024-06-08,41,9,114515.98,89641.64326329462,79376.5831879057,82883.06
2024-06-15,41,9,81591.52,84809.90929096701,81149.74558503949,76916.2
2024-06-22,41,9,73658.3,84009.02802720925,78514.71781487319,83418.305
2024-06-29,41,9,26791.51,82532.55416400291,78909.06493475947,75048.8
2024-07-06,41,9,55138.47,99481.36856060027,90362.61745793407,106114.27
2024-07-13,41,9,107809.82,84998.51234004713,76667.09819655598,79922.61
2024-07-20,41,9,67949.69,87922.96394926796,81164.49996721656,79366.58
2024-07-27,41,9,54859.49,81682.16849848439,76547.70388916126,80906.38
2024-08-03,41,9,98229.59,83886.00867081442,75903.99159827078,77785.18
2024-08-10,41,9,82868.72,84857.50651060505,75905.09547747792,79279.77
2024-08-17,41,9,100506.83,78160.89983060185,75855.83055522715,78275.17
2024-08-24,41,9,60722.74,86903.09897022939,76113.36666084445,80646.06
2024-08-31,41,9,89501.91,84648.41296461763,75752.27001648677,78823.91
2024-06-01,41,10,135624.04,86869.79139663442,76483.22861914315,80649.44
2024-06-08,41,10,67427.42,93037.37593830636,82374.06944100866,82650.4
2024-06-15,41,10,121959.96,85415.28412152329,82518.75244499354,82935.72
2024-06-22,41,10,32504.67,90365.59879949171,80082.21725638724,84240.13
2024-06-29,41,10,109597.93,84381.14816346776,79300.41570638122,81994.37
2024-07-06,41,10,27710.46,105533.89048457518,102212.86731056364,108398.26
2024-07-13,41,10,61780.78,88761.15273314787,79477.2299654319,82774.08
2024-07-20,41,10,83756.95,85230.99611843811,77258.70253919376,82422.88
2024-07-27,41,10,97100.11,83414.67863589039,76969.88186401088,79673.02
2024-08-03,41,10,59198.04,86529.25133845824,76401.09422135525,78552.17
2024-08-10,41,10,13719.43,84658.40799233949,76586.78863526937,80990.32
2024-08-17,41,10,135092.38,76212.85725068432,70422.7409963931,76085.35
2024-08-24,41,10,118302.4,92957.90448213709,80657.81892232355,82019.69
2024-08-31,41,10,15542.56,88720.7477205802,81431.943805816,83813.664
2024-06-01,41,11,56579.77,89994.05467171944,81029.74183519368,78077.36
2024-06-08,41,11,52242.71,86695.6609748608,77005.53009837921,83732.64
2024-06-15,41,11,50743.96,82524.30503634166,75771.86631833814,81463.13
2024-06-22,41,11,140129.54,86527.51818713587,76402.68529842058,82992.94
2024-06-29,41,11,54944.06,86911.1853892307,82168.1807208229,83147.48
2024-07-06,41,11,58149.33,98332.78167411886,89822.18835207267,107608.9
2024-07-13,41,11,82801.26,81046.84795435172,76714.0859672608,85630.734
2024-07-20,41,11,41895.43,82169.1345323365,76419.39196426766,81404.78
2024-07-27,41,11,115111.48,73003.72978937483,70357.22369759314,75641.63
2024-08-03,41,11,116785.62,86727.57416566837,76290.37351858545,81344.555
2024-08-10,41,11,58488.82,92480.28819228895,76300.64795350401,84316.66
2024-08-17,41,11,103202.03,86816.94018430854,78059.56630418658,84400.766
2024-08-24,41,11,140499.67,90579.01873094647,76088.27018766278,78299.97
2024-08-31,41,11,133080.44,93179.73601728363,83048.96162195405,80739.74
2024-06-01,41,12,118843.88,88288.55199408269,79413.05684078662,86290.37
2024-06-08,41,12,28498.39,85723.0808226915,76998.74559145355,83218.02
2024-06-15,41,12,72760.22,83779.0766666501,78604.31380136801,85223.94
2024-06-22,41,12,80061.99,89084.68884098291,76674.57501251528,84607.3
2024-06-29,41,12,93876.4,85647.12402581895,76328.14118911428,80515.51
2024-07-06,41,12,164382.57,101367.91669734768,99788.18277779642,104520.5
2024-07-13,41,12,77969.8,95400.08118578736,83681.88734172782,83696.25
2024-07-20,41,12,40012.86,88112.8797855908,81481.97415295953,83838.76
2024-07-27,41,12,61665.13,86220.33412733578,80059.31392820585,82695.33
2024-08-03,41,12,51117.78,93059.42925120023,81125.8132896077,84456.97
2024-08-10,41,12,73228.36,89763.21239984725,77149.34553025452,86676.73
2024-08-17,41,12,82621.49,83610.16604991653,77145.65483207353,86408.336
2024-08-24,41,12,99276.29,90302.13997840593,76263.33743251696,81638.21
2024-08-31,41,12,137907.76,85990.79983088313,77918.05824516453,82354.98
2024-06-01,41,13,152942.52,99486.58416695002,87859.45359290719,87217.01
2024-06-08,41,13,101691.96,101021.21189901663,88589.64734955686,84212.76
2024-06-15,41,13,147002.79,95990.56824677196,90488.53944862416,87807.48
2024-06-22,41,13,139953.59,100802.66018256408,91454.61611137417,93655.51
2024-06-29,41,13,123957.06,102290.17369311868,95953.26504608199,87135.5
2024-07-06,41,13,76194.36,117210.05706766347,115406.38027569192,94494.36
2024-07-13,41,13,63613.71,101562.00466396866,91583.21432475318,92646.79
2024-07-20,41,13,95655.24,102880.38614692606,92680.2094483534,88197.42
2024-07-27,41,13,139661.16,99299.39319763551,90830.41240754435,88102.27
2024-08-03,41,13,102610.73,106437.45529803884,88999.02818981506,85361.82
2024-08-10,41,13,55127.68,106008.27589215586,87029.30323405778,87272.29
2024-08-17,41,13,69413.83,95185.3370152665,81156.60037303048,85450.93
2024-08-24,41,13,87245.34,99380.66232149483,81939.54039376805,84510.42
2024-08-31,41,13,81521.01,90206.6825133856,80338.23284659696,85253.09
2024-06-01,41,14,155866.65,101901.26859539299,90784.77127024154,97395.88
2024-06-08,41,14,58119.26,108292.10572396053,97054.39252470342,90874.5
2024-06-15,41,14,140408.1,104368.1380497074,94493.09662885625,93608.79
2024-06-22,41,14,134524.28,109627.05525638734,99442.46233871102,93934.1
2024-06-29,41,14,72323.31,102917.86931083165,92189.53597090258,89453.62
2024-07-06,41,14,44723.48,120440.17247649081,113261.3213173265,109568.31
2024-07-13,41,14,128753.34,101254.41836195151,89190.02136635076,93090.945
2024-07-20,41,14,63185.65,97839.22985017934,85934.26108372815,91130.17
2024-07-27,41,14,136055.01,93184.51587384977,83867.5393071519,91199.77
2024-08-03,41,14,43128.1,100304.83517179196,85397.95231576038,95230.7
2024-08-10,41,14,85364.27,101114.5020457106,87326.78681343555,94551.72
2024-08-17,41,14,163795.31,90719.72848883379,83725.3442174179,93633.89
2024-08-24,41,14,71378.4,102633.12737856567,87450.29815695222,92008.63
2024-08-31,41,14,82025.67,96308.62644188455,88224.51926935455,95151.45
2024-06-01,41,15,71204.54,102862.89918874338,88357.84146773355,93630.16
2024-06-08,41,15,86239.06,98592.2577895927,87511.08572312928,93435.06
2024-06-15,41,15,19433.72,94056.15255986006,87030.37119529005,88732.85
2024-06-22,41,15,157681.42,86466.89407645966,95140.15286370635,94854.96
2024-06-29,41,15,31892.28,86872.46404062596,90889.22995411161,96143.93
2024-07-06,41,15,72892.37,105406.3533342118,102283.0364121745,127709.85
2024-07-13,41,15,162868.11,87702.11731164003,90159.44397250334,99975.5
2024-07-20,41,15,150448.36,86937.25347164221,90879.90261428057,89131.67
2024-07-27,41,15,131049.71,92497.23920849751,88452.05220398866,93007.47
2024-08-03,41,15,42809.42,99177.8548701524,84858.12111896815,87245.195
2024-08-10,41,15,24435.1,101826.43716924483,91024.42820649987,97310.99
2024-08-17,41,15,61934.51,99886.67367229753,89267.80088442769,93449.99
2024-08-24,41,15,56969.56,99881.760828322,90587.56985390339,100440.55
2024-08-31,41,15,147672.19,91612.10023734489,83978.8816324537,91540.664
2024-06-01,41,16,19405.7,91563.9053858917,89486.67139604675,99988.83
2024-06-08,41,16,16990.59,88349.83249605805,83065.0219059765,94268.83
2024-06-15,41,16,90472.7,84470.06594683466,85398.66513460883,91773.82
2024-06-22,41,16,176287.86,84106.18117740453,92853.56320790663,104564.625
2024-06-29,41,16,156490.07,87818.26229052374,89139.64130411125,106209.766
2024-07-06,41,16,29558.77,110038.09945635663,107880.97277101348,118762.84
2024-07-13,41,16,157045.55,88392.68825359532,84284.46286320475,97728.06
2024-07-20,41,16,128632.13,90647.66726954532,94820.80418611428,99435.98
2024-07-27,41,16,172750.2,95390.13969557558,93856.15168557988,103214.0
2024-08-03,41,16,147093.76,111834.3151840163,97181.35757412453,105576.375
2024-08-10,41,16,106300.39,114564.47556972873,101484.6706948966,109501.69
2024-08-17,41,16,99748.35,111507.39264289953,104937.76383904215,111085.664
2024-08-24,41,16,27612.0,115708.8678883393,105380.50605313602,104376.0
2024-08-31,41,16,134294.37,106954.77579961644,95207.4360461998,102946.79
2024-06-01,41,17,169666.25,98609.5005871839,99841.79235937992,105799.61
2024-06-08,41,17,58542.91,96420.87903488401,101391.70603853406,101757.74
2024-06-15,41,17,133171.76,85649.260682597,97309.73450478191,105844.31
2024-06-22,41,17,90140.99,97510.82611202783,99574.95389971089,105005.37
2024-06-29,41,17,154221.21,96256.19640672792,97723.03261373294,96529.69
2024-07-06,41,17,191331.39,119784.23014827297,111799.08166864762,122282.6
2024-07-13,41,17,92379.93,109145.8795523436,98750.07529523359,92738.125
2024-07-20,41,17,81485.18,108178.35296576071,100035.13942545334,107477.57
2024-07-27,41,17,48883.42,105615.73731167702,94353.12181434027,103185.516
2024-08-03,41,17,70787.36,109433.44711522668,91885.03722164204,96636.46
2024-08-10,41,17,172969.39,104691.4845757026,95336.58668483648,106440.86
2024-08-17,41,17,76793.09,107440.2630913892,99261.32319720283,108131.9
2024-08-24,41,17,31423.49,111641.60583723625,98064.55512252312,107578.24
2024-08-31,41,17,132202.31,99436.7391361862,98680.26801414668,111972.34
2024-06-01,41,18,51018.66,104988.46047894206,104550.04667977056,102512.12
2024-06-08,41,18,160657.08,110978.00934495681,105659.41903644595,114918.016
2024-06-15,41,18,91547.2,109973.92275151008,103014.9505842291,106422.94
2024-06-22,41,18,73244.11,118370.6594251954,104299.53619606719,106992.27
2024-06-29,41,18,181737.07,109367.99887084818,104006.47632710068,109500.38
2024-07-06,41,18,97849.35,130312.17810549919,113971.71594674521,112734.695
2024-07-13,41,18,144933.62,109390.00379214855,107741.44025062885,115826.78
2024-07-20,41,18,22931.59,103084.36153791324,105928.80837079283,105629.59
2024-07-27,41,18,65640.2,100049.0096442147,97120.28576234877,106559.78
2024-08-03,41,18,189039.73,106252.59993682659,107334.36112043262,107425.23
2024-08-10,41,18,104691.68,114135.03712953904,110833.61826088684,110184.9
2024-08-17,41,18,187732.46,106479.82854539866,106681.44018443662,109612.42
2024-08-24,41,18,87388.26,117865.46416245261,119206.00255930178,105738.62
2024-08-31,41,18,25628.15,107109.10711790083,111280.35264994027,114494.03
2024-06-01,41,19,91500.85,104148.44880213685,95684.09462164517,104482.125
2024-06-08,41,19,146597.98,99885.47719354549,93240.66215916415,108252.414
2024-06-15,41,19,172594.17,96519.76565424723,95397.89553059574,107775.44
2024-06-22,41,19,173397.86,99871.69863772026,105292.08013682015,111590.12
2024-06-29,41,19,154863.66,93132.3146420863,96755.71953919598,106608.23
2024-07-06,41,19,137178.29,116330.2520377266,117973.36683583279,108820.23
2024-07-13,41,19,150740.74,108606.45221486493,111476.31005788204,112832.836
2024-07-20,41,19,175275.02,114340.00386243558,114466.22553140498,107383.086
2024-07-27,41,19,130336.06,115432.43178767635,115275.6536662579,107636.41
2024-08-03,41,19,160847.91,125814.01541650799,110521.95106090803,113575.45
2024-08-10,41,19,78579.65,127905.40151344895,111511.64477945822,114502.86
2024-08-17,41,19,53414.28,121038.82019020236,112849.08968511039,114198.195
2024-08-24,41,19,70540.09,121860.61576269928,114331.7470658,107583.83
2024-08-31,41,19,74612.71,113383.32655280756,110940.30061514555,112689.8
2024-06-01,41,20,125548.74,103797.02074325373,102540.30629243677,109408.8
2024-06-08,41,20,130483.73,97912.02282976158,97753.86337843096,115960.05
2024-06-15,41,20,169614.25,94513.04499869762,105776.30971479122,107998.875
2024-06-22,41,20,164907.3,96003.14385621369,115151.42475511019,111130.6
2024-06-29,41,20,133380.35,98646.37715610128,114908.67951101475,106717.51
2024-07-06,41,20,116920.23,122217.52605720115,104733.03585210671,144075.38
2024-07-13,41,20,183111.74,107110.87676154074,112807.35993909404,117858.42
2024-07-20,41,20,33487.18,116014.57371206669,111177.0865630117,112809.39
2024-07-27,41,20,109915.54,113830.89075938746,109182.60044833839,119303.17
2024-08-03,41,20,81287.0,120976.9466677978,109600.37957403195,104389.92
2024-08-10,41,20,201146.2,120667.90104563086,117839.88603045113,124802.92
2024-08-17,41,20,129894.85,116444.08965670949,112432.16329649015,108045.875
2024-08-24,41,20,87998.71,116936.709495738,125777.5984622605,124027.0
2024-08-31,41,20,184756.48,109372.38036905526,122634.9908356441,110249.11
2024-06-01,42,1,14826.99,27755.261660332828,25508.88071860531,21138.223
2024-06-08,42,1,15117.58,30529.944414440768,24891.33958207598,22745.094
2024-06-15,42,1,35835.46,28035.356193460975,26135.03624668065,23761.9
2024-06-22,42,1,29974.7,27862.70219433843,25573.632440390575,23093.586
2024-06-29,42,1,24149.81,34342.806131134785,24161.54139461503,23915.875
2024-07-06,42,1,4899.73,53983.35472773885,33152.184156319505,31208.426
2024-07-13,42,1,8298.55,30966.119070742505,24462.394061903924,21930.988
2024-07-20,42,1,25263.43,24409.47027289981,25412.756335930982,22276.64
2024-07-27,42,1,23866.21,28093.735574496837,25997.485082986237,23199.908
2024-08-03,42,1,35499.22,32729.562897630516,25427.24079431806,23692.137
2024-08-10,42,1,7164.34,38111.002653541305,24123.641605854587,24007.717
2024-08-17,42,1,41494.18,26410.772158878084,24814.929823751132,22308.283
2024-08-24,42,1,30005.85,30886.041490022835,25784.46737549369,22992.748
2024-08-31,42,1,33274.8,35608.73714364379,27842.738783839744,25688.672
2024-06-01,42,2,34700.22,30758.246367082604,26240.22860852479,24933.574
2024-06-08,42,2,38984.55,34950.333828460825,25624.240090626077,24235.21
2024-06-15,42,2,17183.69,31738.118978790488,26699.366234128098,25106.873
2024-06-22,42,2,41489.17,29023.08363770511,26196.436920016524,24854.541
2024-06-29,42,2,8813.48,35621.57643263698,26330.93324688821,25070.104
2024-07-06,42,2,58229.44,56835.71588157348,38674.90783083114,31143.355
2024-07-13,42,2,44618.5,36130.913264410716,30426.864814137065,27863.234
2024-07-20,42,2,32987.73,32494.76656295109,33317.75552093126,27797.51
2024-07-27,42,2,30670.89,36159.7985184224,33397.04668820495,27816.11
2024-08-03,42,2,13576.61,39531.99933223145,32396.372340825692,26296.406
2024-08-10,42,2,37742.89,42702.21408869945,32409.951368949078,27031.875
2024-08-17,42,2,35600.7,33876.40544362425,31491.035317676393,26042.527
2024-08-24,42,2,27329.87,36688.208891615745,32637.384610868045,26852.355
2024-08-31,42,2,8948.09,41545.24186969393,31969.955304766634,27903.357
2024-06-01,42,3,16950.33,30893.50453280726,26737.36936745867,25762.57
2024-06-08,42,3,5808.34,34568.73936792336,26852.75808410498,25541.758
2024-06-15,42,3,14474.04,30065.927070572958,25990.749519137506,25327.188
2024-06-22,42,3,35285.53,28119.994596290533,26058.397737664185,25578.26
2024-06-29,42,3,23254.69,34802.72082669698,25544.621323665167,24786.088
2024-07-06,42,3,40657.67,54637.3719677604,29469.631543195104,27025.404
2024-07-13,42,3,25780.18,32715.66870311738,26212.68180203206,24793.305
2024-07-20,42,3,16018.61,26537.762584501113,28780.807650110324,24611.71
2024-07-27,42,3,26134.68,28464.889931972415,26764.43380379383,25637.102
2024-08-03,42,3,4280.74,33999.762737786885,25733.92061087855,24683.09
2024-08-10,42,3,31963.03,38450.05161848207,26267.166408304674,25304.443
2024-08-17,42,3,42075.06,29905.520325144418,27141.37888528395,25799.068
2024-08-24,42,3,38276.72,33965.994304536194,27774.61624321416,25700.953
2024-08-31,42,3,15144.63,38558.44573868792,27430.360718721404,26015.148
2024-06-01,42,4,32607.07,32849.11614419243,28382.245052811923,25479.828
2024-06-08,42,4,28119.2,35983.728080472654,28617.503772450433,26805.748
2024-06-15,42,4,8826.92,32147.2097465963,28270.42397858439,28077.586
2024-06-22,42,4,7497.45,30518.25498033302,28104.109513774725,27572.414
2024-06-29,42,4,5890.61,36163.63400541363,28166.50869517511,26438.666
2024-07-06,42,4,19272.27,54927.986578264165,37835.136031338705,28912.414
2024-07-13,42,4,19550.83,29263.886975085887,23189.33126203526,23780.035
2024-07-20,42,4,43327.59,23796.897768380484,25855.015252453104,25457.904
2024-07-27,42,4,21445.57,28548.401048608714,27052.239755054674,24938.164
2024-08-03,42,4,25967.46,31336.601912843296,25376.912239461744,24497.248
2024-08-10,42,4,49436.14,35440.30230009537,26039.748661492617,24491.898
2024-08-17,42,4,14375.29,28988.986336036432,29407.111964584506,25508.58
2024-08-24,42,4,25651.16,32651.713226201886,27665.33732609368,26544.867
2024-08-31,42,4,6529.01,38229.798952388235,28508.182817802528,27717.994
2024-06-01,42,5,15006.57,31020.178434960653,27926.788479963085,28169.133
2024-06-08,42,5,25973.4,35653.11076416781,28044.59555525369,26867.867
2024-06-15,42,5,9473.64,29606.513230777557,27429.847972618987,28301.604
2024-06-22,42,5,4345.68,27713.787685031275,26567.88936321194,27159.84
2024-06-29,42,5,4626.14,31713.76037419183,25800.111188104307,26289.766
2024-07-06,42,5,46442.74,52163.168141951806,23589.782002416836,28537.74
2024-07-13,42,5,4888.17,30844.654035686013,22630.392378684464,23640.406
2024-07-20,42,5,24164.41,24626.646705647756,22835.46528774334,24736.879
2024-07-27,42,5,36522.04,27152.581148370737,20774.25975989261,24551.281
2024-08-03,42,5,44646.52,33112.25336695608,26843.208361968078,24032.486
2024-08-10,42,5,6674.56,38011.13620603063,27288.517148852763,26237.922
2024-08-17,42,5,21960.77,27831.077397936657,26832.012327854358,26345.059
2024-08-24,42,5,17826.77,32679.03712250774,27925.409882537835,26622.441
2024-08-31,42,5,42415.17,37977.49735776075,28279.868753834206,27463.969
2024-06-01,42,6,26445.66,33352.80679030862,29428.05890567605,29238.527
2024-06-08,42,6,33703.19,37011.46021769766,28909.763869745042,29643.018
2024-06-15,42,6,35427.71,34093.366068071,28942.196870882282,29566.508
2024-06-22,42,6,40402.6,33376.11929110363,33718.320807924785,31323.879
2024-06-29,42,6,20952.53,38942.041363693184,30934.393294283287,31746.752
2024-07-06,42,6,50947.03,58750.544329650256,43160.17930741604,41905.36
2024-07-13,42,6,52625.63,36674.23070990694,32228.7965558594,30085.072
2024-07-20,42,6,47224.48,32524.8283710467,33165.90007618065,30218.629
2024-07-27,42,6,29504.7,37232.66376871741,34939.53718331038,32024.451
2024-08-03,42,6,29828.51,41463.325348629165,34285.89647853009,31880.508
2024-08-10,42,6,43333.26,46231.29080842276,33709.27372167162,31950.773
2024-08-17,42,6,9388.98,36619.51028347403,33780.12674126427,31654.785
2024-08-24,42,6,46429.01,38482.96937814632,33946.47265113016,32537.549
2024-08-31,42,6,35751.22,44812.72545513428,34794.71539596513,34588.51
2024-06-01,42,7,10230.76,36765.099322373964,34959.04267290092,33760.24
2024-06-08,42,7,17360.32,38631.71990731125,34259.79616898554,33375.188
2024-06-15,42,7,52894.24,34768.698168649484,30343.74099397385,31547.96
2024-06-22,42,7,44206.41,35313.520047309954,34769.42365578062,32574.586
2024-06-29,42,7,30732.0,40053.11218580485,34051.11946087233,33298.027
2024-07-06,42,7,47231.72,61558.57295964132,44379.00242675607,44948.145
2024-07-13,42,7,54042.83,39677.106424493555,32623.55146427883,32042.047
2024-07-20,42,7,9340.07,33857.019204952456,32680.50971232408,31909.525
2024-07-27,42,7,45929.49,35664.42708207594,34474.20081417304,33530.156
2024-08-03,42,7,35817.55,43040.16001525845,35679.88650685749,34145.383
2024-08-10,42,7,43104.21,48687.511309908856,35184.157524721464,34791.633
2024-08-17,42,7,24689.92,37012.31585124109,34619.852639135046,34458.99
2024-08-24,42,7,32079.13,37929.55737292678,32784.25376726654,32388.871
2024-08-31,42,7,47297.61,41975.941216431456,31805.64236971863,33236.137
2024-06-01,42,8,47345.2,31891.879904792768,28464.610650893606,29633.396
2024-06-08,42,8,36179.82,39040.54835613995,33495.81903620044,32013.123
2024-06-15,42,8,49938.0,34762.808746576695,33635.699120882375,32803.668
2024-06-22,42,8,16052.34,34179.63842208964,32599.699284734856,31996.217
2024-06-29,42,8,13777.11,38987.07834785663,33315.086799919234,32251.291
2024-07-06,42,8,44428.85,59584.94610364944,41950.95894373266,39861.87
2024-07-13,42,8,49244.62,38191.54423482592,32767.400482416946,32496.473
2024-07-20,42,8,53405.46,34487.88951961539,34292.974699624276,33202.066
2024-07-27,42,8,58541.29,37950.081707471574,35462.002095717544,34091.89
2024-08-03,42,8,30300.12,41079.49142043797,35983.078504275676,33330.42
2024-08-10,42,8,47576.78,46109.01394823197,35891.28382330745,33719.844
2024-08-17,42,8,27896.37,36517.19742314931,35505.72246124151,33727.01
2024-08-24,42,8,8259.79,41293.52391524178,36144.21765107391,34272.152
2024-08-31,42,8,26682.04,45409.4047618126,35657.509021420214,35966.066
2024-06-01,42,9,7753.47,37255.274879788834,36160.64123406447,34216.453
2024-06-08,42,9,18277.97,37603.951108326706,28763.248928566012,32438.574
2024-06-15,42,9,34362.79,32522.133152298993,28948.866082531084,31791.879
2024-06-22,42,9,35736.08,32539.274656185873,28842.357159324383,31001.707
2024-06-29,42,9,9372.06,36320.53276516474,29528.550117691186,31509.42
2024-07-06,42,9,65148.3,54026.68277223055,33737.75927959261,33927.28
2024-07-13,42,9,57057.5,36839.021623228764,32517.39807883858,33295.43
2024-07-20,42,9,8472.14,34119.899915824346,37139.61475277761,34878.855
2024-07-27,42,9,28632.98,34813.70378096245,31754.967148306714,34490.15
2024-08-03,42,9,15299.27,41001.539008687476,36781.98200201734,35279.227
2024-08-10,42,9,24595.58,45032.55265261099,35186.06407983826,34166.363
2024-08-17,42,9,57388.82,32104.107893569308,30986.77902515007,32291.621
2024-08-24,42,9,13284.81,38123.340647575715,34670.758596782856,34804.92
2024-08-31,42,9,17206.7,42263.57989485425,37668.75667436151,35951.88
2024-06-01,42,10,15071.16,41829.29457517852,38263.43414613879,37726.492
2024-06-08,42,10,24130.31,43407.54573125484,37103.058686323515,37451.973
2024-06-15,42,10,39626.81,37748.27381118409,34515.033725660054,35262.676
2024-06-22,42,10,33357.46,35229.733587207804,34119.55051204842,34178.098
2024-06-29,42,10,28333.43,38648.01315550916,33105.3658968966,33362.67
2024-07-06,42,10,28708.91,58935.70758546655,41319.40496410108,44571.22
2024-07-13,42,10,9422.98,37408.820536710344,31591.182943091622,33670.277
2024-07-20,42,10,20354.45,29924.513925633182,28397.99723225122,30782.99
2024-07-27,42,10,46934.72,30279.42592396361,30743.669552748728,30503.148
2024-08-03,42,10,22451.84,37917.65683157617,28738.02997499152,31741.613
2024-08-10,42,10,32234.41,41553.76544070051,28589.33837846766,31709.414
2024-08-17,42,10,38495.47,30422.898909683856,28362.813059736494,30716.95
2024-08-24,42,10,30987.4,33892.08873667164,28194.91230439619,30977.44
2024-08-31,42,10,48850.78,37393.5382962002,28328.538978106026,31925.084
2024-06-01,42,11,36831.81,41967.52614282883,38360.55889881775,38217.76
2024-06-08,42,11,51490.24,43985.56165656634,38180.155830609154,38562.11
2024-06-15,42,11,35721.09,40281.78147805829,36179.49821384928,37667.72
2024-06-22,42,11,57329.19,35877.07710616949,34688.1336129454,36257.973
2024-06-29,42,11,62230.84,41221.64270977948,33656.27453740937,35286.5
2024-07-06,42,11,41797.42,64853.080595806234,46906.597689640235,48751.63
2024-07-13,42,11,10998.68,43289.09666207212,36386.18275561481,37064.31
2024-07-20,42,11,29171.67,36567.90301802403,37213.27148477607,37393.785
2024-07-27,42,11,40597.26,40831.61190585945,36376.629197626695,37053.53
2024-08-03,42,11,61760.34,44372.833021974955,36517.19953472105,37286.215
2024-08-10,42,11,22172.16,49825.033464066735,38803.711659933026,38484.707
2024-08-17,42,11,25773.06,37981.80189167902,36301.26704805412,37302.89
2024-08-24,42,11,47284.67,39281.94283390128,37714.13432656581,35841.293
2024-08-31,42,11,50123.71,43178.70268836295,35255.91151392662,35275.75
2024-06-01,42,12,19393.87,34667.650692022486,33459.02564445301,35342.723
2024-06-08,42,12,63002.2,37710.98662720002,30432.984425416966,33724.684
2024-06-15,42,12,56509.04,37490.11188344131,36497.14430484125,37234.37
2024-06-22,42,12,61872.45,35727.448519631886,36281.21967747821,37013.977
2024-06-29,42,12,53824.45,43922.53567571634,38748.210618120946,38129.027
2024-07-06,42,12,62938.01,64575.722443521525,53175.208826295944,48632.387
2024-07-13,42,12,42865.89,42183.0038536466,37544.12117470198,37298.848
2024-07-20,42,12,6865.1,38367.428855948514,37548.578807257705,38198.24
2024-07-27,42,12,64026.02,43527.72935237231,39334.235113396586,39842.453
2024-08-03,42,12,51689.05,51777.10839311682,38308.52752686851,40237.902
2024-08-10,42,12,48363.58,54707.09073511497,36741.24222959916,39371.64
2024-08-17,42,12,27453.45,43313.68135353902,39340.38369028209,40034.598
2024-08-24,42,12,38325.77,43061.476584823016,37344.815095536156,38956.645
2024-08-31,42,12,33764.69,45779.220635180056,36998.18934240283,38645.43
2024-06-01,42,13,34080.67,34507.082463585575,31970.007105319393,34734.977
2024-06-08,42,13,30543.22,37447.90347688726,34361.390317504076,36282.574
2024-06-15,42,13,17399.92,31820.11352298846,28917.880226935424,33082.926
2024-06-22,42,13,45270.67,32464.081330008492,30363.547448112848,33739.527
2024-06-29,42,13,9404.47,40059.00412442178,34340.28884299751,34644.066
2024-07-06,42,13,82802.84,59522.7700251423,42672.490762281566,40921.055
2024-07-13,42,13,38199.71,44034.92480721854,38933.03530941973,39223.645
2024-07-20,42,13,59997.37,37589.662188088994,37973.83934422588,38408.316
2024-07-27,42,13,27329.11,40082.007335844224,38284.33604947773,39435.316
2024-08-03,42,13,69248.94,43872.27042469766,39993.41863256846,38500.297
2024-08-10,42,13,53860.94,49911.56221624572,38418.876226792185,38959.273
2024-08-17,42,13,7797.53,42237.87281835786,37971.93407446297,38821.875
2024-08-24,42,13,13735.89,44324.60929967795,38943.15773635124,40882.38
2024-08-31,42,13,21733.73,50121.814753503866,39057.16518632383,41513.652
2024-06-01,42,14,25508.13,40659.70406511236,39387.40077268757,40969.91
2024-06-08,42,14,58108.2,43979.95382585801,36210.3749304891,40051.535
2024-06-15,42,14,50348.32,41869.54141852521,39124.02491939278,40431.77
2024-06-22,42,14,24255.21,37785.66458610121,37478.93333720258,39019.22
2024-06-29,42,14,71472.9,41182.30317398581,34418.71093913591,37801.496
2024-07-06,42,14,33435.66,67262.26458317577,50352.30089993999,51522.957
2024-07-13,42,14,37317.3,43801.10811711056,36608.79328255109,39981.25
2024-07-20,42,14,31151.28,39420.13413062166,37437.73217180187,40158.547
2024-07-27,42,14,60936.47,40514.89060405959,36842.03753423346,39334.723
2024-08-03,42,14,28309.22,46108.40887618392,37600.67902526623,39526.17
2024-08-10,42,14,28205.28,48460.97652415228,36543.154719525744,39440.934
2024-08-17,42,14,39559.07,37365.60811654711,35713.406030088896,39451.44
2024-08-24,42,14,20262.24,41794.825143812166,38347.57200753587,40072.684
2024-08-31,42,14,36850.68,41290.32531180112,32385.931350122028,37012.992
2024-06-01,42,15,20307.9,38507.560387966914,37112.975483511924,40392.2
2024-06-08,42,15,13433.74,43370.47653197407,37058.05383092741,40172.71
2024-06-15,42,15,40537.86,36532.40228177712,34951.2244600499,37406.273
2024-06-22,42,15,10279.04,34316.74292859055,38415.97995956098,37126.28
2024-06-29,42,15,66079.08,36772.808759853506,29534.93673915423,34632.023
2024-07-06,42,15,29234.81,62641.581313342824,49048.6669750072,48528.254
2024-07-13,42,15,14882.09,37600.573661554925,32628.451829805304,36216.844
2024-07-20,42,15,26632.34,30670.340018863622,34540.969299017604,35665.453
2024-07-27,42,15,40157.25,33837.37864111075,32258.359101601764,36259.75
2024-08-03,42,15,35758.95,37655.79898016644,30131.13500976666,34521.676
2024-08-10,42,15,19549.69,43100.906611723774,33365.6770745588,36023.37
2024-08-17,42,15,56615.3,31566.5490790588,30724.64246901453,35217.027
2024-08-24,42,15,59663.87,38667.027361093235,37982.640208037534,37322.293
2024-08-31,42,15,17272.16,42741.87541314053,35829.591661648235,38834.65
2024-06-01,42,16,25816.19,42699.60087187638,37592.9294676879,39195.465
2024-06-08,42,16,7589.79,44741.07637463139,38939.33110076257,42060.31
2024-06-15,42,16,13434.19,37080.3769426689,40470.56530810174,38919.59
2024-06-22,42,16,66670.51,30928.845906400427,32728.58424762036,35019.645
2024-06-29,42,16,7783.68,41083.47033854634,36377.24306194899,37812.973
2024-07-06,42,16,85093.25,60112.36566615693,41689.77711310276,46445.133
2024-07-13,42,16,6863.91,40932.79480078209,41680.50730517927,39021.63
2024-07-20,42,16,71176.53,34269.429941799506,33669.92237935964,38509.945
2024-07-27,42,16,39082.79,39870.216482465,42958.2037574169,39102.05
2024-08-03,42,16,64517.93,45040.7232895228,41807.40266187891,40666.4
2024-08-10,42,16,40289.61,51444.90772369013,39199.88348793354,42609.73
2024-08-17,42,16,26562.28,41560.76348281803,37815.1183540436,41318.95
2024-08-24,42,16,26945.28,42127.29374243026,37456.88016356618,40614.562
2024-08-31,42,16,18589.17,48383.196852615154,38043.60253405646,42721.88
2024-06-01,42,17,13081.98,44511.89796688478,39048.02725416204,42777.527
2024-06-08,42,17,15084.93,44740.69996572592,36695.56474315081,40586.438
2024-06-15,42,17,14667.48,36126.77512289037,33365.726202711485,38313.973
2024-06-22,42,17,77675.0,32971.30457039583,39426.162742540815,39586.652
2024-06-29,42,17,56508.61,43694.49016329391,45146.30383985616,41665.473
2024-07-06,42,17,85290.5,63322.91721343087,49770.81105150592,56281.887
2024-07-13,42,17,38017.28,41373.06206089315,41938.53014151001,41985.26
2024-07-20,42,17,53661.31,35952.79231278007,40712.41527528457,41295.46
2024-07-27,42,17,45992.6,40959.078972314586,39475.70113102959,41496.625
2024-08-03,42,17,25596.44,48652.36725966696,39570.81218830269,42720.324
2024-08-10,42,17,20344.02,52343.86869453775,36957.86196074745,42148.55
2024-08-17,42,17,71437.63,43798.78793625983,38782.322253375954,42131.27
2024-08-24,42,17,69045.32,47723.01636952889,39608.129049512914,43483.367
2024-08-31,42,17,53091.69,52398.985080734674,40678.985701454476,43968.637
2024-06-01,42,18,8895.79,38773.62134279564,38768.82711369618,40841.086
2024-06-08,42,18,73029.72,38416.34076174331,36487.410399481036,41212.2
2024-06-15,42,18,67466.19,41719.731552528014,39818.9466469263,42496.42
2024-06-22,42,18,57752.24,40830.171721349354,41218.29212456292,45800.73
2024-06-29,42,18,52013.81,44106.827620949996,39793.10036804409,42689.965
2024-07-06,42,18,84520.2,63580.395858354845,53414.49102910282,53846.58
2024-07-13,42,18,19009.59,45159.62174230458,41144.705334984304,42761.062
2024-07-20,42,18,26702.2,41386.33261456183,39533.361526117886,46359.34
2024-07-27,42,18,50677.35,45799.173134644814,40066.99484339242,46636.598
2024-08-03,42,18,54192.72,53795.309454342096,45253.99942072165,46687.71
2024-08-10,42,18,39139.19,54120.635657145154,38472.349975395846,44588.156
2024-08-17,42,18,77541.48,41058.97755035318,37966.690022959745,43390.777
2024-08-24,42,18,57905.72,46048.27615525115,41415.495233715745,42539.14
2024-08-31,42,18,25487.61,50176.474376794715,39412.273883695365,45465.074
2024-06-01,42,19,31683.54,35259.79124898074,36975.26554782305,40076.723
2024-06-08,42,19,66033.24,36443.782844164,34339.93533724792,39537.188
2024-06-15,42,19,51554.47,35188.2252831916,37844.201227018115,39963.254
2024-06-22,42,19,23517.51,35202.30769633428,36393.17442512079,42096.184
2024-06-29,42,19,63538.16,42065.92616198397,36505.867517578394,41448.168
2024-07-06,42,19,105402.15,66247.87869395755,50317.97900461302,55418.957
2024-07-13,42,19,26587.15,50603.98961525238,40936.557560752684,45863.195
2024-07-20,42,19,26319.9,44633.6060580694,40856.976873412525,45387.785
2024-07-27,42,19,67228.59,46795.42171520298,39583.88747295091,45722.664
2024-08-03,42,19,60710.15,54844.26092762518,45444.44800653313,47477.44
2024-08-10,42,19,56857.08,55424.43684474698,39717.0798020462,43544.312
2024-08-17,42,19,48959.05,44792.843849687095,42268.24200876213,46416.727
2024-08-24,42,19,15797.55,48109.38363054771,42458.70210614994,45640.496
2024-08-31,42,19,69619.55,51378.21418342456,40585.26813581717,45662.105
2024-06-01,42,20,11986.63,42694.76101101624,41867.23321977317,42565.17
2024-06-08,42,20,12171.72,45823.04620570207,39686.50074713367,46062.535
2024-06-15,42,20,14242.13,41316.53470484012,39242.59309441015,45697.04
2024-06-22,42,20,71318.8,37202.41941885158,38232.379215800705,43760.504
2024-06-29,42,20,44328.3,47350.11721160397,40230.405596013006,44598.21
2024-07-06,42,20,42845.59,68014.69803039948,58289.699650745046,66479.65
2024-07-13,42,20,15902.9,42609.31785439951,42032.91379963151,43668.02
2024-07-20,42,20,57219.03,34027.927289964224,41613.94257839326,43911.22
2024-07-27,42,20,74912.47,35893.98045023951,36854.684002791975,41315.387
2024-08-03,42,20,74965.17,45544.59439532181,43453.44819651983,46892.887
2024-08-10,42,20,58265.21,53589.944144089684,42602.27041315321,49041.266
2024-08-17,42,20,68586.46,43438.183486638794,42905.35683487089,47590.824
2024-08-24,42,20,22876.37,46411.73140671102,43923.51196786389,49865.36
2024-08-31,42,20,36335.78,52239.70264901767,40586.01109615392,47323.207
2024-06-01,43,1,10539.73,55787.874817562195,42277.16921921749,40027.08
2024-06-08,43,1,26545.35,48148.03867332906,36862.32972177546,39705.152
2024-06-15,43,1,10146.89,48092.87328120725,41920.13386262337,40689.43
2024-06-22,43,1,43815.57,42965.8244525629,45020.47039124021,40581.336
2024-06-29,43,1,73910.45,47724.475566106776,37546.68147969117,41490.055
2024-07-06,43,1,86586.57,67838.88441479011,61797.84316388359,55974.742
2024-07-13,43,1,33372.94,53452.731249553886,40912.094069841885,41635.582
2024-07-20,43,1,58334.83,49926.324849740144,36585.93235848065,38955.797
2024-07-27,43,1,44969.07,48571.05526012462,35726.7204895304,40653.484
2024-08-03,43,1,72415.94,51850.5269248881,44400.905911384594,41353.1
2024-08-10,43,1,74025.18,56132.828431768234,36569.93753362075,40485.684
2024-08-17,43,1,71533.59,56993.49018918827,45749.78246496833,45833.227
2024-08-24,43,1,24049.91,62375.0635456948,46943.786636553275,45628.105
2024-08-31,43,1,61975.11,59317.702128226076,46627.21329294907,42812.89
2024-06-01,43,2,47489.56,53701.536020246036,44743.83528603529,44487.043
2024-06-08,43,2,50084.21,51274.028650677465,46713.42830141977,47527.355
2024-06-15,43,2,40619.21,52555.09710652536,45436.53473757123,47731.773
2024-06-22,43,2,54370.73,48747.915584637834,47223.598381846066,46987.26
2024-06-29,43,2,55143.87,54980.480007248996,45491.775087046044,45917.633
2024-07-06,43,2,41228.37,70260.62576780445,58816.225349991626,59566.547
2024-07-13,43,2,47507.81,53036.507505814014,44692.662131831625,45609.598
2024-07-20,43,2,34158.06,51202.61110332277,45565.39711556643,45010.668
2024-07-27,43,2,45379.11,48903.289598858806,47309.028877367426,46710.72
2024-08-03,43,2,42908.83,48428.67549078122,46494.0476617524,46877.984
2024-08-10,43,2,63365.37,50573.73069732679,46248.230899516355,46466.76
2024-08-17,43,2,47609.24,50059.870118602914,45728.56553706566,46981.03
2024-08-24,43,2,50281.73,53020.700798256024,45973.084804465274,46922.223
2024-08-31,43,2,65394.63,50824.155524685404,46826.4458488788,47412.195
2024-06-01,43,3,21061.53,58976.60569278613,51087.26676897984,49236.062
2024-06-08,43,3,19613.7,56536.69089003934,50983.496375834766,45959.19
2024-06-15,43,3,71258.34,56654.20276777575,50283.28032843588,48541.63
2024-06-22,43,3,53930.73,54769.59087442645,50250.71426685983,47625.406
2024-06-29,43,3,26482.66,58548.50083575065,50605.41143184023,49062.688
2024-07-06,43,3,86211.9,70511.15399730875,63283.84834169822,62391.734
2024-07-13,43,3,14449.07,56329.5555828923,51890.30654401497,47362.625
2024-07-20,43,3,42428.15,52290.96104326395,47630.17261754399,45785.82
2024-07-27,43,3,46185.62,49852.11922152418,47133.374014483554,46741.58
2024-08-03,43,3,78688.48,52460.25466142776,49783.56813162523,47750.57
2024-08-10,43,3,30603.27,57267.998071046466,51141.610780016184,47083.254
2024-08-17,43,3,67734.15,50676.41028502666,50462.78451179298,47661.434
2024-08-24,43,3,59715.73,56013.914882302364,50954.073840034194,48196.38
2024-08-31,43,3,66199.48,56510.485814864725,51753.11793642684,46120.758
2024-06-01,43,4,37596.13,62962.55601786926,58414.13744254287,51054.45
2024-06-08,43,4,82415.72,53495.31007453436,50394.05923219927,47389.19
2024-06-15,43,4,45051.64,58078.05552805091,51331.7119566957,48574.45
2024-06-22,43,4,43562.77,54700.83780941605,55741.96936350265,50234.67
2024-06-29,43,4,64695.29,57628.15497362463,49911.21864895874,47276.258
2024-07-06,43,4,55716.32,71905.74818644061,59377.39428160866,61362.254
2024-07-13,43,4,87481.5,55376.92392947527,50303.766901447045,47833.832
2024-07-20,43,4,41865.68,57596.15575550934,57917.28351276029,47152.434
2024-07-27,43,4,44503.26,55669.024959997485,57806.27811020955,49672.555
2024-08-03,43,4,35448.66,56630.13587171792,58004.27289939267,48637.445
2024-08-10,43,4,24041.2,57510.13896475688,50688.76821995161,49284.74
2024-08-17,43,4,64111.09,51154.66687499468,49937.552834552276,48249.707
2024-08-24,43,4,37158.55,57886.35719687593,50381.364215435104,48045.44
2024-08-31,43,4,32047.62,53958.13378261017,50900.80755753467,47950.26
2024-06-01,43,5,86970.24,55206.62874797578,50867.984526259315,48947.117
2024-06-08,43,5,59232.5,53885.83346351774,51728.82487925465,46879.453
2024-06-15,43,5,12520.09,56986.481853394995,51405.12028679161,47922.215
2024-06-22,43,5,29154.37,55228.16451754617,52536.451489177954,48484.395
2024-06-29,43,5,52929.82,61517.91911533183,52059.19131263135,49689.72
2024-07-06,43,5,21812.81,74333.13416683523,57971.15948468304,62613.668
2024-07-13,43,5,67761.98,54199.44960210006,51523.129817421155,49677.676
2024-07-20,43,5,33186.38,54376.79193988768,51352.823846835665,49937.36
2024-07-27,43,5,85036.34,50054.93732552663,50774.26076688291,49511.832
2024-08-03,43,5,8763.57,50896.54440618991,50883.93813957739,47926.16
2024-08-10,43,5,28560.27,51414.266777052,49526.40008163061,49478.855
2024-08-17,43,5,65794.48,49744.33565446747,48578.252164929116,49396.664
2024-08-24,43,5,39597.98,57501.50868384129,52625.63583827529,49736.36
2024-08-31,43,5,70256.77,52247.353373451326,49954.533654903804,49974.15
2024-06-01,43,6,51613.88,66295.69488189818,63786.21502989378,56093.88
2024-06-08,43,6,65758.93,59622.00884926969,61811.310891085595,53957.76
2024-06-15,43,6,12412.66,61790.09072688287,61450.83185872845,54060.613
2024-06-22,43,6,42438.42,54793.321373421866,52133.73260715991,53329.934
2024-06-29,43,6,45326.38,59456.25071232729,52365.54190779018,54760.2
2024-07-06,43,6,119300.07,71736.96154979235,57374.468744974176,72280.805
2024-07-13,43,6,77785.65,63960.642388910004,66578.34142481678,56013.73
2024-07-20,43,6,56067.08,58284.99692089001,64043.17245355158,53366.695
2024-07-27,43,6,48496.44,57396.110082893174,62391.33598886164,52052.51
2024-08-03,43,6,21271.42,58602.786389759676,63701.28335518208,48326.48
2024-08-10,43,6,73378.02,57732.1572271985,52988.34201323777,53272.32
2024-08-17,43,6,38390.4,59065.13848142775,61380.827705957156,55452.74
2024-08-24,43,6,93707.05,62761.25090342598,62252.51300607057,54565.59
2024-08-31,43,6,11118.68,64883.29713504337,64636.95509990874,57171.848
2024-06-01,43,7,55048.99,61263.80002433147,54048.30740451438,52533.78
2024-06-08,43,7,26728.57,57324.0708452631,60454.594765435395,55405.094
2024-06-15,43,7,33466.39,58397.92645616472,61284.140664507126,57858.125
2024-06-22,43,7,14163.62,52158.606503923096,52664.18864653726,53387.887
2024-06-29,43,7,17746.52,56260.81271592808,53059.16785616344,55339.68
2024-07-06,43,7,36059.07,65193.3430208875,66712.48933966474,68136.36
2024-07-13,43,7,37555.24,48441.23769778794,48599.93006678334,49375.35
2024-07-20,43,7,81430.85,45505.36437147632,49948.851708155315,49708.203
2024-07-27,43,7,64764.89,46714.527938046886,49094.765768442136,49810.58
2024-08-03,43,7,89949.6,46202.08243464131,49337.882024103346,50116.266
2024-08-10,43,7,71864.51,52519.39648822463,53969.138991589105,50763.01
2024-08-17,43,7,20025.8,50775.09137565179,53156.81951957639,52058.492
2024-08-24,43,7,33560.16,58748.56870509174,53968.99279512392,53235.277
2024-08-31,43,7,11682.86,59834.80849124355,62259.805695771814,58241.035
2024-06-01,43,8,55370.73,70133.71138006932,67991.83066633724,63332.535
2024-06-08,43,8,72147.37,64104.100334338225,65193.93522589709,61354.086
2024-06-15,43,8,24296.08,63023.06368958888,62172.89198773701,59254.293
2024-06-22,43,8,43373.33,56477.93991761383,61312.309341420245,55660.492
2024-06-29,43,8,40932.07,58176.08228310783,53076.28049779167,54429.023
2024-07-06,43,8,119141.88,74987.36196232465,75733.34614416483,68729.97
2024-07-13,43,8,17124.75,63123.65523226189,67153.12341469244,60002.895
2024-07-20,43,8,40686.51,60905.2088287539,65326.613098275775,60910.5
2024-07-27,43,8,78048.27,56629.59207853418,55517.891518501194,56056.223
2024-08-03,43,8,46145.93,59650.11514923072,66056.12233729952,58560.336
2024-08-10,43,8,20013.06,56368.75620022104,53665.27780246557,55122.574
2024-08-17,43,8,69724.97,53305.76502835724,52412.72942542981,54370.33
2024-08-24,43,8,92738.89,60349.88982311039,60426.216702480764,57036.973
2024-08-31,43,8,55479.25,61934.404085619586,64252.715832488044,60305.734
2024-06-01,43,9,10593.27,73765.99040456806,72122.91082108034,62921.117
2024-06-08,43,9,24249.19,66912.29974714748,63523.65612304554,61583.73
2024-06-15,43,9,72137.82,65837.72949129253,64745.27482987916,62920.105
2024-06-22,43,9,68765.06,61485.878056143796,64224.27881662666,61423.39
2024-06-29,43,9,29761.58,63388.898617875624,61833.90723239279,59928.07
2024-07-06,43,9,51073.78,74021.35611458763,64732.68158403775,70776.17
2024-07-13,43,9,77942.97,55895.472364970345,54660.383235822854,54739.137
2024-07-20,43,9,95175.9,55628.99559885462,54979.62294129909,54095.742
2024-07-27,43,9,58822.67,55045.33156493704,59870.90352134116,57736.57
2024-08-03,43,9,56000.98,56608.40923587497,60996.74417208561,58556.73
2024-08-10,43,9,108241.08,61327.2620154079,62045.553267062845,59921.84
2024-08-17,43,9,18335.47,62775.42327011056,64068.04710651746,61683.23
2024-08-24,43,9,83465.25,65207.14170690702,65587.93642882086,63187.27
2024-08-31,43,9,104886.87,67514.02942391415,65104.191045242325,64228.598
2024-06-01,43,10,15577.48,66876.12979842388,62258.475166331154,61258.56
2024-06-08,43,10,85036.63,61809.74243878696,62646.64787221859,58616.62
2024-06-15,43,10,9288.01,66664.57401808139,62926.90881422754,62447.91
2024-06-22,43,10,57553.25,58961.06862465053,63220.750624542525,62487.47
2024-06-29,43,10,107298.12,62354.79302095796,60667.01591982963,62329.254
2024-07-06,43,10,61745.62,83462.14274498227,75903.15454564847,80140.09
2024-07-13,43,10,102168.37,63708.46677663878,66330.66371440486,63725.94
2024-07-20,43,10,34328.91,59610.16499178703,62142.81370496001,62065.496
2024-07-27,43,10,110364.49,59074.664203356,64132.297760305126,59845.05
2024-08-03,43,10,16288.87,65432.37302075304,72005.35700975533,67463.15
2024-08-10,43,10,37301.03,66341.85566109943,68679.3868125785,65584.21
2024-08-17,43,10,46104.98,64481.94028334057,67171.53119996464,65950.586
2024-08-24,43,10,63265.88,68846.30275791144,67057.89570526371,67619.13
2024-08-31,43,10,9419.2,59901.88829028085,61544.136605974185,60215.684
2024-06-01,43,11,50995.94,76086.63318547679,72633.86585872392,66723.445
2024-06-08,43,11,59094.56,68635.27634774489,72148.73367471073,67305.12
2024-06-15,43,11,82540.14,70316.53364702451,65763.0905266385,64637.867
2024-06-22,43,11,90261.75,66825.76297188408,73507.20101152922,68093.49
2024-06-29,43,11,27079.47,69467.2368581245,72221.97595578387,66746.87
2024-07-06,43,11,38229.47,82298.55254156285,80656.76491658368,80825.69
2024-07-13,43,11,61661.48,64327.4512270575,64374.26663495756,62236.17
2024-07-20,43,11,61445.25,59028.62040492787,61248.751916395966,59612.99
2024-07-27,43,11,105190.76,56838.654944731774,60814.55354236968,59891.727
2024-08-03,43,11,65025.61,61630.185521777596,64191.3775241046,61368.137
2024-08-10,43,11,19377.9,62930.88613140015,63044.49352005004,61675.95
2024-08-17,43,11,71165.59,58397.99056071166,62829.77642193138,60479.164
2024-08-24,43,11,46414.29,62807.3641241028,64272.07547561322,61798.086
2024-08-31,43,11,57597.09,60521.63789232016,62131.93154892114,60087.477
2024-06-01,43,12,102366.75,70973.2624598004,63689.28755276903,64257.254
2024-06-08,43,12,119351.72,73451.75509152072,72697.58570740775,68720.07
2024-06-15,43,12,29509.62,75110.70236265214,74413.33835532771,68463.35
2024-06-22,43,12,90688.55,66426.73406393421,74032.49527599881,71187.68
2024-06-29,43,12,41384.2,73437.5649406976,73013.3193023831,70697.65
2024-07-06,43,12,33399.87,86777.0406144112,82472.8972517485,85869.375
2024-07-13,43,12,29217.54,63473.90726527101,62581.640199323316,63282.086
2024-07-20,43,12,39859.76,62692.773127477565,62825.17383514893,63565.457
2024-07-27,43,12,42103.59,56697.632079331124,63156.333286788315,65204.055
2024-08-03,43,12,111366.96,52381.36816892931,55270.1458834658,61761.125
2024-08-10,43,12,37184.52,58996.3629482428,57916.42046192778,60977.617
2024-08-17,43,12,119023.79,55595.31248438624,56697.81971479627,59692.664
2024-08-24,43,12,22189.31,62510.64541176789,68006.87236959943,63593.81
2024-08-31,43,12,10214.36,61442.650452686205,68986.71702363165,65272.13
2024-06-01,43,13,26796.34,76986.53476192316,72751.56030699787,70102.164
2024-06-08,43,13,56185.28,74422.39825022093,73304.41188883694,67908.63
2024-06-15,43,13,59318.26,77592.09615999658,73515.50351086287,69792.7
2024-06-22,43,13,98726.07,70920.43710922354,73490.82778584705,69740.31
2024-06-29,43,13,49581.25,73203.01100910612,73861.85294926986,69439.34
2024-07-06,43,13,116014.54,82765.23651145984,79614.10486474128,83355.78
2024-07-13,43,13,80470.75,70625.80720756587,73104.70762151985,71534.805
2024-07-20,43,13,81953.63,66328.4613764796,73200.51435799153,70322.14
2024-07-27,43,13,94822.89,63343.621373732945,73706.24657565911,74396.13
2024-08-03,43,13,94221.18,67086.76794270775,72800.10234177207,70572.57
2024-08-10,43,13,100901.64,70534.74430099584,73429.79970389715,69182.67
2024-08-17,43,13,124168.97,70302.93018148089,72032.84955919748,68835.82
2024-08-24,43,13,56973.23,77149.41305723766,73407.61255064563,66223.72
2024-08-31,43,13,83232.11,77946.94533823474,75061.25550918505,67691.63
2024-06-01,43,14,123742.16,76610.25199578967,77397.45385984493,71615.54
2024-06-08,43,14,93478.65,73177.10959243134,77319.18688555084,71188.414
2024-06-15,43,14,45251.17,74239.60940975262,75786.38466552077,72679.38
2024-06-22,43,14,47229.9,67283.008887668,76542.00964687477,74317.57
2024-06-29,43,14,49501.64,70325.55297430468,70134.65177809981,69045.484
2024-07-06,43,14,29040.06,84017.93365335563,87475.51811592035,91031.04
2024-07-13,43,14,94638.22,65445.73362119153,75254.49101489212,73378.54
2024-07-20,43,14,79039.06,65450.61715063567,63722.556060425304,68304.85
2024-07-27,43,14,120870.9,64193.74235482446,75752.24685328592,72911.29
2024-08-03,43,14,22059.9,64346.566539674495,76049.47086673742,75073.055
2024-08-10,43,14,23516.4,63204.56973484891,68837.00629182912,71124.375
2024-08-17,43,14,87510.17,61074.80928971116,67318.69323168923,66802.88
2024-08-24,43,14,48760.91,69600.01427456646,68570.07780941908,69351.11
2024-08-31,43,14,62297.62,63893.29177637862,63737.827585018764,71199.91
2024-06-01,43,15,97715.43,82167.71360131807,72831.5254619603,72432.19
2024-06-08,43,15,50364.22,81335.29408784144,71204.55491036954,74280.54
2024-06-15,43,15,93307.38,77092.01411639992,72254.01180892978,74126.4
2024-06-22,43,15,84078.08,71830.11391263286,70893.20830979891,76228.76
2024-06-29,43,15,42469.25,77262.5587772966,69758.0781952985,75315.39
2024-07-06,43,15,101252.66,87722.9244821565,86729.29068363585,91402.984
2024-07-13,43,15,94643.65,71083.18165931222,83418.57673415127,77152.48
2024-07-20,43,15,121106.79,70357.38804009819,81882.31761087944,77164.82
2024-07-27,43,15,70267.5,71798.6182652835,74542.45935410552,77405.64
2024-08-03,43,15,88860.1,68461.60796298608,79220.03323314339,77032.73
2024-08-10,43,15,23776.43,73778.31447632823,68139.78727354923,76045.36
2024-08-17,43,15,118073.06,70829.98318472598,85155.84113028445,75969.14
2024-08-24,43,15,106651.83,77283.74367805128,82940.85658470614,76275.47
2024-08-31,43,15,33470.5,79757.07640333328,74142.46070568298,74984.125
2024-06-01,43,16,110633.07,83856.03354044218,75778.4479024834,74968.62
2024-06-08,43,16,85816.68,78040.42659290621,72868.85597898884,70965.94
2024-06-15,43,16,110712.99,82603.74003308004,76155.5361417834,75181.516
2024-06-22,43,16,20148.85,78848.37711743661,69477.87495252013,70014.64
2024-06-29,43,16,54815.02,82851.86770096308,68484.14544765945,77929.01
2024-07-06,43,16,194645.88,94803.68868224826,102448.0230196502,111059.64
2024-07-13,43,16,120741.58,92476.96851843188,77441.47435174894,69809.98
2024-07-20,43,16,23842.0,88750.15226533948,74754.0596407834,75873.24
2024-07-27,43,16,91669.13,79833.64739706652,75475.60481868763,80318.69
2024-08-03,43,16,24828.51,80936.18664348495,82587.68799492929,71136.71
2024-08-10,43,16,27843.42,76625.58575248174,79306.37635533224,77732.516
2024-08-17,43,16,110275.44,65842.56074769417,78664.63629280885,78632.555
2024-08-24,43,16,126674.46,78410.85301297554,77109.7848331821,74351.4
2024-08-31,43,16,46648.56,80604.63957792163,73504.46691264959,77845.234
2024-06-01,43,17,22968.17,74670.20109382938,78362.81395097871,76341.49
2024-06-08,43,17,27747.11,64953.2009283482,68093.87584940625,76149.34
2024-06-15,43,17,99608.04,63438.37906112111,68908.41357711738,74257.2
2024-06-22,43,17,95128.48,67002.12288045799,79668.70683974223,73250.81
2024-06-29,43,17,77892.84,66118.47060452448,68486.12410232726,76957.04
2024-07-06,43,17,135795.37,82113.71586907574,97991.35867661162,98625.086
2024-07-13,43,17,29352.98,71107.29431097754,80550.22771822561,76819.45
2024-07-20,43,17,13426.8,71027.41310359581,78674.34197666877,76804.11
2024-07-27,43,17,136374.02,64593.616066337076,76459.61154634428,77666.56
2024-08-03,43,17,83761.78,75921.26958427651,85677.78007432,81292.664
2024-08-10,43,17,130360.37,78525.17606657135,79995.66191429347,76369.414
2024-08-17,43,17,111154.62,76230.62034055244,74359.13951072331,76573.305
2024-08-24,43,17,83464.21,76660.15580786907,71779.347220479,74379.19
2024-08-31,43,17,70182.27,74543.40893327177,75737.59424228306,75981.02
2024-06-01,43,18,111581.35,67832.85889676103,65093.18115129359,76253.93
2024-06-08,43,18,144378.94,65305.82918205135,65516.46907598908,76442.4
2024-06-15,43,18,138144.26,72244.83961793271,82813.38520144629,76501.33
2024-06-22,43,18,12676.74,71089.47415656285,85650.60801749189,82132.23
2024-06-29,43,18,96262.57,73886.73797865832,78099.37517286971,84551.75
2024-07-06,43,18,181140.52,94746.28165925879,89667.08787034266,118071.25
2024-07-13,43,18,41505.28,87115.07425232741,81967.38493450217,81362.31
2024-07-20,43,18,86698.55,83339.64385745733,79596.62717631621,83730.62
2024-07-27,43,18,42683.95,84704.42721337063,74544.74693811066,77758.7
2024-08-03,43,18,82002.36,83528.79241555414,77884.64810412611,83121.95
2024-08-10,43,18,133649.38,74320.70041029662,78491.30084154959,77098.945
2024-08-17,43,18,25921.32,73702.25930009186,75245.34036225878,82467.67
2024-08-24,43,18,138872.57,79286.74541006063,73874.34414635354,78884.32
2024-08-31,43,18,125054.69,80889.78949132987,75671.37019931707,79854.23
2024-06-01,43,19,98195.05,76679.71105025694,82130.07806279056,84226.72
2024-06-08,43,19,91152.06,71338.18438979011,83513.71140908702,80418.83
2024-06-15,43,19,57814.68,74320.7975757437,76895.37412241376,81145.44
2024-06-22,43,19,44162.96,68363.34638965063,78644.02580370926,80371.75
2024-06-29,43,19,76708.7,74766.58620527654,85354.635205021,81582.125
2024-07-06,43,19,21449.64,91651.64545224523,94441.10735913408,109080.66
2024-07-13,43,19,101272.29,69302.98692753422,83961.92718690528,83955.25
2024-07-20,43,19,145789.96,70367.45974192,83315.56164667875,81549.49
2024-07-27,43,19,79312.9,72630.1180521007,77695.01432230747,82400.71
2024-08-03,43,19,89840.48,69589.8608403134,84777.53067771025,83768.29
2024-08-10,43,19,75661.2,68973.97396103365,79139.15157900579,82025.195
2024-08-17,43,19,148589.62,69554.82510311663,76416.93903659815,77596.18
2024-08-24,43,19,40601.04,80333.97713026058,80951.68448335049,79431.33
2024-08-31,43,19,124374.29,78127.43941991936,80679.53996701221,86823.195
2024-06-01,43,20,35008.08,74557.9153684024,76214.54805233896,84446.195
2024-06-08,43,20,47045.37,63210.090607650556,64170.21191603824,79298.625
2024-06-15,43,20,44662.8,61732.779706103836,64695.18570149155,79171.15
2024-06-22,43,20,118596.82,55217.83627857346,63862.73841492616,80716.2
2024-06-29,43,20,96281.33,70196.87376543556,72294.18711388773,83471.77
2024-07-06,43,20,149706.47,80255.73702007279,76979.39652146815,106285.0
2024-07-13,43,20,54776.81,69176.23082316807,87773.74966273856,88770.03
2024-07-20,43,20,151652.78,67617.16594403263,76420.03686914737,85537.23
2024-07-27,43,20,97624.98,74749.35697229044,84458.62505017668,76795.52
2024-08-03,43,20,43072.31,79899.12482284199,80057.40987659874,79508.29
2024-08-10,43,20,29742.01,82203.08503745848,78179.03951929222,83498.805
2024-08-17,43,20,148337.72,81624.33679102818,73529.49855230314,80515.17
2024-08-24,43,20,77887.96,87791.92253710353,76013.03971682144,80224.61
2024-08-31,43,20,147981.17,82790.49385898715,75881.49977453,85186.38
2024-06-01,44,1,20903.76,20087.523554071842,12054.965813525081,12040.921
2024-06-08,44,1,17435.58,16202.333605276843,12507.779325538662,12591.77
2024-06-15,44,1,4485.85,20489.918693521577,12924.062615094941,12156.466
2024-06-22,44,1,2819.46,18195.612960282007,12029.628619428999,12321.78
2024-06-29,44,1,9166.7,16044.724563196869,12862.122610908751,12231.604
2024-07-06,44,1,11146.03,31547.91226281446,25300.680315657923,17230.121
2024-07-13,44,1,8738.66,16934.29461012635,11801.570771333078,12028.268
2024-07-20,44,1,10396.75,17739.2183061416,11512.676835177306,11966.35
2024-07-27,44,1,2797.19,16617.79669181019,10990.610617510254,11924.933
2024-08-03,44,1,20058.51,14828.57233963435,12115.828798778914,11524.128
2024-08-10,44,1,3410.3,20722.04852670659,12440.982418859663,11545.394
2024-08-17,44,1,4172.31,18701.27132867003,13269.282181390234,11792.783
2024-08-24,44,1,5734.83,16229.716078304446,12729.634205691367,11838.296
2024-08-31,44,1,8528.01,22409.265548150222,12046.017885395302,12160.982
2024-06-01,44,2,4389.83,22174.321333415377,14978.31291174079,13633.03
2024-06-08,44,2,22073.83,15775.786041234132,13297.516023815837,12340.148
2024-06-15,44,2,2627.16,20725.402170549853,14326.985475762209,12238.087
2024-06-22,44,2,2249.35,18439.26710765426,14153.95634388753,13129.349
2024-06-29,44,2,8559.42,16460.856740060335,14115.396909509913,12829.926
2024-07-06,44,2,17308.33,32813.036519421534,27068.2673156381,18062.867
2024-07-13,44,2,19888.35,18399.7037558616,12299.565299563554,12200.352
2024-07-20,44,2,8488.22,19025.46834692156,13224.42618779595,12250.826
2024-07-27,44,2,7478.14,17194.91507289168,12786.743696103613,12080.063
2024-08-03,44,2,21281.15,16509.690508393862,13224.768425933658,11935.407
2024-08-10,44,2,2395.62,21997.722665584064,13199.046574054883,12283.727
2024-08-17,44,2,2576.87,19948.468867346135,14110.08828537514,12612.974
2024-08-24,44,2,24276.36,17628.67532909177,13112.648721520869,12590.461
2024-08-31,44,2,2586.82,25511.444367143442,14538.53456731728,13152.741
2024-06-01,44,3,2500.83,19604.05201411555,14975.123184779884,13604.869
2024-06-08,44,3,6550.37,14281.399794341596,14514.664751479351,12935.464
2024-06-15,44,3,15163.07,19637.641817216056,15419.152009086016,13123.473
2024-06-22,44,3,2327.05,16287.55969302237,14233.594987432009,13111.602
2024-06-29,44,3,20834.95,14057.167628370691,13612.056983133294,12494.442
2024-07-06,44,3,7897.72,30984.41242479974,26620.01135084467,17547.744
2024-07-13,44,3,15254.55,17066.79363213908,14188.504841683583,13460.897
2024-07-20,44,3,9134.55,17361.701763679026,14463.425322663514,13120.205
2024-07-27,44,3,15089.9,17092.62943797061,14183.21682659524,12918.935
2024-08-03,44,3,22920.72,16452.750940394668,14824.40103777329,12805.392
2024-08-10,44,3,6802.35,22936.004274899715,14678.692628158216,13416.338
2024-08-17,44,3,16239.48,20468.753397019856,14528.050742897954,12924.073
2024-08-24,44,3,13224.66,18785.97897017838,14918.073740169686,14315.75
2024-08-31,44,3,13893.49,24687.697381941143,15454.340826669319,13810.073
2024-06-01,44,4,3362.27,22470.64316378691,16682.021087887184,15222.819
2024-06-08,44,4,28305.98,17575.233364484673,16700.578121043014,14938.882
2024-06-15,44,4,25799.03,23079.30394595847,16830.066757143537,15651.228
2024-06-22,44,4,16479.14,21425.467208649163,18518.608494301614,17142.502
2024-06-29,44,4,14654.52,19535.6119892802,18128.48295929024,17186.031
2024-07-06,44,4,35345.24,34628.332402301225,26681.95755766921,21807.236
2024-07-13,44,4,23530.03,22952.500083586936,19819.59439205363,16855.568
2024-07-20,44,4,14335.14,23462.250874560865,19501.263122370994,17093.791
2024-07-27,44,4,12215.52,22760.32915432316,19468.864147709715,16778.08
2024-08-03,44,4,6073.93,22775.70859598127,19454.58811402205,16940.162
2024-08-10,44,4,21349.78,26106.921945201677,18780.66438680293,16345.694
2024-08-17,44,4,15491.45,23601.094909489606,18321.360626705835,16600.791
2024-08-24,44,4,27136.46,20879.691977603346,19130.161565260558,16322.345
2024-08-31,44,4,5920.02,27925.986149489996,19348.352834942452,16723.88
2024-06-01,44,5,24264.9,20182.41892969289,14870.853409331416,14232.157
2024-06-08,44,5,11761.26,16420.38262139541,15820.191401787293,15371.682
2024-06-15,44,5,6400.77,21143.605505562176,16063.781118434497,15215.213
2024-06-22,44,5,5652.06,18829.11667983754,15768.661247050191,14858.848
2024-06-29,44,5,8682.36,16624.511817400373,15575.232928089616,14187.231
2024-07-06,44,5,31984.31,31536.020323207755,27945.697566569797,20374.924
2024-07-13,44,5,29562.53,20474.174318526704,17232.330522330598,16068.411
2024-07-20,44,5,12256.78,22057.356631787457,18264.714199355076,16352.192
2024-07-27,44,5,18393.42,20708.426884904133,17311.43822938731,16372.207
2024-08-03,44,5,13579.42,19252.66633296234,17635.51515335033,15500.313
2024-08-10,44,5,14253.68,24604.505051922715,16726.18175069012,16213.727
2024-08-17,44,5,23528.03,22175.24210462592,16399.437417791814,15979.968
2024-08-24,44,5,14786.99,21187.948568492786,19450.37334095436,17676.818
2024-08-31,44,5,9982.32,27569.721844082946,19266.743707466558,16830.26
2024-06-01,44,6,17957.77,24442.756679731705,19363.700404018036,17442.936
2024-06-08,44,6,3053.3,18715.471561539154,18848.396344629105,17509.299
2024-06-15,44,6,23629.61,23282.586983061447,17057.216226174565,16174.353
2024-06-22,44,6,14494.55,21173.926533120655,16981.29326611793,16545.896
2024-06-29,44,6,20945.21,18384.35007093651,16552.873582125438,15862.416
2024-07-06,44,6,35673.65,34853.02831212474,29396.016221792008,21325.06
2024-07-13,44,6,17072.53,22097.73421931915,19662.348798106672,17470.025
2024-07-20,44,6,7162.6,22897.3099079775,19228.99487906862,17446.848
2024-07-27,44,6,3759.3,21659.94018793576,18403.93187902541,16813.223
2024-08-03,44,6,14566.09,20723.59503028573,20932.730118836258,16095.961
2024-08-10,44,6,11492.96,25385.242333907197,16726.282018188696,15823.819
2024-08-17,44,6,6570.27,22121.42321231983,16273.156158981335,15896.216
2024-08-24,44,6,22013.12,18881.371548535404,16150.899416266888,14781.719
2024-08-31,44,6,6706.79,25326.821037124842,17024.872119768803,15302.347
2024-06-01,44,7,17658.27,23232.283510163186,18123.281598590467,17554.287
2024-06-08,44,7,10400.82,18534.79367772262,19114.796957034363,17728.102
2024-06-15,44,7,10553.27,23016.093101863895,17327.097279784022,16580.12
2024-06-22,44,7,17753.5,19749.819079276647,16596.935728343615,16382.099
2024-06-29,44,7,18599.75,17589.99369905342,16114.300186818215,15900.127
2024-07-06,44,7,6682.13,33936.773130205154,33390.394388224886,22671.406
2024-07-13,44,7,3557.13,19061.64504308503,16418.904427802318,15679.19
2024-07-20,44,7,26092.36,19191.00827094398,15412.301100794342,14525.326
2024-07-27,44,7,22333.99,20069.42947031888,15891.873673606759,15408.649
2024-08-03,44,7,15176.32,19125.36955547701,16440.77134930568,15925.315
2024-08-10,44,7,6939.93,24093.208252734068,16750.102174195934,15730.132
2024-08-17,44,7,31546.19,21816.371925522864,16660.090823683742,15708.278
2024-08-24,44,7,6866.34,20617.22252305408,16743.378784161818,17178.58
2024-08-31,44,7,20852.19,26138.783612717576,17080.26021968614,16618.523
2024-06-01,44,8,16617.94,26109.92376037698,20329.501775290773,19477.71
2024-06-08,44,8,24736.61,20469.32879834631,20533.78541298199,19689.809
2024-06-15,44,8,7883.51,25202.715270046785,19879.66652416537,19837.395
2024-06-22,44,8,9881.34,23001.8713235889,19910.54869424315,18961.35
2024-06-29,44,8,18770.41,20009.4081890581,19090.27142156735,18306.346
2024-07-06,44,8,32189.57,35135.61805893942,28868.34601747417,24591.117
2024-07-13,44,8,20998.13,22140.108506487137,19827.821774174972,18567.994
2024-07-20,44,8,7345.94,22816.414461464534,19800.18547235361,18594.531
2024-07-27,44,8,30361.69,21273.966943118496,17060.19115054813,17818.19
2024-08-03,44,8,17940.52,21612.703399905127,19411.084853117667,18179.59
2024-08-10,44,8,13525.26,25997.550474719443,18840.841981926806,18815.254
2024-08-17,44,8,26777.4,24159.31324667359,18706.102443845015,18452.398
2024-08-24,44,8,8642.77,22670.078896647923,19917.021133360417,18765.986
2024-08-31,44,8,27155.78,28043.131702469153,19792.442754188254,18499.871
2024-06-01,44,9,6175.97,22975.805728389554,17311.176148224866,18167.904
2024-06-08,44,9,13324.94,17052.603276004265,16791.752421057878,17122.182
2024-06-15,44,9,7555.67,22249.708965127225,17073.808213274522,17031.09
2024-06-22,44,9,32677.47,19129.385213423688,16734.260912679896,16580.225
2024-06-29,44,9,22176.88,18474.055550233352,17289.476013960662,17283.111
2024-07-06,44,9,30205.42,34978.813875980995,31449.78423267463,23187.066
2024-07-13,44,9,31216.59,21924.53752427725,19744.446156957543,19085.781
2024-07-20,44,9,27861.95,22324.958798854874,20281.40625949002,18769.814
2024-07-27,44,9,11197.46,22267.244276686317,19700.29656342747,19241.672
2024-08-03,44,9,18738.15,22635.19541420618,20879.316721628085,20169.326
2024-08-10,44,9,15178.55,28480.50373719667,20643.19356350896,20331.965
2024-08-17,44,9,28025.16,26702.90344462645,20882.971587250977,20357.486
2024-08-24,44,9,28116.03,23653.506858704888,21083.451896935614,20792.545
2024-08-31,44,9,18477.1,29925.388549667092,20326.89454507305,20802.9
2024-06-01,44,10,26563.69,23289.364773267902,17594.896407347172,17966.434
2024-06-08,44,10,24213.89,18622.921822520548,19156.26357439857,18809.785
2024-06-15,44,10,11297.11,22421.80210940643,16235.031237865716,18017.701
2024-06-22,44,10,3257.91,19695.410966383562,16759.489205983402,18142.096
2024-06-29,44,10,26976.0,17612.24237879605,16149.003023701382,16513.135
2024-07-06,44,10,18073.0,35116.41770484003,32058.32947642192,23134.701
2024-07-13,44,10,21828.93,21166.409408900305,18123.692633268103,19116.574
2024-07-20,44,10,6073.9,22014.868459553145,19604.168893360387,19229.57
2024-07-27,44,10,33604.7,21294.991052236088,17302.865276182158,18228.355
2024-08-03,44,10,34977.59,21083.333775281484,18802.057655467648,19297.81
2024-08-10,44,10,16706.16,27155.427669948498,20849.57627833836,19264.268
2024-08-17,44,10,23677.75,25173.7240942602,20438.356310429765,19286.045
2024-08-24,44,10,15674.08,23384.910717548242,21827.958757976074,20206.967
2024-08-31,44,10,19357.84,29169.930431886547,20195.211437239916,19740.76
2024-06-01,44,11,34601.83,30129.588913957705,23190.867022863138,23683.139
2024-06-08,44,11,30696.28,25689.865793039746,23197.43950844971,23503.697
2024-06-15,44,11,3298.16,29477.77644088454,24064.76696519854,23115.014
2024-06-22,44,11,30592.12,26721.61447999301,24787.71674750397,23257.49
2024-06-29,44,11,27147.87,24962.9245076879,22314.149254022053,22202.605
2024-07-06,44,11,35252.37,40038.33909850652,29274.0382493753,27692.379
2024-07-13,44,11,9938.23,25544.87622221256,22845.316698439525,23130.742
2024-07-20,44,11,22069.29,26364.017641499595,22345.09480701677,21969.918
2024-07-27,44,11,4111.77,25174.293911490153,20991.37398594287,20898.139
2024-08-03,44,11,27015.5,22970.09302213996,21129.722783755264,19703.277
2024-08-10,44,11,6844.26,27325.302152178578,19451.806204936238,19880.38
2024-08-17,44,11,14809.21,25584.07655149303,18792.073491563733,19409.023
2024-08-24,44,11,20506.66,21610.842230741364,19552.578716716856,19770.035
2024-08-31,44,11,25482.95,27210.049147037265,18329.219260316506,18664.943
2024-06-01,44,12,33640.75,24617.12541197113,19542.87207688181,19941.521
2024-06-08,44,12,6828.28,20281.56662603734,19924.070949604364,20567.836
2024-06-15,44,12,30562.71,24578.839714271504,19721.940718363083,19711.102
2024-06-22,44,12,3703.28,22224.98879772523,20484.80063209531,20617.834
2024-06-29,44,12,14908.08,20706.10964974173,21269.78797096163,21230.365
2024-07-06,44,12,26641.69,35064.00475123413,31387.62234151202,22670.574
2024-07-13,44,12,25584.58,21732.190051438316,19596.38945609771,20438.002
2024-07-20,44,12,18332.92,22871.44887087479,19742.03323217034,20790.668
2024-07-27,44,12,38230.7,21884.004455264214,19460.749026225734,20058.125
2024-08-03,44,12,38153.8,21685.13471531149,19977.34114232802,20866.191
2024-08-10,44,12,14006.66,28929.334599648457,20526.04816306659,20653.875
2024-08-17,44,12,15841.78,26160.018823329505,21004.438226273032,21414.104
2024-08-24,44,12,31752.53,25014.920787278286,22787.622385726223,21678.951
2024-08-31,44,12,39039.62,32349.46600518217,22602.414426028274,23333.172
2024-06-01,44,13,38487.74,26815.21203744057,21047.323894917554,22076.707
2024-06-08,44,13,35044.89,23930.16577915611,22449.702943208395,23953.057
2024-06-15,44,13,21022.2,29351.14622830126,25428.15405772038,23322.682
2024-06-22,44,13,30054.05,25481.79618705037,22878.5263416894,22524.184
2024-06-29,44,13,35612.71,23946.946945426294,22351.9089209045,23212.725
2024-07-06,44,13,17647.14,40971.185789219846,30780.27564678991,32238.312
2024-07-13,44,13,9863.71,26360.80603307781,21832.86818273074,23944.598
2024-07-20,44,13,25569.02,27330.18661083596,22586.431307285304,23208.064
2024-07-27,44,13,5200.58,26954.678108711443,22055.512973348166,22861.514
2024-08-03,44,13,36147.3,23248.055848395867,21393.778312671184,21539.15
2024-08-10,44,13,17288.16,29175.628370336322,20853.96493866715,22654.676
2024-08-17,44,13,35678.01,26592.12033246043,20783.364679027567,22049.494
2024-08-24,44,13,26044.2,24264.43560770271,22138.07935154398,22805.434
2024-08-31,44,13,5412.22,29017.29693563238,21246.52316476105,21892.66
2024-06-01,44,14,12800.64,29855.24919395637,22867.570507828066,25522.908
2024-06-08,44,14,11855.0,24313.512538916242,23924.723491603476,24637.545
2024-06-15,44,14,8150.3,27191.106616253943,21360.008444869985,23249.145
2024-06-22,44,14,5365.18,23782.46261124417,21099.77899240422,20885.902
2024-06-29,44,14,32630.24,18766.102672473673,17691.80462669994,20171.623
2024-07-06,44,14,49409.91,37102.89475772485,29421.284862550445,25771.258
2024-07-13,44,14,21406.21,24518.53132146759,20908.54996917366,23053.467
2024-07-20,44,14,30679.36,25128.485352192387,22870.483273185786,23592.422
2024-07-27,44,14,23272.78,23344.82351923894,21419.652240559477,22610.373
2024-08-03,44,14,17345.59,23701.94520470108,22648.541038880358,22260.145
2024-08-10,44,14,16819.72,28076.67123221371,21299.223179694567,22744.129
2024-08-17,44,14,36309.28,27061.579870622605,21926.47105132852,22810.932
2024-08-24,44,14,28595.97,26895.10980757422,23308.59910588731,23736.125
2024-08-31,44,14,8181.3,32436.583232476638,25944.713425479735,24086.33
2024-06-01,44,15,10897.63,24823.776836282108,20789.033856951442,21943.873
2024-06-08,44,15,13430.91,19447.83085722276,19595.948569312073,21823.006
2024-06-15,44,15,23961.15,23998.6098889431,22009.771543681123,21719.986
2024-06-22,44,15,25774.68,22055.2915384098,20447.09730598218,22012.43
2024-06-29,44,15,27211.16,20990.915958281345,19463.19625557574,22087.385
2024-07-06,44,15,10468.92,37611.349513010886,24668.25277553936,27222.52
2024-07-13,44,15,12330.7,22992.218069743067,20497.374130546916,22878.21
2024-07-20,44,15,16909.03,22950.805795239496,19923.458783946917,21740.883
2024-07-27,44,15,14098.47,21579.872150835014,20640.90801956166,21164.379
2024-08-03,44,15,36259.27,19831.83912993993,19478.99728553833,21418.105
2024-08-10,44,15,13344.26,27632.172221152585,19926.018370340254,22199.473
2024-08-17,44,15,38099.32,24607.79653029798,18979.99060354619,21583.543
2024-08-24,44,15,7390.73,23114.96257434517,20900.888687017636,21992.777
2024-08-31,44,15,15263.64,28648.217445123875,21878.35332068359,22979.426
2024-06-01,44,16,31047.72,25678.90400720147,21072.313803880574,23209.736
2024-06-08,44,16,17098.7,21580.849123578395,21679.709867080026,23199.021
2024-06-15,44,16,30624.83,25569.125255782055,20655.935853807605,23286.201
2024-06-22,44,16,36453.28,22546.529111379212,21614.55999643622,22666.283
2024-06-29,44,16,11678.97,22327.34372032674,20797.990543671913,23779.562
2024-07-06,44,16,31609.13,38687.94008546079,32155.66724428197,31475.355
2024-07-13,44,16,36899.3,26413.74504243336,21391.57594972219,25559.027
2024-07-20,44,16,42150.3,28202.98119140011,22992.50853337559,25412.176
2024-07-27,44,16,16441.53,28043.165383655694,22325.13407717507,25575.998
2024-08-03,44,16,32160.16,25746.480460522347,23155.54881001479,24834.03
2024-08-10,44,16,7859.25,32147.942210229776,22843.394310778924,26009.348
2024-08-17,44,16,38656.49,29598.549633150455,23690.82030896062,24696.176
2024-08-24,44,16,7988.34,26946.14989638634,24395.545918834527,25562.342
2024-08-31,44,16,8789.58,33289.71884322821,23455.732821929672,25607.416
2024-06-01,44,17,26593.22,27054.583058898264,22986.94937912366,24510.041
2024-06-08,44,17,18438.17,23553.86551389531,23594.787877036055,23967.496
2024-06-15,44,17,38415.79,27134.22012927133,21125.656474824835,23334.502
2024-06-22,44,17,24987.33,25380.455240169278,22048.385536976126,25010.076
2024-06-29,44,17,4641.9,23096.045531360265,21542.58218425852,24917.111
2024-07-06,44,17,15926.58,39016.510533564164,31571.886300238963,29039.803
2024-07-13,44,17,5848.45,23845.876009274056,21512.605264754417,22745.057
2024-07-20,44,17,37089.38,22396.46309538887,18632.748832238976,21458.145
2024-07-27,44,17,12098.02,24694.177616666442,22139.41660905616,23890.654
2024-08-03,44,17,13540.95,22260.44467861319,22525.16849321327,22275.348
2024-08-10,44,17,6352.19,26822.542563761395,22398.238426582826,21971.81
2024-08-17,44,17,7702.53,23117.999201621373,19716.119488653934,19987.43
2024-08-24,44,17,40507.12,17872.31107808125,15788.864223631326,18778.594
2024-08-31,44,17,27045.32,28344.461729616538,21352.503278392363,21633.88
2024-06-01,44,18,32380.24,28065.412436268707,21688.6708664166,24180.77
2024-06-08,44,18,12977.6,23881.013670095075,22661.18627498178,25112.973
2024-06-15,44,18,29368.74,27558.95740831762,21732.24553892379,24778.33
2024-06-22,44,18,33334.45,24751.145873189605,21832.45651073428,24914.709
2024-06-29,44,18,37213.48,23577.724537150585,21355.84898384794,24746.19
2024-07-06,44,18,41232.79,39861.0203800478,29897.001761309326,29668.65
2024-07-13,44,18,40947.24,25094.16176767415,22251.67795736306,24503.379
2024-07-20,44,18,9550.47,27699.863400371665,25349.67026165735,25654.682
2024-07-27,44,18,22151.63,28415.407826068564,23524.78792095091,27429.97
2024-08-03,44,18,13476.55,27290.569370545032,24455.69679757995,26495.629
2024-08-10,44,18,34583.83,32624.187712250234,23865.681325419322,26139.3
2024-08-17,44,18,9820.79,30070.042044278103,22701.699121974474,25346.963
2024-08-24,44,18,37954.46,25847.66287195534,23653.218982215356,25390.002
2024-08-31,44,18,6980.72,32361.17909083388,23420.60397647838,24069.725
2024-06-01,44,19,7225.27,27576.757246761357,23375.002571550125,24469.486
2024-06-08,44,19,41766.82,21601.53942760417,23172.920866306093,24681.377
2024-06-15,44,19,39484.87,28946.567945186842,22383.534044599986,25840.832
2024-06-22,44,19,18537.96,27145.443025382592,24012.211464760712,26763.895
2024-06-29,44,19,16412.05,23735.665505530676,22442.13490580708,25496.662
2024-07-06,44,19,55521.07,39410.614929505085,30071.45276978884,31258.965
2024-07-13,44,19,9320.52,28598.922091218396,24305.0935383717,28456.96
2024-07-20,44,19,10290.32,29670.019365391076,24320.605767967092,27544.918
2024-07-27,44,19,37767.26,27251.869884744447,22806.33846392865,26942.826
2024-08-03,44,19,39000.28,28925.36504108685,24574.188789999607,27488.852
2024-08-10,44,19,5867.39,32263.602686679755,23617.89188653454,27334.582
2024-08-17,44,19,39197.62,27861.3115431299,22699.161666218202,25045.428
2024-08-24,44,19,40648.09,26924.64876338339,24168.58088349644,25863.756
2024-08-31,44,19,35981.99,34664.64216573516,26771.766952775695,27759.64
2024-06-01,44,20,11834.02,32113.974400410407,32228.362166575633,28993.744
2024-06-08,44,20,6831.24,25915.988725452073,25339.22900982974,28668.172
2024-06-15,44,20,29779.16,30276.925202195758,24075.928698907504,27789.635
2024-06-22,44,20,16860.22,27420.435182798734,24446.57319511149,27755.95
2024-06-29,44,20,26508.74,23241.00675853186,21445.441174637064,25199.77
2024-07-06,44,20,14968.33,39230.88451180907,32998.91259080008,31944.662
2024-07-13,44,20,14352.55,22761.739924263944,22038.74908824634,25515.225
2024-07-20,44,20,14031.39,22192.976547863043,23598.327857702305,24419.293
2024-07-27,44,20,6418.27,20822.03418749018,17339.601227369814,23263.97
2024-08-03,44,20,20369.76,19163.52907543761,17008.64666534497,23621.643
2024-08-10,44,20,38607.86,25433.768478264974,21086.71391294866,23838.799
2024-08-17,44,20,43138.1,25033.88201772898,21966.68085995456,24122.719
2024-08-24,44,20,26249.96,24104.11027036653,23249.856071603834,26348.146
2024-08-31,44,20,17188.8,29018.15845382891,22012.087672560094,26715.29
2024-06-01,45,1,47736.16,59533.41681148379,48215.170347684616,49353.55
2024-06-08,45,1,55098.05,55144.98114392865,49789.77643535576,48979.906
2024-06-15,45,1,73997.39,67803.7564943549,47570.17145455215,45764.715
2024-06-22,45,1,51781.54,51829.37358663232,50910.12641523829,47067.82
2024-06-29,45,1,30917.57,53946.455308223936,42841.92802360467,44685.75
2024-07-06,45,1,36337.51,68456.45780899629,59829.2721159672,55722.953
2024-07-13,45,1,47881.14,61675.3897188647,49856.03275519623,48953.81
2024-07-20,45,1,58153.34,55862.75222270899,49230.79227752412,48547.145
2024-07-27,45,1,21835.63,53593.07771131192,44241.97184402881,47617.07
2024-08-03,45,1,11796.19,58121.318560777094,53491.39486576014,45597.945
2024-08-10,45,1,32834.47,57067.738979782946,49827.61484049102,49215.19
2024-08-17,45,1,70339.31,62100.35713953684,51504.238067842176,48735.383
2024-08-24,45,1,70607.52,60598.69695767931,54065.77572631223,51036.89
2024-08-31,45,1,21460.25,63437.35099326088,52359.61399860088,48864.887
2024-06-01,45,2,60383.18,62541.05653045959,54769.46253102488,52355.902
2024-06-08,45,2,7523.43,56606.010625691524,55162.83708753509,50654.797
2024-06-15,45,2,17127.49,64116.746235635066,57442.759528314484,56716.69
2024-06-22,45,2,62613.06,48414.66854305412,60830.646295784085,56802.793
2024-06-29,45,2,21517.8,56334.80003088651,56171.950064755336,52814.062
2024-07-06,45,2,72103.24,66131.96467312818,63539.85843095968,64233.113
2024-07-13,45,2,83694.77,61066.37914096451,55782.9795633172,53829.24
2024-07-20,45,2,82979.77,60995.85816693791,56704.71756577741,49063.035
2024-07-27,45,2,71613.24,55038.95938634256,56166.68149742318,49880.977
2024-08-03,45,2,29508.66,58243.94591451542,56357.58292315619,52598.67
2024-08-10,45,2,42285.83,64034.87310492622,52265.83849977831,48244.78
2024-08-17,45,2,43912.53,73799.16369412318,53995.11698632683,49750.953
2024-08-24,45,2,60958.95,68921.65215975969,51852.832157525954,50972.58
2024-08-31,45,2,69248.92,70811.29225873936,50107.309277926295,52314.965
2024-06-01,45,3,25736.88,65462.16879126647,55233.779460434904,50546.406
2024-06-08,45,3,15070.65,63543.036083774416,55596.56718927053,51184.867
2024-06-15,45,3,57290.71,71783.55311520785,53187.70147354718,53781.05
2024-06-22,45,3,38716.67,57422.345595286715,52629.955548807935,54773.805
2024-06-29,45,3,91414.96,60040.36011275215,53833.04665525895,54751.824
2024-07-06,45,3,15715.3,74948.73530682237,78699.27364171771,66876.55
2024-07-13,45,3,58254.07,62895.820234078965,55774.521862132206,55580.836
2024-07-20,45,3,27119.42,59366.6364470357,56386.10903902792,55155.78
2024-07-27,45,3,89064.66,52758.69554746179,60903.50370159925,55446.465
2024-08-03,45,3,69426.98,62039.78017890128,58517.672316291195,54581.332
2024-08-10,45,3,86073.69,64605.55637350222,56122.32055219904,51993.797
2024-08-17,45,3,18197.7,73476.32609390427,55011.48236011888,50115.15
2024-08-24,45,3,12154.85,70124.65941362144,56498.77432549193,50925.69
2024-08-31,45,3,10564.38,67364.35066490958,60820.68239196665,58498.727
2024-06-01,45,4,81033.17,57138.77016693664,55979.85630219467,55394.44
2024-06-08,45,4,35733.46,56279.413491950785,57811.11202158059,54940.594
2024-06-15,45,4,8507.84,66090.5819581736,59346.28000534968,55559.98
2024-06-22,45,4,97519.03,49902.50811115385,59655.059136819465,56520.59
2024-06-29,45,4,78020.93,62581.98451112254,59514.99791129506,54991.49
2024-07-06,45,4,85831.2,75427.15755405548,75078.12452918386,67346.53
2024-07-13,45,4,77824.01,69202.73782049216,69473.86112303921,59647.67
2024-07-20,45,4,32141.31,64611.16625247786,63457.41370264467,56849.473
2024-07-27,45,4,98012.43,60858.289919714756,63538.094109540594,55981.426
2024-08-03,45,4,49609.27,69301.10329758553,63465.760984638546,51542.984
2024-08-10,45,4,71405.83,71090.16130859678,63768.34632887555,57692.055
2024-08-17,45,4,32998.56,81655.33463425803,68451.94677144135,54359.137
2024-08-24,45,4,28018.26,75002.68495835026,64277.74291189872,54966.39
2024-08-31,45,4,82642.82,71037.54367399035,63045.44547305079,55517.3
2024-06-01,45,5,102194.45,75215.25568022628,71431.06809780322,58566.227
2024-06-08,45,5,25107.88,69192.17803178728,70831.5509718368,59863.312
2024-06-15,45,5,36407.15,80473.61810154622,74436.49827646864,63058.586
2024-06-22,45,5,49579.84,63738.88208934361,64763.49733804346,60149.953
2024-06-29,45,5,75795.91,70863.15929554278,64990.53794144793,59863.934
2024-07-06,45,5,52406.21,79060.64123531911,79521.92991978458,75146.77
2024-07-13,45,5,54421.04,68142.47723970731,61844.04544243666,57129.26
2024-07-20,45,5,43697.62,64697.95658596495,63463.70146276247,54936.25
2024-07-27,45,5,75262.43,55956.84701355137,62298.85498035703,57221.863
2024-08-03,45,5,14783.87,60130.99166309187,59041.45181672599,54647.113
2024-08-10,45,5,29794.27,61965.97174483838,57830.23507380152,55995.188
2024-08-17,45,5,51412.26,69320.81454172073,56096.090693460304,54226.742
2024-08-24,45,5,80945.54,66957.5827026288,57517.66679039713,56347.992
2024-08-31,45,5,77240.66,67387.03797127894,55734.37612250065,54083.82
2024-06-01,45,6,102750.29,70018.32149456852,64908.60300058571,60413.06
2024-06-08,45,6,51024.52,66806.17552373439,71186.47058601529,63426.7
2024-06-15,45,6,87171.68,74018.05325836752,64716.412000289594,62025.164
2024-06-22,45,6,26602.49,59723.0378947918,64661.39191804161,60795.25
2024-06-29,45,6,77315.72,69238.19771878957,65830.77376728479,59229.418
2024-07-06,45,6,87320.72,81406.84640710676,86506.70590902035,80789.695
2024-07-13,45,6,95260.41,76327.94871193924,72352.46634034319,64460.605
2024-07-20,45,6,75740.69,74760.29519269732,73113.51959033954,63368.08
2024-07-27,45,6,22516.72,64929.45970728642,71839.49442195085,62818.297
2024-08-03,45,6,45422.09,70107.86291621393,66193.76422300815,57174.445
2024-08-10,45,6,109167.56,71134.44426371416,65374.93851432505,60324.137
2024-08-17,45,6,33788.89,81206.38086073345,67025.18934867908,63003.21
2024-08-24,45,6,71990.04,77421.27559521166,67808.47158748399,64149.098
2024-08-31,45,6,41058.48,76663.23159885625,67158.62252951402,60134.78
2024-06-01,45,7,113757.99,69749.99288578969,64983.85259797684,62401.426
2024-06-08,45,7,38690.93,67838.22035019862,70126.75985362493,64083.48
2024-06-15,45,7,45889.22,74800.85537365716,65736.31725512956,63773.01
2024-06-22,45,7,111346.76,62161.19047615922,67574.92494388093,63179.105
2024-06-29,45,7,101799.84,71072.03132688574,72056.02045630934,62711.766
2024-07-06,45,7,94556.04,84467.8109969692,94198.55581868462,82163.41
2024-07-13,45,7,75574.33,80344.5997574837,72458.07682624666,65333.145
2024-07-20,45,7,99452.27,75902.88282935938,71682.54113854084,64102.668
2024-07-27,45,7,46328.84,70876.47459224728,75939.84896622071,67426.96
2024-08-03,45,7,75927.58,74857.19647750794,72088.01906232287,62418.81
2024-08-10,45,7,93395.75,77803.96688026478,72482.1667434128,65396.203
2024-08-17,45,7,70908.7,88855.47719225523,77370.15582823257,66663.35
2024-08-24,45,7,90097.36,81355.0468503433,72447.8227963376,64373.445
2024-08-31,45,7,54332.14,79788.51693112473,71604.14680297046,64337.457
2024-06-01,45,8,83408.22,72147.51525927815,65983.33237222362,65170.0
2024-06-08,45,8,15620.08,67555.93844188438,65774.6455468113,63599.727
2024-06-15,45,8,103203.91,80605.25667503197,69523.43968851339,68528.5
2024-06-22,45,8,74360.78,64027.89795988725,65867.43762819358,68656.87
2024-06-29,45,8,39191.86,70132.92766730336,66489.0225673352,64392.16
2024-07-06,45,8,60968.96,81297.4144430527,87666.24349630911,83848.38
2024-07-13,45,8,68612.82,72339.79225992039,66006.77750748576,63864.79
2024-07-20,45,8,27958.69,64772.4363454949,63589.16753276524,62278.92
2024-07-27,45,8,118719.57,58967.816519021384,63886.33048388971,63431.176
2024-08-03,45,8,17156.39,70511.26202987891,67810.62421957593,63040.445
2024-08-10,45,8,54658.26,72086.76005436532,69495.57231351778,69028.69
2024-08-17,45,8,50081.99,75860.57973122309,67877.86429982028,65955.42
2024-08-24,45,8,28480.39,72131.07650451263,70997.74336134606,63969.402
2024-08-31,45,8,16118.26,67337.26726149846,58109.901978823764,63995.996
2024-06-01,45,9,67381.94,64051.95703530347,61763.55973444075,63566.703
2024-06-08,45,9,51936.8,57385.705992213516,64000.62693583509,62657.06
2024-06-15,45,9,119665.12,68072.66665882495,63635.05395581543,64404.984
2024-06-22,45,9,22899.91,60276.99618130267,64985.059468732026,68012.71
2024-06-29,45,9,91122.89,62292.90289510157,67939.50833278811,67148.42
2024-07-06,45,9,106630.05,78666.52463445798,83591.79784330142,84779.1
2024-07-13,45,9,19728.71,74131.3237220473,77722.84221702575,69973.586
2024-07-20,45,9,82142.13,69109.08011240957,68933.20621282911,69332.96
2024-07-27,45,9,100831.83,68013.45515521662,71241.88817108914,69677.85
2024-08-03,45,9,56899.88,76953.06821320328,72951.55897642612,69203.086
2024-08-10,45,9,18475.8,75329.91627353043,73545.1411452188,72182.664
2024-08-17,45,9,15179.51,77171.33105784841,65369.59874873082,66960.09
2024-08-24,45,9,34851.53,75544.19543946709,67703.56160962298,70103.04
2024-08-31,45,9,112139.26,69311.71037027321,67943.7385256794,66755.22
2024-06-01,45,10,40516.89,70802.14719342516,67407.09507451691,69100.18
2024-06-08,45,10,112796.51,63729.17047164107,67648.7751438576,67393.64
2024-06-15,45,10,99567.07,79398.92568392403,71600.91641401497,71375.63
2024-06-22,45,10,17956.39,66932.82210244716,72753.96444825457,71768.01
2024-06-29,45,10,59725.32,69551.45204666295,71173.88715374684,70390.14
2024-07-06,45,10,95590.48,84329.79121086048,90452.34852966967,86742.414
2024-07-13,45,10,85478.02,76848.56313689359,68726.91401396095,68378.43
2024-07-20,45,10,102457.71,75334.00377113969,73731.62295414582,72148.81
2024-07-27,45,10,22612.79,67338.63303034543,72904.86282482266,70448.555
2024-08-03,45,10,110474.03,75250.05210233034,72653.2945870722,70366.7
2024-08-10,45,10,26530.61,76474.83158492984,74056.03890542164,72727.19
2024-08-17,45,10,99372.09,81139.94655150178,70222.0331260599,70431.49
2024-08-24,45,10,37758.65,82409.03324398029,75986.45408402281,73208.85
2024-08-31,45,10,84295.6,81675.37640490785,74537.83957725069,72907.625
2024-06-01,45,11,116035.56,81209.54030621386,73478.13881491426,74573.69
2024-06-08,45,11,24383.63,79439.41516444107,80037.5030844694,75304.766
2024-06-15,45,11,65729.42,82648.69844853689,75093.91553693172,75831.195
2024-06-22,45,11,64281.05,66407.59564152866,74613.65013315734,77248.695
2024-06-29,45,11,21028.18,73394.36826676154,72789.49457293614,72997.27
2024-07-06,45,11,150328.52,78849.38153454105,77699.55308217174,87599.26
2024-07-13,45,11,61314.99,84450.06066987404,81000.69317246317,75202.14
2024-07-20,45,11,35848.61,78181.00876498347,77970.95006446625,75080.305
2024-07-27,45,11,107640.46,68035.92533662345,80181.17037162023,73676.12
2024-08-03,45,11,96735.01,74389.31479137286,82242.80673860334,71590.32
2024-08-10,45,11,20914.66,75924.09997336517,73649.68222276392,72996.63
2024-08-17,45,11,65913.31,81363.52024165847,73636.23777238873,73800.17
2024-08-24,45,11,83421.54,79199.80896145865,72526.97738526903,73726.99
2024-08-31,45,11,46874.52,83084.58666230371,75526.11487070136,80102.61
2024-06-01,45,12,114137.99,76701.14769591045,73625.0698939241,74778.84
2024-06-08,45,12,97573.54,75796.93085675643,79321.75136645086,76425.19
2024-06-15,45,12,82339.05,88659.22699413061,78200.87493354101,69652.914
2024-06-22,45,12,100866.02,70784.48966175766,78344.78177201642,75901.79
2024-06-29,45,12,73415.88,74921.00791342117,76266.2186445044,75494.83
2024-07-06,45,12,22318.09,89774.32229004611,101763.2007395017,92701.39
2024-07-13,45,12,21437.0,80846.47304774338,73557.61093895092,74510.875
2024-07-20,45,12,87290.4,75542.38159701627,74829.38540366202,77349.22
2024-07-27,45,12,29033.31,71419.1779635089,74094.74999343112,75331.02
2024-08-03,45,12,39780.07,70181.17714041146,67389.16128080647,70068.2
2024-08-10,45,12,122687.26,66013.09285869953,67400.5046766652,68791.35
2024-08-17,45,12,57654.75,78583.52817282427,70924.08257908282,71662.445
2024-08-24,45,12,67173.5,70957.49309623215,68539.21607764275,70193.39
2024-08-31,45,12,109841.92,70021.66063197778,68746.31339063922,70762.73
2024-06-01,45,13,63999.11,82223.45582440775,76562.88281225372,78602.29
2024-06-08,45,13,37803.01,74552.33645112088,74691.63097652854,76704.12
2024-06-15,45,13,75984.94,85755.59676532052,75878.58624872846,76440.875
2024-06-22,45,13,78229.0,65855.77738448753,75513.7828317018,77530.09
2024-06-29,45,13,58705.41,70908.66363344077,74736.01919838505,76176.305
2024-07-06,45,13,14426.19,78525.22615377442,88921.30734858943,105513.98
2024-07-13,45,13,131107.06,70466.87087560137,66374.48580213648,73534.16
2024-07-20,45,13,32758.39,71066.99463778277,74577.34836374613,74675.13
2024-07-27,45,13,92159.13,65412.504931478885,73695.13530920958,76217.28
2024-08-03,45,13,139011.07,72787.50885967724,87804.35382165288,74272.36
2024-08-10,45,13,128334.91,79806.47541055948,80995.19954956205,77791.81
2024-08-17,45,13,37526.34,88605.82995777938,77382.92513947347,77925.83
2024-08-24,45,13,98261.84,82613.83756017708,75877.15939376637,80306.266
2024-08-31,45,13,45232.74,87808.83748821894,77120.27269165346,80548.71
2024-06-01,45,14,121231.45,79915.41938639883,77348.28590786434,78378.33
2024-06-08,45,14,28886.85,75971.24470560774,81373.40223039137,78792.164
2024-06-15,45,14,56194.09,79699.97794473852,76240.19324357893,79665.41
2024-06-22,45,14,127164.75,64431.24523718481,70354.83543659454,76395.77
2024-06-29,45,14,77420.66,77317.00066580181,78515.18296474342,80553.48
2024-07-06,45,14,154328.21,87064.96432560566,98882.01868667406,95028.56
2024-07-13,45,14,66879.79,84042.34109824908,85347.4269408946,88338.09
2024-07-20,45,14,128764.4,82967.25676183894,83084.22726320816,83531.805
2024-07-27,45,14,134691.19,79962.52316407612,82971.63519528929,81087.15
2024-08-03,45,14,101642.14,87254.8878253504,84790.7822226866,80908.5
2024-08-10,45,14,126277.39,90473.95932965036,85219.35792795055,81845.66
2024-08-17,45,14,126796.72,100123.39564575488,89791.08268153992,82360.47
2024-08-24,45,14,28338.56,97332.96161596055,88346.24715943406,83301.92
2024-08-31,45,14,80028.52,99877.23553110872,88581.95577720467,81104.89
2024-06-01,45,15,29710.06,86169.24865235586,82205.59555808906,85667.266
2024-06-08,45,15,55250.02,75335.29059498754,83506.70945338916,86128.42
2024-06-15,45,15,94750.58,86614.84238166825,83087.34953526634,87895.555
2024-06-22,45,15,13591.36,70039.31854891722,79917.23981488514,86064.445
2024-06-29,45,15,118560.4,66992.54219652165,70157.32729895215,81734.09
2024-07-06,45,15,24907.21,81810.60207566229,98423.43641055154,93168.91
2024-07-13,45,15,131844.28,74611.20014924073,69853.66471098199,85068.484
2024-07-20,45,15,90590.98,77924.51471233318,84080.178877627,87002.98
2024-07-27,45,15,71296.05,68923.61195865908,89068.44963753209,89255.75
2024-08-03,45,15,144577.24,75843.1440840316,83242.60991411419,81248.71
2024-08-10,45,15,130824.97,81378.63901087324,80504.12980075438,83330.77
2024-08-17,45,15,18683.14,90727.95754979822,83845.1413193481,86154.47
2024-08-24,45,15,110851.7,91186.69606448492,84193.77161633754,89318.16
2024-08-31,45,15,123171.17,93333.74796422903,86650.48578238815,87310.97
2024-06-01,45,16,149190.79,84592.64807570432,85946.4233736354,85103.91
2024-06-08,45,16,94501.09,78662.2415086726,86340.30325539412,87707.14
2024-06-15,45,16,110132.05,83998.96747130371,84879.32166645837,88201.484
2024-06-22,45,16,16176.26,74902.95329089803,87288.39627972347,90124.69
2024-06-29,45,16,84786.45,86255.03800137449,87990.40073072811,89432.34
2024-07-06,45,16,30441.82,96685.41418433347,104504.13451085304,114467.69
2024-07-13,45,16,126929.2,88762.21445487262,85568.37557777062,87383.36
2024-07-20,45,16,97878.79,88463.69814118472,89455.85125124134,90211.516
2024-07-27,45,16,105547.78,77656.63645744792,86545.09256320722,86431.37
2024-08-03,45,16,97514.39,79426.74882766505,79885.76153423134,85860.875
2024-08-10,45,16,17667.53,76112.34475690246,85270.80026540173,87911.086
2024-08-17,45,16,63676.92,82818.27383846909,82334.16243014701,84032.19
2024-08-24,45,16,52595.14,83697.01403655982,80914.79971769966,87672.99
2024-08-31,45,16,89827.93,82057.8233610338,84192.79535919322,89289.195
2024-06-01,45,17,131150.2,83053.61937345419,88031.0648444875,84237.016
2024-06-08,45,17,102267.92,75859.3039455493,83898.30748467342,86367.4
2024-06-15,45,17,125705.47,82280.98731647094,80852.90310186359,82196.52
2024-06-22,45,17,97656.49,66663.57996127033,75323.60863931557,82846.375
2024-06-29,45,17,152342.12,77439.65989256583,83634.0949875742,87147.73
2024-07-06,45,17,117929.7,99083.29702485609,104477.8952358952,110545.43
2024-07-13,45,17,41869.3,94445.49066004262,90051.8790160838,85137.945
2024-07-20,45,17,29353.09,96157.31332893463,91344.03854469769,87840.42
2024-07-27,45,17,113250.79,87898.54828603103,95766.59898359705,90341.48
2024-08-03,45,17,75578.51,91438.56314843791,90674.1271952324,85947.4
2024-08-10,45,17,76637.1,87280.09953764878,87926.07508336655,87936.07
2024-08-17,45,17,85443.1,89828.1799218728,83636.16494329239,83262.34
2024-08-24,45,17,46927.95,83496.13675758155,82845.70745917312,83115.5
2024-08-31,45,17,145682.27,76930.01187976685,73654.18052290959,81447.91
2024-06-01,45,18,95316.82,90230.89942571291,91087.83876811387,93693.65
2024-06-08,45,18,75850.18,79508.72429340609,98484.8531631766,91369.93
2024-06-15,45,18,117518.23,89631.10758181705,93667.30684664921,89638.84
2024-06-22,45,18,98952.87,71559.58396339306,89729.34739767082,91727.836
2024-06-29,45,18,49364.44,76506.3684908296,86058.96302380308,87327.38
2024-07-06,45,18,106575.69,90523.86563040034,105169.03093554577,107474.05
2024-07-13,45,18,67950.12,86464.34652129293,88972.251867973,88295.69
2024-07-20,45,18,117008.11,85237.04318533093,92717.47231061604,85330.5
2024-07-27,45,18,142686.41,77271.69498855478,88652.33731618761,86365.414
2024-08-03,45,18,158975.63,86071.87029671401,87842.12825538851,85701.42
2024-08-10,45,18,149143.87,91875.34440629923,95158.12411508536,92048.5
2024-08-17,45,18,65556.33,97344.89343947134,93557.6758333827,87640.68
2024-08-24,45,18,95591.22,96960.29289274506,98445.73087599875,96184.914
2024-08-31,45,18,100250.68,102467.12124430476,99478.53489663969,90326.75
2024-06-01,45,19,26373.29,87437.82310052842,88377.14824145626,92369.586
2024-06-08,45,19,165221.62,74402.93404085032,91599.66363892327,90011.305
2024-06-15,45,19,46399.21,92448.71867042768,91177.8818054033,96769.8
2024-06-22,45,19,44039.08,80043.56369240969,92309.4027319457,102670.18
2024-06-29,45,19,42973.17,81338.51494931657,91795.34882906692,98142.72
2024-07-06,45,19,118951.6,91462.74717864738,90813.29284348534,108996.55
2024-07-13,45,19,31449.72,85547.17443090054,90561.29620486515,96478.86
2024-07-20,45,19,40903.28,75722.69117975413,94136.18703905187,94303.836
2024-07-27,45,19,145517.16,65325.034732996406,69487.05306036117,84080.94
2024-08-03,45,19,49143.21,82088.17984173764,93722.82334356154,93027.55
2024-08-10,45,19,88629.5,72981.12937213303,81552.90694310139,87961.56
2024-08-17,45,19,163043.16,81931.06874166141,89565.91909684359,89380.3
2024-08-24,45,19,167107.76,88449.28415496842,90025.59523364517,97838.086
2024-08-31,45,19,132758.59,95924.30554287223,89610.58122858279,93726.1
2024-06-01,45,20,118822.11,72674.75186492666,68411.06412983648,86922.664
2024-06-08,45,20,158899.91,71338.79458946682,90084.25425347206,90683.195
2024-06-15,45,20,38248.36,87700.18018995484,88637.40489048825,95943.055
2024-06-22,45,20,56202.38,73203.46049806377,107861.76291354214,96950.99
2024-06-29,45,20,113816.15,81303.56320722171,98602.06149681956,98828.88
2024-07-06,45,20,105201.17,96472.25165924669,115987.72530721048,114254.03
2024-07-13,45,20,110241.03,86859.97014817403,83280.69637744204,96476.43
2024-07-20,45,20,58826.97,85474.91806262109,87305.94331294164,88004.36
2024-07-27,45,20,42753.54,78254.9495935624,91897.82006429933,96789.5
2024-08-03,45,20,166429.36,80926.0552957613,88611.21874999732,95770.86
2024-08-10,45,20,111839.81,86298.23896246974,95572.618821372,98069.67
2024-08-17,45,20,117897.33,97149.20481025189,87300.74224113786,96413.414
2024-08-24,45,20,69490.46,95683.71089490267,88890.91209110756,99163.7
2024-08-31,45,20,127517.39,93123.77616237113,86516.60574176254,90001.555
2024-06-01,46,1,8199.23,15273.317024937765,17634.326101214865,17152.64
2024-06-08,46,1,23461.35,19371.292362352047,18718.50358247174,16193.976
2024-06-15,46,1,12245.39,19842.09007947871,17401.899125761483,16436.887
2024-06-22,46,1,14444.1,17278.400031071695,17696.238991636852,16521.986
2024-06-29,46,1,11745.7,10339.154002389216,17677.500218738278,16081.255
2024-07-06,46,1,30504.1,26217.917047753894,22782.951753707126,20366.414
2024-07-13,46,1,29471.33,15735.673099168118,15878.757325553703,15739.133
2024-07-20,46,1,20173.91,22842.08170311909,20308.36365507565,17436.686
2024-07-27,46,1,27573.23,19464.814952596927,19053.53576209153,17277.664
2024-08-03,46,1,2865.87,22429.55416295857,19822.587296586553,17401.615
2024-08-10,46,1,3290.62,21350.579534644858,20062.18258924238,17384.254
2024-08-17,46,1,7479.86,23974.641934614636,19183.98528250218,17301.104
2024-08-24,46,1,16170.76,24673.694523530423,18524.10990189905,16940.525
2024-08-31,46,1,29060.45,22503.27741034975,18726.27146914645,17733.012
2024-06-01,46,2,8287.07,15390.6563276651,17826.96032336089,16250.866
2024-06-08,46,2,27482.53,20894.01866928413,19210.565460982685,16503.672
2024-06-15,46,2,21385.84,21254.608102338578,17948.077874161965,16362.3955
2024-06-22,46,2,4715.65,19214.34443915153,19810.84363270124,17855.066
2024-06-29,46,2,26210.35,12642.04562865759,19022.70216860818,18349.94
2024-07-06,46,2,10062.52,30295.08763376635,26018.253501475705,22759.328
2024-07-13,46,2,14066.94,18479.642092425573,20059.1468652192,18046.918
2024-07-20,46,2,6052.3,22605.92083641729,19417.604547180643,18291.314
2024-07-27,46,2,17924.91,18086.12936164288,18101.745093651676,17052.389
2024-08-03,46,2,2979.13,20205.313574732427,17362.361502067415,16924.383
2024-08-10,46,2,24745.12,17680.041395477274,18406.359964542557,15676.306
2024-08-17,46,2,25291.86,21249.759881173544,17458.78533616887,15907.24
2024-08-24,46,2,6906.03,23321.62765065093,17035.579461819863,16235.635
2024-08-31,46,2,13299.54,20722.099203159116,19031.397221859377,16868.883
2024-06-01,46,3,27568.71,15344.339199412796,18437.750172460113,18100.174
2024-06-08,46,3,3901.72,21034.405553325334,19417.962634371463,18102.574
2024-06-15,46,3,9394.6,20160.10437948619,19282.26537154817,17465.459
2024-06-22,46,3,14213.2,18188.879805133787,18610.028755230123,17699.12
2024-06-29,46,3,20583.93,12260.152386466238,18029.29966687696,18366.02
2024-07-06,46,3,10211.98,27984.153115048517,22923.15144180134,22548.94
2024-07-13,46,3,10830.36,15452.279254869114,19053.927849901927,18159.168
2024-07-20,46,3,14403.51,20532.619733054504,19589.16246451456,17796.256
2024-07-27,46,3,6978.16,16790.134578195997,18283.60391287318,16598.771
2024-08-03,46,3,30628.41,17358.81158614104,18074.871997744023,16437.164
2024-08-10,46,3,21410.83,19046.1717551916,18265.5793222258,17565.33
2024-08-17,46,3,23606.39,22482.41933391257,19088.562786916526,18115.281
2024-08-24,46,3,28181.74,23586.48634238478,19181.060551591727,18403.871
2024-08-31,46,3,19858.42,22114.738118808433,21507.186316168656,19796.105
2024-06-01,46,4,5850.48,16351.964590345015,22429.108215987166,20008.297
2024-06-08,46,4,30832.29,20587.15226467218,19792.417636995917,18316.672
2024-06-15,46,4,32530.06,21890.391715041536,19107.741599124318,19089.385
2024-06-22,46,4,12996.99,19842.074354063312,22466.66033302412,19794.977
2024-06-29,46,4,32654.7,12116.994784764913,19940.77646042734,18766.682
2024-07-06,46,4,6172.12,29301.284331807714,28169.459257196617,23323.904
2024-07-13,46,4,32047.04,18095.41646391696,22085.085619484176,19230.35
2024-07-20,46,4,14450.72,24820.74671818954,22437.778654953647,19893.768
2024-07-27,46,4,24635.54,21953.371981859105,22258.895029102325,19876.832
2024-08-03,46,4,32305.94,24734.365806694637,23073.7570938431,21105.455
2024-08-10,46,4,33202.44,23242.739828454592,23013.15741274792,19730.639
2024-08-17,46,4,15586.71,25939.767257881525,23012.69147578931,20534.26
2024-08-24,46,4,23881.41,26786.994202384296,23130.836369070308,19814.094
2024-08-31,46,4,15442.27,25328.51740944344,22765.60988056643,20561.42
2024-06-01,46,5,26296.33,16362.15013671502,22636.92895057089,19739.41
2024-06-08,46,5,13935.47,21766.068263860376,22452.099157624325,19811.67
2024-06-15,46,5,34018.31,22443.9423582214,22565.82715759945,19715.041
2024-06-22,46,5,26967.15,21315.06960756043,23013.449765585734,20632.865
2024-06-29,46,5,23848.44,15979.820862451212,24623.93489964438,21993.537
2024-07-06,46,5,42312.75,32241.54465230622,30239.53835859392,27433.531
2024-07-13,46,5,10162.02,21871.55847396989,26458.36174562209,22013.447
2024-07-20,46,5,21397.02,26676.903673242967,24372.340903927976,21470.125
2024-07-27,46,5,35838.02,23715.636639300974,24887.770482027034,21472.775
2024-08-03,46,5,34299.19,27138.54341959367,27272.109455064205,22678.203
2024-08-10,46,5,11665.06,26325.676425357684,26350.337706127782,22847.39
2024-08-17,46,5,3224.29,27560.93508462265,26213.38214247755,22536.295
2024-08-24,46,5,15737.63,28126.76704592399,24035.31175067467,21008.246
2024-08-31,46,5,13968.48,26167.947582772016,23467.41681571288,20810.865
2024-06-01,46,6,11710.91,17968.270795892095,22876.83973302626,20434.873
2024-06-08,46,6,34537.18,23344.973021912345,22949.887841956843,21513.145
2024-06-15,46,6,20321.4,24724.252015954924,23651.37132099451,21522.1
2024-06-22,46,6,36267.73,21832.119482022055,23499.5111219896,21052.357
2024-06-29,46,6,14099.15,16042.21130587202,23973.5028265687,21763.93
2024-07-06,46,6,26329.14,31432.11931691508,28370.2304982135,25966.633
2024-07-13,46,6,32853.73,20036.82824702016,23554.32076088164,21209.818
2024-07-20,46,6,19782.12,26794.072887891998,25708.437968916056,22667.842
2024-07-27,46,6,12297.34,22596.75117119113,24149.874840737633,21699.84
2024-08-03,46,6,9769.48,25053.413150372813,24361.75055893098,21421.902
2024-08-10,46,6,8739.6,22881.69223939151,22983.71098122786,21306.656
2024-08-17,46,6,23289.44,24181.947799814137,22960.217107699824,20489.785
2024-08-24,46,6,12850.28,24394.177634986816,22812.220479653453,20822.145
2024-08-31,46,6,6228.09,22808.99279683167,22741.9043345443,20934.332
2024-06-01,46,7,28089.06,17401.043665635218,23075.83628202686,21100.57
2024-06-08,46,7,18277.29,23958.568809144992,22922.222902837013,21366.52
2024-06-15,46,7,24487.73,23089.72589456592,23068.691399331983,21012.129
2024-06-22,46,7,30399.75,18772.88121152021,22628.46987858135,20627.273
2024-06-29,46,7,6242.61,11381.135323935665,18898.53217799876,19439.521
2024-07-06,46,7,7818.95,28164.399087385944,26014.791723956238,24539.986
2024-07-13,46,7,12154.87,16615.330021936927,18853.062569138652,19134.213
2024-07-20,46,7,7805.97,23050.92064701517,20077.592681917475,20328.174
2024-07-27,46,7,35937.94,18217.03990682315,20064.411319066774,19732.2
2024-08-03,46,7,37994.56,22513.03742503641,22771.272254360636,20721.123
2024-08-10,46,7,20175.65,22529.48643460426,23497.745567053025,21565.15
2024-08-17,46,7,23304.93,24406.0510452362,23017.26391137455,20762.475
2024-08-24,46,7,15960.13,24323.49390006774,23077.614746847757,20354.314
2024-08-31,46,7,11635.01,24238.6778040426,23204.143056893503,20514.053
2024-06-01,46,8,7211.29,17200.654432424766,22893.621199152327,21152.037
2024-06-08,46,8,3803.24,22059.909425054175,20591.118016926383,21338.836
2024-06-15,46,8,41090.7,21105.31853766721,19422.6466403547,20548.195
2024-06-22,46,8,19797.64,21827.44590265149,24007.22199641837,23102.582
2024-06-29,46,8,38883.1,15031.32607009236,23741.493671110893,22653.648
2024-07-06,46,8,16075.09,31858.306341151918,28357.466518203582,27940.045
2024-07-13,46,8,31494.76,18591.74033486598,23148.683744883027,21143.785
2024-07-20,46,8,22175.74,24235.355672281454,22773.64966095124,21853.873
2024-07-27,46,8,27433.02,22093.964519115034,23254.152864745138,22348.709
2024-08-03,46,8,31888.03,24980.339871444383,26224.19112359297,23843.17
2024-08-10,46,8,21812.87,25263.61348294543,26209.918635464495,24548.17
2024-08-17,46,8,30937.56,26845.834008327933,26660.955408480466,24393.432
2024-08-24,46,8,30713.78,28343.05523354083,26244.42321386514,24184.25
2024-08-31,46,8,39607.05,26686.239357636572,26502.500639011418,24544.951
2024-06-01,46,9,24363.17,21380.051263837166,27413.730087529555,26341.04
2024-06-08,46,9,23237.28,28384.869645396357,27153.85891011675,26520.436
2024-06-15,46,9,26213.34,27757.34548075735,26790.51854486294,25253.879
2024-06-22,46,9,27684.27,23668.16855137337,26563.56334591251,24820.541
2024-06-29,46,9,24540.72,17051.80388202345,25758.167952091353,25333.893
2024-07-06,46,9,14865.74,32497.660285110906,32006.358294315025,29601.023
2024-07-13,46,9,36464.52,19607.795071136592,23549.70257262404,22829.34
2024-07-20,46,9,4019.64,27621.240564160573,25914.47586891547,24770.332
2024-07-27,46,9,25391.37,22776.254962063053,23263.767923769377,23064.53
2024-08-03,46,9,21063.72,25047.243027366712,23506.596392903113,23123.77
2024-08-10,46,9,5287.16,23899.576331984958,23332.441925039046,22786.64
2024-08-17,46,9,6501.07,24652.986807637215,22957.428510860147,22555.307
2024-08-24,46,9,9606.28,24305.157955349787,18978.994413283373,21555.822
2024-08-31,46,9,5838.96,21816.07124627257,19132.846055253187,20918.08
2024-06-01,46,10,22174.68,22925.468581305926,27111.21761935259,27021.545
2024-06-08,46,10,27943.14,27989.941234677768,26850.779374967966,25679.51
2024-06-15,46,10,39503.96,27035.33390992607,26911.961941273945,25005.717
2024-06-22,46,10,8008.29,24811.755233060263,26518.70071384148,25792.818
2024-06-29,46,10,24245.03,17551.747521390338,27170.692674414153,25043.29
2024-07-06,46,10,40142.33,35102.427947215976,31535.14326610194,30837.797
2024-07-13,46,10,39169.93,23401.5799166184,27372.274673323274,26030.814
2024-07-20,46,10,21459.16,28100.931968970966,27003.065699372863,26635.607
2024-07-27,46,10,6146.19,24290.84225442241,27120.330094897407,25642.758
2024-08-03,46,10,23673.17,26935.945571581797,26786.475370126627,26085.94
2024-08-10,46,10,16627.96,25413.110333426477,26491.48085964614,24092.068
2024-08-17,46,10,21006.35,25929.330436977187,23297.139302572556,23227.314
2024-08-24,46,10,19751.07,27293.190075106584,23851.26441233424,23170.506
2024-08-31,46,10,27535.81,24936.753235191638,23652.538381849863,23357.37
2024-06-01,46,11,23212.63,21252.2393790755,27222.200858091823,25581.516
2024-06-08,46,11,29009.33,27410.903455903106,26768.094874810322,26289.283
2024-06-15,46,11,10420.81,28921.581970387575,27948.97813497066,27575.12
2024-06-22,46,11,22725.24,24540.519981918515,26466.315577348312,26022.912
2024-06-29,46,11,12695.35,16744.201791325177,26089.38531031629,24958.477
2024-07-06,46,11,10510.45,31815.188901848276,29108.451356151967,28319.664
2024-07-13,46,11,43278.72,18518.086231800015,23370.315135619887,22961.645
2024-07-20,46,11,10576.3,25687.658802864375,22971.476996690613,23512.78
2024-07-27,46,11,22482.97,21663.157028677713,23862.141783399264,23731.719
2024-08-03,46,11,17274.89,23544.396506513825,23279.111850725923,23567.252
2024-08-10,46,11,15271.23,21919.12547703785,23286.618024190604,22618.41
2024-08-17,46,11,27660.06,23426.262972744982,23183.061214048466,22173.549
2024-08-24,46,11,18361.26,24791.359322266,23086.556774529312,22565.406
2024-08-31,46,11,41314.74,23819.736437843938,23148.193544748956,23174.873
2024-06-01,46,12,13508.25,16641.442821668752,23084.104940722063,23645.887
2024-06-08,46,12,44765.03,22865.337791547812,23043.964606046644,23540.285
2024-06-15,46,12,21024.57,26157.808654659064,25365.31686384887,24823.283
2024-06-22,46,12,22509.46,21615.826753309608,23924.47129492201,24638.107
2024-06-29,46,12,26441.09,15565.024729402001,23633.353716792517,24562.027
2024-07-06,46,12,37070.93,32630.056820657563,30991.95822065004,29138.377
2024-07-13,46,12,34494.27,21160.214333445096,26151.15276273102,25419.238
2024-07-20,46,12,10024.33,26379.37207059411,26277.784444126944,26060.268
2024-07-27,46,12,23002.64,24111.66549715444,26844.73448259428,26531.895
2024-08-03,46,12,42790.38,27264.352675711365,26628.350794235157,26667.162
2024-08-10,46,12,30551.58,26376.03982049982,26961.30717394375,26182.62
2024-08-17,46,12,45214.03,29280.07373089537,27398.882386290006,27075.273
2024-08-24,46,12,5027.25,30864.4757298451,29300.147607761734,28465.002
2024-08-31,46,12,5601.2,29738.87922084021,27442.735569025113,28292.088
2024-06-01,46,13,10285.51,20970.442758009158,26727.027935382706,26971.477
2024-06-08,46,13,23328.45,26793.788630067997,26494.616389484974,26321.639
2024-06-15,46,13,30747.79,26109.943669526627,25457.113591654015,26024.445
2024-06-22,46,13,35173.78,22367.12104436457,23673.329035270595,24453.135
2024-06-29,46,13,8755.53,15226.674201407724,23568.788453428406,24676.213
2024-07-06,46,13,54537.14,32093.754394361647,28221.243320102225,29100.19
2024-07-13,46,13,23702.2,22790.316212436388,28000.899057479106,28514.94
2024-07-20,46,13,4095.7,27854.005163361828,26152.618352600985,27812.334
2024-07-27,46,13,43775.21,24400.093876484083,24886.084170835504,26444.873
2024-08-03,46,13,33421.24,29488.520046344107,28757.290734455622,29711.346
2024-08-10,46,13,38515.56,27734.938788005566,26889.812600464862,28592.857
2024-08-17,46,13,34585.52,30609.977926481,27624.456204431863,28652.473
2024-08-24,46,13,25203.42,29605.57758840314,27150.69694767714,28141.168
2024-08-31,46,13,19112.36,29477.089143714424,28096.86639729365,28517.889
2024-06-01,46,14,41878.68,13533.67818716383,18805.832320909187,21123.035
2024-06-08,46,14,26672.22,21873.68133976721,19634.621399180385,24207.623
2024-06-15,46,14,47380.22,22146.18676367944,20064.57780648451,24552.066
2024-06-22,46,14,49754.87,21897.44940237976,25470.517313776923,26607.564
2024-06-29,46,14,38043.6,16895.676677078336,28346.577582577076,27523.99
2024-07-06,46,14,56545.51,34862.6133989368,32062.504618075498,35306.527
2024-07-13,46,14,15093.39,24988.07157517635,29698.197832162874,29618.242
2024-07-20,46,14,50749.93,33203.54829150008,30382.255400443115,31538.457
2024-07-27,46,14,33307.39,32789.47328395937,33228.7776116076,32605.75
2024-08-03,46,14,41248.37,34847.84449274588,33814.09333629498,32653.81
2024-08-10,46,14,16095.35,33464.89524549619,34164.30733158113,34019.88
2024-08-17,46,14,23607.17,34562.15075325862,31013.98174806865,30755.898
2024-08-24,46,14,9944.77,33247.52326645727,30175.581868024474,29241.088
2024-08-31,46,14,16104.48,30830.643392766702,30464.513915205192,29519.543
2024-06-01,46,15,12473.3,27366.138611732727,30319.065474017738,31194.871
2024-06-08,46,15,52296.27,31234.68702964852,29393.932525287415,30950.076
2024-06-15,46,15,6192.67,31398.199292980484,29528.261953261444,31431.57
2024-06-22,46,15,29484.6,27704.993915648352,28029.187024950712,30550.723
2024-06-29,46,15,46502.68,21027.797339616787,31198.107464804474,31173.99
2024-07-06,46,15,7580.26,38029.01574617021,39198.08484689389,40491.39
2024-07-13,46,15,9325.16,22943.369132524247,27355.824172780816,29127.938
2024-07-20,46,15,29960.54,28274.273097529876,26394.522039236977,28152.73
2024-07-27,46,15,44723.93,24940.109568847598,25263.62523837571,26976.553
2024-08-03,46,15,6772.66,28415.4336812826,26992.091906286394,28726.691
2024-08-10,46,15,39637.4,23962.827655123452,24655.227843684046,26636.31
2024-08-17,46,15,44047.52,29051.79557015974,26979.40596435891,28600.582
2024-08-24,46,15,26933.21,31111.19210633744,27768.817487028882,29373.893
2024-08-31,46,15,12895.66,27818.872121665052,27333.863006032818,29430.611
2024-06-01,46,16,26015.55,21695.555437619885,28572.568870775645,29248.549
2024-06-08,46,16,5529.59,27660.691145479737,27627.656500726534,30894.588
2024-06-15,46,16,42917.16,28661.333836456608,27750.620902075094,29900.605
2024-06-22,46,16,35294.92,26181.699356396115,28583.844786277336,29396.188
2024-06-29,46,16,52711.54,18856.20337869865,29608.57780115044,29910.396
2024-07-06,46,16,32546.42,36907.05141815588,36979.672179074485,40653.76
2024-07-13,46,16,49109.48,23707.34487268697,28940.855488396995,30376.871
2024-07-20,46,16,28824.04,30942.61265312707,29240.986084031105,29703.816
2024-07-27,46,16,24247.91,28090.50045031935,29349.00757764589,30230.709
2024-08-03,46,16,10192.88,30207.533058752764,28805.412436514147,31012.424
2024-08-10,46,16,23712.54,30670.83443610031,31237.30346484687,30866.867
2024-08-17,46,16,25820.38,31132.342190527168,28882.033909336198,30777.926
2024-08-24,46,16,24760.67,31045.104409976928,29721.564140109327,31439.848
2024-08-31,46,16,17127.93,27603.342768249073,29443.75688396226,28480.889
2024-06-01,46,17,6205.14,25817.6443625396,29234.69255575194,30887.03
2024-06-08,46,17,36575.8,30815.513223471928,29219.43060590032,31605.494
2024-06-15,46,17,38182.74,30958.24514446446,28954.325147308464,31249.29
2024-06-22,46,17,19072.88,28174.62419482886,30289.182331672753,31738.227
2024-06-29,46,17,20151.44,20107.84208616701,30288.741581735703,31521.422
2024-07-06,46,17,28314.31,34231.720643483386,32955.19353783685,33258.473
2024-07-13,46,17,15360.69,21811.54126848819,27327.803782221345,27872.7
2024-07-20,46,17,17639.27,24828.78608244344,26677.178270330376,26459.932
2024-07-27,46,17,45223.19,21554.017300875596,26262.83654721329,26607.035
2024-08-03,46,17,36602.78,27584.04882085698,30915.797358849202,28542.75
2024-08-10,46,17,38488.68,25990.50713364034,33195.82956471366,28707.191
2024-08-17,46,17,42052.53,28155.351479665806,30229.130378634956,29586.184
2024-08-24,46,17,35357.89,29433.953549970138,30365.804236929383,30308.49
2024-08-31,46,17,54391.24,29012.799523015157,27852.256454984137,30318.793
2024-06-01,46,18,14005.34,24226.1305154231,33761.08110957145,33901.066
2024-06-08,46,18,41294.64,31332.79392483524,32422.0533989686,33631.21
2024-06-15,46,18,25273.95,29495.319564599857,30404.646582919457,32327.348
2024-06-22,46,18,23578.84,24498.02932751514,36792.73487884901,29943.973
2024-06-29,46,18,15597.33,17919.959952981153,35938.96898278696,30076.537
2024-07-06,46,18,40335.44,33628.57655116342,36379.62119880612,35332.613
2024-07-13,46,18,43649.45,20530.8990621228,26060.728486773944,27271.906
2024-07-20,46,18,43393.25,28419.663227511388,35370.19312086834,29969.938
2024-07-27,46,18,6842.03,26342.180383775514,32804.49095995502,32653.508
2024-08-03,46,18,5826.55,28956.20020249416,31585.732625814486,32808.13
2024-08-10,46,18,36207.89,26683.31008646221,36638.91134302151,31457.223
2024-08-17,46,18,32574.74,30484.842248720932,36685.71929289283,31622.281
2024-08-24,46,18,25357.65,30850.445802008035,37735.441046405766,32715.102
2024-08-31,46,18,23222.19,29231.835770188096,34348.909171320636,31139.826
2024-06-01,46,19,12216.59,19840.884992804844,25900.773936765854,28587.531
2024-06-08,46,19,36742.73,23566.53781355702,26341.25645553161,26801.518
2024-06-15,46,19,45247.45,23738.45544969057,27072.41432920022,29305.895
2024-06-22,46,19,47214.79,22344.034661891208,26398.87164420437,28754.646
2024-06-29,46,19,13086.04,17304.144996014882,29541.37156530362,30806.475
2024-07-06,46,19,6944.65,34632.123601541454,31352.296419556405,37036.1
2024-07-13,46,19,46216.95,23690.95516805638,28218.700225151937,30508.15
2024-07-20,46,19,37075.1,29955.445156638438,29165.745927617267,31879.13
2024-07-27,46,19,31288.9,27746.539885550133,30380.30293326986,33505.34
2024-08-03,46,19,52204.67,30267.337159711074,31186.50457516082,32170.67
2024-08-10,46,19,48133.16,29020.250730873202,32421.944769787253,30563.793
2024-08-17,46,19,13179.55,31883.943927740038,31910.059270418897,30961.945
2024-08-24,46,19,24024.68,31844.335639923134,32217.568323247302,33371.08
2024-08-31,46,19,53398.69,32273.07992089502,33641.5618516514,34860.723
2024-06-01,46,20,43469.86,25862.62159396444,31118.462612161402,33725.1
2024-06-08,46,20,33583.24,32457.950067117425,34354.75686380602,35017.895
2024-06-15,46,20,36369.83,31037.300512618633,31539.456966557635,33177.83
2024-06-22,46,20,13474.84,27861.298370006203,32392.838671882608,34384.953
2024-06-29,46,20,10211.79,21268.27576729036,31465.968579890687,34380.766
2024-07-06,46,20,76383.46,36224.057738826,31162.42983845202,37613.38
2024-07-13,46,20,26283.18,30524.94035162154,32972.815530097534,38481.23
2024-07-20,46,20,49346.92,34500.94972736568,31863.864522850676,33875.13
2024-07-27,46,20,37866.33,31200.318254523896,31195.835913022143,34182.44
2024-08-03,46,20,40092.52,32618.86020846163,30402.471889809036,34008.008
2024-08-10,46,20,40705.59,29579.467180083855,31467.063760246037,33715.42
2024-08-17,46,20,59709.77,32391.552842935984,31320.131541768824,33693.26
2024-08-24,46,20,52034.46,37074.38769083641,38580.611998685694,37476.84
2024-08-31,46,20,9540.79,37989.94537673197,36844.54603865155,37842.37
2024-06-01,47,1,59802.99,57844.574756946495,51344.565076550745,54884.285
2024-06-08,47,1,17981.95,58749.20987504107,49592.95843435035,52125.434
2024-06-15,47,1,39135.53,55679.80393545393,54809.637417864586,53994.645
2024-06-22,47,1,24520.74,64713.826076936,46520.560562545776,50563.246
2024-06-29,47,1,21647.03,59940.68193674075,49923.810240185114,51169.73
2024-07-06,47,1,47270.39,65848.10933282739,69626.61411240057,69164.95
2024-07-13,47,1,45255.47,52983.39178094183,51031.6874739497,52386.242
2024-07-20,47,1,46787.95,62147.05867202918,53059.57145358144,51861.113
2024-07-27,47,1,91620.4,61838.33598773297,43049.79067075133,49570.758
2024-08-03,47,1,15768.8,65157.34378113339,55045.399752978235,48157.145
2024-08-10,47,1,57568.96,61547.17786130841,53741.22213869285,54245.426
2024-08-17,47,1,16937.33,62186.88236787248,54498.660452593016,55695.277
2024-08-24,47,1,24332.88,72612.12533449053,53782.45416439025,55367.12
2024-08-31,47,1,90691.49,63735.39696164382,55452.446764549175,58559.027
2024-06-01,47,2,52900.22,72446.39878926732,69948.95004380698,57028.312
2024-06-08,47,2,27182.12,76915.91453717666,69745.40488512459,60620.562
2024-06-15,47,2,23633.97,71852.15602221203,54699.410848378226,54646.516
2024-06-22,47,2,27685.95,80449.86769040598,63588.64674261355,57763.246
2024-06-29,47,2,93762.32,71871.1494349528,58586.81447496853,58220.625
2024-07-06,47,2,95797.08,81614.24628784222,76849.96096063312,75200.39
2024-07-13,47,2,62049.99,68245.11461396987,64255.36811529593,59263.977
2024-07-20,47,2,92863.61,74211.93132302308,60880.02563733374,57992.57
2024-07-27,47,2,47725.55,73038.54535057751,60514.86035021327,51708.96
2024-08-03,47,2,28194.75,74193.24389620585,60426.92100428314,54294.414
2024-08-10,47,2,43090.23,70729.06953855316,60595.05922912892,57312.805
2024-08-17,47,2,71423.07,72460.57648382607,55278.62324924334,55175.887
2024-08-24,47,2,75969.23,82219.78745428214,61470.605162846245,61213.715
2024-08-31,47,2,22484.02,74803.92523605115,64625.66945215084,61641.41
2024-06-01,47,3,30571.66,64691.66737788423,58507.157664201244,54390.57
2024-06-08,47,3,51182.1,66265.15429750262,59858.8182488277,58399.617
2024-06-15,47,3,91828.08,60744.04353093585,63957.37576769747,61090.56
2024-06-22,47,3,80943.76,75287.82250865389,61366.82597352239,56225.965
2024-06-29,47,3,83954.91,73164.27704319547,61476.78809976889,59198.605
2024-07-06,47,3,106612.92,79138.57334846279,79982.82578739924,80262.07
2024-07-13,47,3,86399.54,67650.63964006584,63318.2006477871,60120.414
2024-07-20,47,3,85127.71,79616.7548497089,72076.79609739437,62671.766
2024-07-27,47,3,51466.77,81633.20577145077,72576.61369632698,63518.215
2024-08-03,47,3,101967.97,85419.17587491643,72305.44860276488,61256.355
2024-08-10,47,3,64299.9,84059.25895119566,77560.47060456208,63664.598
2024-08-17,47,3,99505.82,81465.38945225123,71536.69112846394,64321.434
2024-08-24,47,3,54275.0,91482.3657977544,74891.62235541803,61483.254
2024-08-31,47,3,102907.83,83701.07023043753,72500.54230323163,61402.64
2024-06-01,47,4,11869.75,74269.5206128876,70169.45468720382,61559.777
2024-06-08,47,4,92343.55,72556.03230576319,67033.22897023553,66440.625
2024-06-15,47,4,65075.27,70538.43842065852,67695.73444345266,70135.125
2024-06-22,47,4,31978.46,78416.54953672981,67411.05412291056,65572.71
2024-06-29,47,4,93354.49,70434.0726902945,65659.63715269644,65751.695
2024-07-06,47,4,63736.81,79326.22803315445,70544.57930784857,65445.438
2024-07-13,47,4,64748.47,65138.02615660667,63922.22516997542,61152.758
2024-07-20,47,4,103015.02,75053.7318352676,65138.688991314804,64177.66
2024-07-27,47,4,63531.03,77963.8465535182,65252.227964536854,61093.3
2024-08-03,47,4,106493.08,80296.87367418958,71835.28195210457,64877.574
2024-08-10,47,4,106314.63,77040.47446457297,70918.69118091297,63208.8
2024-08-17,47,4,58360.64,78776.10561401775,70657.9859612854,62986.816
2024-08-24,47,4,34413.71,89699.43546359756,70775.85810514033,56706.145
2024-08-31,47,4,16338.79,82576.19856897427,72230.27374204074,62778.79
2024-06-01,47,5,105879.73,70520.2917450272,73117.55054406401,65069.855
2024-06-08,47,5,47510.69,78316.16920669307,76687.91382704345,65994.46
2024-06-15,47,5,26509.75,74282.00471633588,78667.18698982813,70184.12
2024-06-22,47,5,35357.02,83721.48086490136,76124.74652806777,67727.13
2024-06-29,47,5,77162.33,79077.57520843582,67589.8509129659,65612.016
2024-07-06,47,5,96811.3,83168.40734020199,79884.89728489205,80734.89
2024-07-13,47,5,65314.27,71069.17620079865,65793.21794151877,66479.984
2024-07-20,47,5,66270.98,79504.36247476391,75097.19469755403,67319.09
2024-07-27,47,5,44657.2,75876.06815825036,65151.25349619522,59702.684
2024-08-03,47,5,70550.25,73469.66930640239,64622.42695176742,58753.332
2024-08-10,47,5,34504.88,69083.24133261922,63809.90008290987,61682.023
2024-08-17,47,5,17777.2,69895.65398428956,63290.14670755275,64248.03
2024-08-24,47,5,22451.58,78489.26978440359,66214.16777190584,67204.766
2024-08-31,47,5,114733.59,69865.09306509962,65962.93989908045,65746.56
2024-06-01,47,6,91840.48,60526.97898043095,61663.783066558775,68061.555
2024-06-08,47,6,95759.67,65375.069945774296,65221.999599272596,65454.133
2024-06-15,47,6,104337.34,68118.18180007473,66801.82727427056,65061.164
2024-06-22,47,6,15715.46,75235.18855913013,66460.11833770756,68875.82
2024-06-29,47,6,98891.49,76457.45565452205,71960.8331061505,69975.13
2024-07-06,47,6,59136.05,89682.54111659783,86592.40223674713,91387.71
2024-07-13,47,6,95235.18,76068.75814998875,77018.41600802456,71424.95
2024-07-20,47,6,91209.28,85282.07272340893,76563.4672645121,73127.99
2024-07-27,47,6,36601.81,85782.60007294247,75758.65174182755,71455.69
2024-08-03,47,6,76254.4,82892.79820846586,75676.00379574695,69866.805
2024-08-10,47,6,21410.57,77484.44105833629,75381.60075917262,69790.88
2024-08-17,47,6,31062.9,73037.72085740283,65905.25643642241,67062.35
2024-08-24,47,6,22303.4,81303.8307331989,68510.90180113917,70696.7
2024-08-31,47,6,55252.48,71487.20586815476,70856.71260996301,69855.36
2024-06-01,47,7,36478.71,61338.60387583546,64260.25585777196,71661.66
2024-06-08,47,7,103664.6,64851.93598213765,66281.74214055661,65559.266
2024-06-15,47,7,60534.21,70000.67698210786,69885.57654100812,73087.93
2024-06-22,47,7,110657.7,76708.22451229885,66944.89578415995,70749.19
2024-06-29,47,7,107391.46,76698.83134255483,69004.66938988151,69188.86
2024-07-06,47,7,105454.42,88410.89283281766,103747.48467612428,87733.72
2024-07-13,47,7,12067.01,77636.69301222972,74865.85190754646,67597.766
2024-07-20,47,7,83893.17,84145.52057255412,77882.9474145972,74720.055
2024-07-27,47,7,105706.16,88991.90294017631,76899.10489901068,70318.15
2024-08-03,47,7,110997.52,93281.51624021711,81269.79647428001,67124.32
2024-08-10,47,7,94979.64,87528.2451241531,82527.82374935798,72367.266
2024-08-17,47,7,111847.06,82975.86563172462,77639.26159297871,70089.914
2024-08-24,47,7,85005.54,91364.0717168295,78074.546716595,62111.336
2024-08-31,47,7,72458.27,84940.03127775498,77369.57066414533,65372.742
2024-06-01,47,8,20486.6,61488.485449923326,66114.96887954083,69811.54
2024-06-08,47,8,24185.46,61258.396628387934,62181.82716553513,69547.11
2024-06-15,47,8,59217.0,54861.78500024528,63548.95509418331,69147.09
2024-06-22,47,8,18685.34,61542.699505129385,62605.02203778782,65418.984
2024-06-29,47,8,73488.86,56829.8424952774,62320.38638883296,64714.348
2024-07-06,47,8,96881.06,69074.97226844498,74410.03160045198,78701.76
2024-07-13,47,8,70243.69,60828.2144203954,63059.438249733044,64680.082
2024-07-20,47,8,112533.96,70052.0685571275,66174.82557040712,69451.76
2024-07-27,47,8,119789.0,73427.55866906064,66866.92908209305,69348.24
2024-08-03,47,8,75123.97,80000.57652137443,75912.91063286217,74439.61
2024-08-10,47,8,124125.45,78790.36219253091,76031.46463968114,74330.06
2024-08-17,47,8,83914.15,82487.94558616108,82726.0635690044,79006.39
2024-08-24,47,8,91809.59,96489.24146851772,79683.3228775666,74693.164
2024-08-31,47,8,69590.52,90783.97317938064,79113.08298900134,73963.375
2024-06-01,47,9,69514.74,82080.21595625937,84782.01785366531,79315.34
2024-06-08,47,9,79116.04,77812.57543614195,76513.22245929023,77152.21
2024-06-15,47,9,121005.77,77618.89336600885,75784.23077818911,77019.13
2024-06-22,47,9,99964.73,92841.19902015821,80981.92264843546,75389.09
2024-06-29,47,9,104634.37,88886.20050158567,80760.3118329242,82556.39
2024-07-06,47,9,154751.45,100089.67609423812,96743.3781856541,95023.836
2024-07-13,47,9,118515.39,91802.3134821449,84693.06674150516,81888.305
2024-07-20,47,9,88355.97,99291.84430357115,87935.85304578747,81678.64
2024-07-27,47,9,52500.85,98185.25113904517,84017.91532288054,80722.85
2024-08-03,47,9,60601.66,100838.30570817055,83375.84935788701,76190.74
2024-08-10,47,9,17020.87,93665.32788479808,78558.18923358589,75522.01
2024-08-17,47,9,26395.23,86385.88182053607,81351.05750390535,79136.85
2024-08-24,47,9,12853.74,89222.51434888461,76353.7759646119,78587.39
2024-08-31,47,9,48878.45,77452.52858890843,76048.7565414762,78306.48
2024-06-01,47,10,71620.79,67333.07228141147,68877.66206846922,75742.91
2024-06-08,47,10,42937.72,72394.3857003793,69138.86272418273,73532.375
2024-06-15,47,10,71185.6,62468.562451912214,83624.6203772026,72602.79
2024-06-22,47,10,14485.0,71671.93332204537,66330.50404173779,71797.73
2024-06-29,47,10,87120.37,66078.5830966341,78490.10072065823,71486.53
2024-07-06,47,10,74502.48,77978.93958870697,76368.22485513956,83562.59
2024-07-13,47,10,89286.5,62693.318588261514,76272.82379394771,71545.35
2024-07-20,47,10,141546.12,74794.21074279025,68958.84250064778,73308.39
2024-07-27,47,10,114996.52,82789.37712339894,80569.0102854184,77722.086
2024-08-03,47,10,49955.59,84504.2583378896,76577.68450685755,75178.86
2024-08-10,47,10,132454.04,81971.74718575444,76527.85426098852,78175.37
2024-08-17,47,10,78077.89,87133.22767019662,85803.29644005025,82755.914
2024-08-24,47,10,92113.57,99651.78050733358,81575.54838076961,81319.46
2024-08-31,47,10,68151.75,92838.65925331716,80949.69136223441,81638.73
2024-06-01,47,11,72964.18,84170.41833098486,87318.85286403501,89121.95
2024-06-08,47,11,71369.21,87012.97461717672,87882.79754297687,82188.46
2024-06-15,47,11,96947.06,83792.57944731702,80732.47012187872,86698.375
2024-06-22,47,11,40551.49,92622.43852440565,81878.35745126975,82381.0
2024-06-29,47,11,90663.59,90015.59096786048,80312.07671890974,81182.81
2024-07-06,47,11,73550.28,93648.76304615173,93428.91536584098,108888.61
2024-07-13,47,11,54861.84,76256.22537594425,76800.15754077838,80324.695
2024-07-20,47,11,41571.64,77212.1583720278,67553.08996930454,74859.96
2024-07-27,47,11,54437.53,79693.60503332538,67778.0521993399,71246.33
2024-08-03,47,11,64117.32,77132.272731325,67149.10704131685,72497.234
2024-08-10,47,11,51571.61,71093.94433815556,66809.65214677669,73986.86
2024-08-17,47,11,71498.96,66911.30739334685,66345.72148795427,76944.79
2024-08-24,47,11,129211.24,77581.52335591149,67641.53657450173,73402.2
2024-08-31,47,11,144855.05,77789.44886167423,71304.96770675939,74601.95
2024-06-01,47,12,124496.29,74715.93041931975,76397.47452288923,79991.71
2024-06-08,47,12,86317.58,82370.75010301458,77336.38318582243,81345.484
2024-06-15,47,12,101200.64,81625.40407065503,79857.5095099202,84165.77
2024-06-22,47,12,109697.56,90771.97397709748,80199.20676908265,83241.26
2024-06-29,47,12,63346.17,85509.91412940333,79201.4179792616,80713.47
2024-07-06,47,12,89748.41,90604.17998797484,114113.21107881791,105056.33
2024-07-13,47,12,153132.04,80922.39584492167,78748.46737187827,82431.18
2024-07-20,47,12,36534.36,96135.18674042908,84155.95323916653,83487.766
2024-07-27,47,12,129389.53,97487.0581951419,86704.16367343432,87009.19
2024-08-03,47,12,26100.62,97944.7675956469,85391.5300309384,80940.85
2024-08-10,47,12,137387.61,92836.98401503137,88930.1931629564,86288.05
2024-08-17,47,12,132189.22,92435.89356773283,89470.41059369993,87589.76
2024-08-24,47,12,33953.42,102296.36452234577,85004.53038001504,86040.61
2024-08-31,47,12,37375.6,93988.45592503593,87729.57677653353,86233.74
2024-06-01,47,13,18471.62,82452.62284477713,81071.76542508713,84865.7
2024-06-08,47,13,112320.97,81805.01044417039,79597.78586512138,89129.69
2024-06-15,47,13,30633.67,84418.36460454072,87856.91199506007,89400.42
2024-06-22,47,13,104889.37,90408.25188770882,79611.29326353647,89109.14
2024-06-29,47,13,116196.86,90135.95944159469,85831.88211365072,87860.11
2024-07-06,47,13,127951.51,95634.041518185,110608.85510302946,112758.9
2024-07-13,47,13,104855.2,82636.61106620028,82019.54750798682,88108.8
2024-07-20,47,13,19694.81,88014.77095133098,79688.47613108216,85089.67
2024-07-27,47,13,94698.27,89229.95550802659,78519.69418868923,91145.63
2024-08-03,47,13,140231.58,94758.85320925788,82065.83809833507,85118.1
2024-08-10,47,13,28868.47,92884.13749570432,88170.06425707274,90172.21
2024-08-17,47,13,147260.52,91076.74669466852,89678.8845631976,89144.7
2024-08-24,47,13,68491.86,102681.61930479927,86071.27646230895,86481.54
2024-08-31,47,13,78058.69,94467.32112288446,86255.29588013783,86143.15
2024-06-01,47,14,18273.84,85102.64390008611,87440.92969570601,93112.88
2024-06-08,47,14,119089.17,88615.34023327933,91096.30282680602,90552.9
2024-06-15,47,14,122963.13,88435.2927258609,89683.80066683624,93887.445
2024-06-22,47,14,25975.26,101595.3933078539,88545.94825647985,89793.83
2024-06-29,47,14,83028.86,91481.9136234583,89216.45949232813,88952.71
2024-07-06,47,14,34417.44,94747.4355437088,107938.70894450421,116992.055
2024-07-13,47,14,46674.04,81595.3028394405,82013.72824871469,87014.78
2024-07-20,47,14,27336.17,82889.90920529046,84116.27412247416,92907.195
2024-07-27,47,14,57715.86,77059.86852042505,68233.17551792138,85484.36
2024-08-03,47,14,67481.05,76805.54395770756,68979.04971178884,83622.22
2024-08-10,47,14,13892.95,68800.70317891866,68367.84542721888,82624.766
2024-08-17,47,14,58512.06,61697.46688751969,69304.80283202932,83909.79
2024-08-24,47,14,97834.05,72881.52475556426,64121.839008942574,77747.9
2024-08-31,47,14,42259.08,69721.64275046418,67992.45855495159,78894.94
2024-06-01,47,15,103637.28,69181.05602166799,70759.48648445214,89019.47
2024-06-08,47,15,153682.92,75265.49089853922,72684.8088892393,86041.45
2024-06-15,47,15,162008.07,82076.6193688389,87626.90111749644,86481.47
2024-06-22,47,15,141084.11,93231.95587225762,90186.02403522731,94505.625
2024-06-29,47,15,155042.47,90171.13600143237,84809.79399963302,93499.73
2024-07-06,47,15,30322.7,100982.71997805047,110741.05358780008,120093.47
2024-07-13,47,15,80932.65,97356.90622611577,89978.36695367782,90559.43
2024-07-20,47,15,134664.47,104475.93545851496,87317.33463861274,94609.91
2024-07-27,47,15,111532.97,114342.87073045727,93709.50188720292,86585.81
2024-08-03,47,15,47665.57,110382.13994228473,99340.04299612611,87585.664
2024-08-10,47,15,60866.29,97117.34941788181,86772.34187798576,87509.0
2024-08-17,47,15,86343.22,91391.80937864847,82816.78217736776,86589.875
2024-08-24,47,15,99791.08,94968.61363950491,83150.76178766164,86207.39
2024-08-31,47,15,88240.51,83981.68476442396,88516.82086597789,90893.62
2024-06-01,47,16,114091.69,88415.98498047533,95823.816999908,103818.805
2024-06-08,47,16,47995.69,95617.50094741813,91849.87694526649,99708.016
2024-06-15,47,16,26923.31,91111.83435166205,91047.35811322677,95713.37
2024-06-22,47,16,173865.66,93099.18363480788,88992.7053963553,93773.39
2024-06-29,47,16,160470.36,100779.98589489688,90706.93265774082,89328.4
2024-07-06,47,16,217374.98,111219.48304101464,109928.42895120976,116176.62
2024-07-13,47,16,115364.53,104697.89198732108,98220.07253769654,95269.47
2024-07-20,47,16,53902.09,105170.51088030581,97526.71785722677,99125.414
2024-07-27,47,16,160667.8,109119.49014154976,92747.47997745597,97223.97
2024-08-03,47,16,151873.79,114672.96902106176,95130.82343859095,102104.195
2024-08-10,47,16,127385.75,113183.84469281154,97914.7913374128,95944.06
2024-08-17,47,16,162023.9,116730.58318486364,104179.67573221329,105485.805
2024-08-24,47,16,142158.65,120023.2469161709,102692.50959423598,98256.766
2024-08-31,47,16,151403.67,112202.43717390657,101966.74412830273,100386.56
2024-06-01,47,17,41481.25,81856.41157049261,89280.41131580847,96967.78
2024-06-08,47,17,167779.59,76878.35977792638,84980.411952057,99539.664
2024-06-15,47,17,31597.54,79379.26723658195,93965.50591056867,101243.484
2024-06-22,47,17,169946.17,89075.08377831127,93231.8550545,99178.49
2024-06-29,47,17,146032.43,95420.47922231161,96447.68875277313,97824.59
2024-07-06,47,17,154513.1,107016.28388929975,131376.13407870574,122413.05
2024-07-13,47,17,67043.96,97871.87657416431,97250.9375256238,95092.31
2024-07-20,47,17,89224.72,106023.33331020837,94049.13009241871,99596.95
2024-07-27,47,17,24688.05,104068.3082811094,91070.64477742059,98167.25
2024-08-03,47,17,123094.85,105698.23891889639,93053.36105408313,98187.4
2024-08-10,47,17,56670.78,96240.4393933127,100367.79512090689,97699.42
2024-08-17,47,17,162251.81,96542.02820548511,96929.15182680795,97304.18
2024-08-24,47,17,123117.96,106445.02318938833,93755.83343865607,94096.09
2024-08-31,47,17,89891.12,95489.7709269803,100830.71379560337,96205.3
2024-06-01,47,18,161516.55,83001.91187491259,90770.14504618874,93313.18
2024-06-08,47,18,43120.83,89602.76551914899,98529.41802556075,104279.38
2024-06-15,47,18,87633.08,92430.1013753055,97286.23170504977,99898.766
2024-06-22,47,18,45505.93,98467.55202580075,99137.06563230869,104685.875
2024-06-29,47,18,42286.9,98947.75522610822,92652.56721867928,103714.86
2024-07-06,47,18,77929.18,97035.94407512885,100290.64499132939,127684.266
2024-07-13,47,18,116902.83,84364.54244238778,95070.94156792805,99779.43
2024-07-20,47,18,32479.57,90302.6127984967,90802.07148701846,97315.305
2024-07-27,47,18,77003.76,85241.21657872159,106916.78324762365,111982.59
2024-08-03,47,18,26721.46,79376.06331585196,68718.8897674186,92891.445
2024-08-10,47,18,116027.91,76016.53983153397,71002.0433614503,100395.984
2024-08-17,47,18,166642.11,76313.54346630705,69298.61299917541,92043.625
2024-08-24,47,18,132792.47,95404.15378648628,92839.32669422055,95215.484
2024-08-31,47,18,68948.11,93141.23637601253,97900.42360752469,101375.99
2024-06-01,47,19,169537.04,93072.50642812363,102172.15522725925,102510.89
2024-06-08,47,19,77434.09,98369.31907697322,96746.64070493737,105439.94
2024-06-15,47,19,69633.15,88787.05076413605,99463.23114004433,103134.88
2024-06-22,47,19,107329.17,90827.19415186526,91971.56977289768,99292.484
2024-06-29,47,19,170161.57,94126.42089611734,95266.39295115061,100954.06
2024-07-06,47,19,73795.1,103949.32382822543,109613.28551035978,113211.05
2024-07-13,47,19,84073.82,90955.25365239946,93268.34140888481,105569.32
2024-07-20,47,19,51941.7,102014.15447169315,101796.24789178833,103739.48
2024-07-27,47,19,72549.7,102065.1680840441,99543.52367339109,100728.12
2024-08-03,47,19,157444.76,89126.55994999732,97749.90390073153,94944.76
2024-08-10,47,19,111191.41,94860.32253521276,97376.0363532241,110587.68
2024-08-17,47,19,143245.98,95048.73627444715,96703.7915587156,102783.78
2024-08-24,47,19,19667.22,103619.11563349652,107445.87128040775,105812.81
2024-08-31,47,19,39902.23,93182.41186943979,89034.85402302005,100552.87
2024-06-01,47,20,69859.26,92202.00505154257,108471.88230315893,106852.234
2024-06-08,47,20,36345.98,89234.40794140485,100633.19443397046,107095.86
2024-06-15,47,20,129152.88,87942.22998778126,100972.9538479172,108306.48
2024-06-22,47,20,39388.93,97601.07699603209,104495.84447721923,110035.06
2024-06-29,47,20,114498.44,89884.2421129095,94653.51701068971,102859.65
2024-07-06,47,20,70417.9,99205.41719307043,112059.93974721464,125454.17
2024-07-13,47,20,129017.73,85376.12963669383,100409.18773115096,107857.375
2024-07-20,47,20,58441.84,87973.99373953263,90140.51965282545,114133.016
2024-07-27,47,20,60831.97,87573.33498475683,80671.94185405952,101936.1
2024-08-03,47,20,153776.44,86780.58508290685,89624.79042808825,106365.57
2024-08-10,47,20,115397.26,92888.70126560863,107024.88411873777,107844.42
2024-08-17,47,20,138328.81,89480.26547506967,101881.17039456633,105278.26
2024-08-24,47,20,162847.23,102760.68891730838,109090.04090066209,107338.27
2024-08-31,47,20,147050.64,97360.53512342338,108519.2861836261,106994.67
2024-06-01,48,1,5582.24,21302.116645099835,23189.896245123033,21863.186
2024-06-08,48,1,24609.78,28213.788179371208,22965.38369956696,20251.64
2024-06-15,48,1,15671.66,28700.607434547266,23198.39814288409,22014.629
2024-06-22,48,1,21451.09,26555.86821624884,23408.75781536968,21273.861
2024-06-29,48,1,26578.43,25760.437863401334,23600.587222043298,22289.555
2024-07-06,48,1,29055.71,30569.12380151019,29082.50194916472,27580.342
2024-07-13,48,1,17938.78,21066.553415791,23345.233579976084,21483.344
2024-07-20,48,1,17627.91,31670.866781722754,22919.50909029522,21060.445
2024-07-27,48,1,26815.75,22338.137783527272,23509.260061826684,19701.041
2024-08-03,48,1,22464.86,20312.227139214447,22917.416457921747,21182.938
2024-08-10,48,1,6029.51,30130.89499947345,23503.697620132087,21860.613
2024-08-17,48,1,12554.64,26173.030017902034,23178.57849066174,20592.943
2024-08-24,48,1,13196.07,27755.442983535846,22944.952954041768,19931.447
2024-08-31,48,1,36110.5,28444.176063350584,23066.507061544227,21029.2
2024-06-01,48,2,27823.19,20426.33206329385,23695.853336147065,22415.906
2024-06-08,48,2,37458.78,27694.61691239199,23036.309123748535,21215.455
2024-06-15,48,2,31727.26,28584.942482284227,23086.494614563682,22463.264
2024-06-22,48,2,38296.11,27396.96396688268,26550.450036565446,23899.834
2024-06-29,48,2,33805.65,27599.95043989666,26314.1989968822,24111.135
2024-07-06,48,2,43295.08,34232.62232657093,41263.84648034029,36361.75
2024-07-13,48,2,25683.45,25977.210322916355,29506.595277628345,24687.062
2024-07-20,48,2,15734.94,36585.791126354015,29606.00542509233,25895.31
2024-07-27,48,2,19653.14,29513.94462478102,30249.270910052397,25708.225
2024-08-03,48,2,6048.75,25915.05563939466,30507.01941068028,25974.736
2024-08-10,48,2,21175.0,33654.084357368,25813.357418210082,24298.152
2024-08-17,48,2,22311.79,28579.69390744417,26305.780763597828,24060.365
2024-08-24,48,2,14751.66,29358.11418328248,23730.988644478082,22588.46
2024-08-31,48,2,23272.84,29561.95724868671,23672.54254521835,22009.654
2024-06-01,48,3,27025.1,24253.057434673872,25963.717893763973,24597.82
2024-06-08,48,3,23589.35,30203.634859281265,26051.2016352147,24507.553
2024-06-15,48,3,7076.64,28979.698563404898,26079.248179760765,23440.57
2024-06-22,48,3,14015.88,25844.714366345324,24231.801304251705,23022.342
2024-06-29,48,3,17763.35,24778.924009061942,23791.163448907104,21819.916
2024-07-06,48,3,43239.21,28674.24632802591,29105.59905328891,26659.043
2024-07-13,48,3,5459.77,22565.86210831411,24868.42140628941,23909.717
2024-07-20,48,3,33549.56,32025.758443198465,24526.480410330798,22404.318
2024-07-27,48,3,16294.94,24711.396934803975,24632.397532238847,23359.66
2024-08-03,48,3,31157.46,20850.74007865996,24133.63988449618,21490.764
2024-08-10,48,3,14968.76,30764.723994262866,24478.422845136425,22480.084
2024-08-17,48,3,9952.11,26901.77360602776,23983.467420044573,23303.488
2024-08-24,48,3,15517.08,28355.53494300528,24156.144843769995,23511.48
2024-08-31,48,3,36562.7,30353.70986018338,24181.4710409701,22886.457
2024-06-01,48,4,42165.68,22708.89550409527,27627.236081299372,25091.99
2024-06-08,48,4,7108.55,30692.13968048493,27431.646965497126,24469.664
2024-06-15,48,4,10103.52,28399.668738128865,25187.413124155646,24395.74
2024-06-22,48,4,19059.51,26013.039227940382,24715.556210977753,21754.4
2024-06-29,48,4,33010.46,26355.930577285726,24869.584322144892,23020.174
2024-07-06,48,4,23717.71,32177.870218371063,28530.2291206863,30651.21
2024-07-13,48,4,29800.38,23272.25236902615,26170.309940703348,24578.178
2024-07-20,48,4,20473.26,33551.870608716505,26978.917814266453,24080.404
2024-07-27,48,4,20770.36,23857.77009406041,24654.7948130913,22236.973
2024-08-03,48,4,5798.89,18790.364080842344,23914.71959815148,21621.94
2024-08-10,48,4,7186.16,30283.149702201314,24516.466237655597,22270.607
2024-08-17,48,4,35531.91,25938.34456481033,24445.13140707741,23015.256
2024-08-24,48,4,30626.2,29735.03980234047,24514.318949323166,24176.982
2024-08-31,48,4,31305.38,31199.230340384667,24490.18184905671,24999.17
2024-06-01,48,5,10760.96,21738.345660838837,26568.155611919374,24481.89
2024-06-08,48,5,44556.8,27384.069627812423,24249.752619392915,24561.523
2024-06-15,48,5,32756.15,29000.172502456022,24687.9182336503,24654.125
2024-06-22,48,5,3785.98,28372.851291615247,27554.479066713942,26078.443
2024-06-29,48,5,11989.2,28762.723787937342,27023.67712080337,25636.758
2024-07-06,48,5,63406.33,32642.31044636575,33449.212355689655,30711.465
2024-07-13,48,5,11342.58,26971.56485402184,30734.240509300147,25621.223
2024-07-20,48,5,19365.67,36406.64112817182,28449.432813253603,25206.977
2024-07-27,48,5,43938.78,27605.09668826808,27888.424932318296,26108.336
2024-08-03,48,5,41543.84,26716.8435206336,29873.914434056813,26061.402
2024-08-10,48,5,32426.35,34955.24447396771,27531.274321301345,26290.877
2024-08-17,48,5,38820.55,29847.258388859373,27764.84570963716,26021.64
2024-08-24,48,5,22286.56,33277.06244879114,28712.94926292818,26885.541
2024-08-31,48,5,19240.91,36437.29874783318,34477.26536146576,27704.627
2024-06-01,48,6,31567.89,21171.368521458768,25953.278217811516,25208.057
2024-06-08,48,6,21104.46,28684.863964635457,25768.226130005587,25330.285
2024-06-15,48,6,13936.81,29132.0886887979,27472.743563785978,25909.8
2024-06-22,48,6,12794.38,26383.984360495917,25589.21625777153,25937.492
2024-06-29,48,6,46853.2,27578.841706511972,26692.244415433215,25928.375
2024-07-06,48,6,33251.22,35384.627246212876,35936.76385579778,34267.92
2024-07-13,48,6,9848.99,25201.871144169425,27899.544858539844,26835.344
2024-07-20,48,6,36337.66,34188.41449602549,25409.791510236784,26383.652
2024-07-27,48,6,13863.9,27035.7517180039,28064.90064928651,26982.545
2024-08-03,48,6,43158.9,22067.108721541852,24664.110097182504,24914.771
2024-08-10,48,6,21077.25,34066.8067952025,28119.618667259616,27178.88
2024-08-17,48,6,4362.71,30157.211022751726,28275.718396639346,26415.588
2024-08-24,48,6,28527.46,31669.018178317725,27962.500503380485,26938.914
2024-08-31,48,6,8104.54,32849.80106365421,25853.902884273495,26579.984
2024-06-01,48,7,39115.61,23740.025279143105,27877.038542402304,27474.535
2024-06-08,48,7,20399.51,30874.638490861864,28216.233695032326,26766.453
2024-06-15,48,7,41193.96,32480.122324886106,31954.823971905276,29580.719
2024-06-22,48,7,25527.85,30635.418542538275,31277.08314342059,29974.707
2024-06-29,48,7,35183.77,31675.355191732466,31299.067829727242,29884.314
2024-07-06,48,7,58731.37,37051.03261935461,45222.557045986556,40036.98
2024-07-13,48,7,39058.38,29875.84321134355,32919.757732385726,28738.18
2024-07-20,48,7,16864.63,39736.58072727385,33276.601601747425,29731.025
2024-07-27,48,7,43039.09,31318.608034600387,34219.096288659,30402.871
2024-08-03,48,7,5941.47,28749.320139158102,33946.418806514994,30473.184
2024-08-10,48,7,48035.7,38314.40431615419,34009.59310676347,30639.988
2024-08-17,48,7,5649.23,34967.59807055638,34327.478096608414,31119.572
2024-08-24,48,7,22460.16,36138.90218239268,34991.85197965275,31193.062
2024-08-31,48,7,6674.04,36274.13223436422,29350.45330731879,30220.416
2024-06-01,48,8,37297.07,25883.060009132932,32841.255893776106,30953.984
2024-06-08,48,8,20121.22,33074.5573240688,33853.38018517918,30667.697
2024-06-15,48,8,26346.04,31129.63578164568,28656.57328387736,27981.23
2024-06-22,48,8,41971.18,29578.01304881816,28096.004149347576,28085.33
2024-06-29,48,8,11113.72,31506.751496906923,30963.880901451506,29871.412
2024-07-06,48,8,61500.05,35540.040548606245,35229.85912208355,37491.91
2024-07-13,48,8,50581.09,31003.59480785211,34966.6164131685,31941.924
2024-07-20,48,8,44123.03,41792.91846488247,34893.971582973725,31653.906
2024-07-27,48,8,16258.01,32654.678882328357,35080.30366355192,31360.111
2024-08-03,48,8,35537.25,28012.306856493364,34102.364645858586,30920.35
2024-08-10,48,8,34954.88,39168.241068902404,33441.38911702691,30434.213
2024-08-17,48,8,31536.89,35274.16596783224,31810.575985516836,29982.285
2024-08-24,48,8,40686.38,35682.45886402028,31136.62511055151,29880.984
2024-08-31,48,8,20621.51,38541.906176859644,35223.78519112633,31445.719
2024-06-01,48,9,5224.41,29006.489265780525,34334.640525001225,32613.574
2024-06-08,48,9,30954.31,33762.733444377634,33662.54492159698,31518.578
2024-06-15,48,9,12077.63,32609.578124841028,28155.79525466464,29870.785
2024-06-22,48,9,17825.01,29520.657304914268,28682.558960400977,29236.42
2024-06-29,48,9,11861.08,26694.95775926247,25575.936171077377,27680.143
2024-07-06,48,9,17998.46,32233.849550405306,32521.11257523329,33471.703
2024-07-13,48,9,11003.96,21127.127416702446,25023.23245696223,27416.246
2024-07-20,48,9,33783.5,30508.83780654236,24563.224322877395,25290.1
2024-07-27,48,9,52259.94,22018.460101451295,20879.317430737796,24481.104
2024-08-03,48,9,26196.8,22395.773744473554,26782.39882345147,28085.4
2024-08-10,48,9,24873.53,31727.426829935066,27678.772603458372,28071.4
2024-08-17,48,9,37336.05,27985.241540953313,26324.544923095837,27389.459
2024-08-24,48,9,30158.89,31665.76795206694,28902.676139516196,27983.988
2024-08-31,48,9,27132.75,33483.73772930227,28040.994713417942,29050.1
2024-06-01,48,10,43458.29,21198.273043801266,26439.229814719103,28253.08
2024-06-08,48,10,34893.74,31183.079049703054,28046.431604721416,29606.812
2024-06-15,48,10,15934.39,32473.413513648222,28028.369750811504,29783.172
2024-06-22,48,10,6180.09,28852.484768272647,27941.642088157176,29675.498
2024-06-29,48,10,17386.07,28478.40060577073,26443.366875833843,28844.697
2024-07-06,48,10,27153.69,33534.44841644816,33790.06934036062,34874.76
2024-07-13,48,10,27988.6,22823.749197115598,27110.883772126752,26905.58
2024-07-20,48,10,26324.67,32880.17486784562,25837.23773175713,27541.953
2024-07-27,48,10,35162.95,24596.92419469123,27743.62318379522,27155.809
2024-08-03,48,10,52217.35,20273.29641649049,26505.92488022601,26447.39
2024-08-10,48,10,34369.77,32878.39077147658,28253.766577224378,28111.643
2024-08-17,48,10,15203.42,29671.84470898912,28286.538598305666,28739.342
2024-08-24,48,10,16982.3,32977.50701881688,28601.4510486799,30277.41
2024-08-31,48,10,15870.68,35912.51702961147,28393.915134444673,29958.719
2024-06-01,48,11,14079.23,30712.937942653116,34796.24870674573,34337.652
2024-06-08,48,11,53809.27,38173.141528610475,34351.463275141214,32618.367
2024-06-15,48,11,37462.34,37467.956521545915,34135.35853508786,33815.867
2024-06-22,48,11,11928.41,33813.707765460254,34205.58356494854,33537.297
2024-06-29,48,11,8045.54,32893.84221992421,33978.91504045511,33515.01
2024-07-06,48,11,20124.42,35998.140326614266,40843.52066002118,39395.043
2024-07-13,48,11,31892.33,23661.901563906504,25316.845182748722,27968.387
2024-07-20,48,11,37499.26,34628.56854534559,27144.645773418415,28552.482
2024-07-27,48,11,36491.18,27126.31572444059,28473.042792150794,28313.236
2024-08-03,48,11,47368.64,23755.50320915701,28328.7977593477,29558.297
2024-08-10,48,11,25806.14,33284.01047991466,28477.441848602266,28655.258
2024-08-17,48,11,21674.24,28938.854753116044,28779.953273983843,28731.309
2024-08-24,48,11,28898.04,32157.941562837645,28683.412001606248,29294.877
2024-08-31,48,11,39717.92,35900.49003646392,31788.82551086618,31681.822
2024-06-01,48,12,35297.07,24290.205453421375,28707.550152751035,30367.283
2024-06-08,48,12,45639.65,31569.28197261195,28427.474858127272,29955.605
2024-06-15,48,12,13288.49,31351.43182788061,28826.412263302394,31360.36
2024-06-22,48,12,48637.35,29112.61838237004,29037.237990109927,30335.598
2024-06-29,48,12,32948.76,29487.982472365053,29797.94498691051,31335.168
2024-07-06,48,12,17852.24,36288.2000778109,39857.83472132501,40924.297
2024-07-13,48,12,12336.16,25845.90204320394,28802.312273058735,30908.445
2024-07-20,48,12,17666.65,37621.81534103462,28882.126964394025,30977.129
2024-07-27,48,12,29460.29,27641.452969445556,28717.486245965054,29376.469
2024-08-03,48,12,42048.04,23182.72416103597,28870.739619417203,29661.076
2024-08-10,48,12,37420.41,33923.417566023665,29094.07140916713,29173.748
2024-08-17,48,12,16953.33,30504.473965037498,28370.13376223193,30674.654
2024-08-24,48,12,11694.18,30267.36274343489,28280.334521832363,29084.33
2024-08-31,48,12,4946.23,31974.809459375225,25800.974751741178,29706.158
2024-06-01,48,13,56972.84,26859.453852878687,34217.16366031585,32775.67
2024-06-08,48,13,14737.84,36191.55114606571,34720.97081946073,33364.47
2024-06-15,48,13,20430.14,37153.4887924309,34843.84048909907,34820.78
2024-06-22,48,13,56738.54,35546.79078741739,35276.10480667354,34535.133
2024-06-29,48,13,53476.58,37242.230529555476,35654.57291277411,35221.12
2024-07-06,48,13,34042.83,41669.96680424569,46778.61081324235,50118.344
2024-07-13,48,13,5444.62,31636.567860487972,35119.940549563515,35500.07
2024-07-20,48,13,54588.89,41084.97052307982,34841.867453853854,34575.07
2024-07-27,48,13,45164.19,34426.72923016997,35524.4753748322,34557.12
2024-08-03,48,13,22865.35,29631.066837434548,35075.22350172675,35155.555
2024-08-10,48,13,22215.38,40036.61696520045,35014.65764887254,35094.535
2024-08-17,48,13,59952.78,35640.21374060123,35099.48768413116,33801.926
2024-08-24,48,13,29773.69,38080.11791811506,34421.82068018129,33885.85
2024-08-31,48,13,37437.27,37855.31025324954,34318.54977470378,34573.75
2024-06-01,48,14,25521.16,28220.93966249151,36342.771623083114,34772.234
2024-06-08,48,14,19424.66,32747.03021894292,33477.55846087832,33109.375
2024-06-15,48,14,45590.14,32526.558189076313,28844.908666619365,31853.86
2024-06-22,48,14,19530.89,30931.128468957686,32671.929961870763,33694.18
2024-06-29,48,14,37490.52,31432.402931660203,32682.689508287316,33234.297
2024-07-06,48,14,52637.89,35686.25955774146,38994.12066251056,41419.312
2024-07-13,48,14,54386.33,28791.002194068053,33408.2643085675,33305.625
2024-07-20,48,14,12835.17,39424.401365526115,34009.655629112574,34767.52
2024-07-27,48,14,10789.2,30974.99451799767,34556.163806257,35016.92
2024-08-03,48,14,48821.12,28044.78159163129,34654.697292574194,36644.688
2024-08-10,48,14,7624.57,40636.708301459636,35736.79875532524,35678.797
2024-08-17,48,14,42030.41,33050.57100012126,32756.456494911312,34548.082
2024-08-24,48,14,35419.03,36332.0396841154,34461.638452700005,34984.613
2024-08-31,48,14,42443.15,37756.73091363593,34018.962343316314,34718.227
2024-06-01,48,15,11164.96,29651.385378668354,36649.759711981744,37118.87
2024-06-08,48,15,56231.6,37553.5866685944,35616.81531002365,36271.24
2024-06-15,48,15,55102.97,40602.38111987672,35436.0063027368,37814.273
2024-06-22,48,15,29112.74,37155.75169195162,36972.14106457649,37173.516
2024-06-29,48,15,17148.69,34445.34639307252,35220.17391657879,36623.566
2024-07-06,48,15,8897.56,40288.69315639477,49095.09426331285,46386.16
2024-07-13,48,15,33688.66,29375.276160076013,37458.63249640867,35129.53
2024-07-20,48,15,20557.19,37021.966713197944,29030.150152201128,31935.0
2024-07-27,48,15,32574.38,28290.56747907775,28555.488246039735,32739.24
2024-08-03,48,15,15900.63,25824.406223119557,32844.98606387854,33929.207
2024-08-10,48,15,12176.57,33071.05226287522,29037.35994025514,30869.645
2024-08-17,48,15,18129.31,26221.02676088109,24658.640552513407,28701.893
2024-08-24,48,15,61391.12,27686.582276360183,24797.722612902588,28786.615
2024-08-31,48,15,32065.42,34553.34131135608,32231.501084893946,33706.227
2024-06-01,48,16,33892.09,33725.95771917085,36389.90006967136,38732.734
2024-06-08,48,16,30035.93,40102.476786812585,35904.77240443202,37362.453
2024-06-15,48,16,53665.56,37003.30115324918,37587.397851125985,38531.508
2024-06-22,48,16,13546.36,36512.62708252636,36635.650904997696,37944.14
2024-06-29,48,16,9263.34,33886.003485267414,36851.477552128235,37253.08
2024-07-06,48,16,59358.68,38519.880592372494,51981.68449197614,47458.6
2024-07-13,48,16,17226.82,31161.697545508337,37385.7668842774,37432.742
2024-07-20,48,16,38851.42,41364.85922668803,37869.00022098416,37465.973
2024-07-27,48,16,38140.11,30960.088158518447,37306.451383096006,36470.566
2024-08-03,48,16,38968.53,27324.105448853414,36044.06303612165,35952.34
2024-08-10,48,16,27020.42,36605.817704698886,35221.44195870429,35728.406
2024-08-17,48,16,42171.13,30217.537483122993,31663.504200075324,33153.457
2024-08-24,48,16,31246.02,34262.23566698069,34669.35899168716,35295.355
2024-08-31,48,16,20068.77,37550.32017164446,36823.33865005802,35895.703
2024-06-01,48,17,37819.8,27954.894481675583,34062.544676948164,34973.69
2024-06-08,48,17,65322.14,34055.11782726819,32445.97896305886,34115.52
2024-06-15,48,17,14736.38,36952.657206434924,35792.94403468732,35507.32
2024-06-22,48,17,17406.33,34537.81587878824,35237.11510252981,36547.37
2024-06-29,48,17,59580.81,35716.49410888764,35558.031171129995,37405.06
2024-07-06,48,17,21111.97,44683.43547346103,53145.3391330439,50996.258
2024-07-13,48,17,27539.02,32287.45105866721,35380.29362043857,36785.734
2024-07-20,48,17,50813.87,41140.89392719876,34837.75027580291,36923.668
2024-07-27,48,17,56760.49,33490.39724929144,35504.21641531879,35517.1
2024-08-03,48,17,29683.38,30224.26581932672,36948.554610494066,37017.58
2024-08-10,48,17,17305.93,37581.03763218548,34286.40948910337,34550.203
2024-08-17,48,17,48624.49,34859.71718096714,34928.460527803,36048.363
2024-08-24,48,17,31441.84,39042.80178878202,36300.958433689375,35948.098
2024-08-31,48,17,56125.74,38097.9497249276,34035.65348961142,35525.73
2024-06-01,48,18,16246.11,29357.1760745911,40075.69145944398,40045.13
2024-06-08,48,18,23026.09,37172.343262413764,39058.44819070559,38152.004
2024-06-15,48,18,68538.11,34396.61542490739,35516.665254879685,36876.28
2024-06-22,48,18,48864.96,38514.446468203336,37196.145123500144,40378.48
2024-06-29,48,18,25035.26,38364.706893752926,35348.379200792486,40653.484
2024-07-06,48,18,26159.56,40133.05174463184,49623.47026957156,50317.293
2024-07-13,48,18,34417.07,29123.910848646177,38062.37652129962,37749.996
2024-07-20,48,18,20218.8,38535.2291592724,35840.77176511101,37648.652
2024-07-27,48,18,63788.53,29357.729619996062,34529.83729478149,38231.414
2024-08-03,48,18,14295.6,30966.403555093944,39598.44768446236,37842.94
2024-08-10,48,18,31480.06,40819.26844648533,38788.63688899329,40636.53
2024-08-17,48,18,39966.06,34139.41933935436,40446.183165070885,39163.086
2024-08-24,48,18,13337.17,35822.612765741906,40678.23674644637,39394.207
2024-08-31,48,18,50620.27,35361.30845111333,36090.627943105195,37131.23
2024-06-01,48,19,24114.79,28533.59511214734,37135.32118207452,37845.496
2024-06-08,48,19,10214.23,36578.027562168965,36521.705571678765,37454.91
2024-06-15,48,19,23068.92,35360.54792990834,32153.593722975143,38608.152
2024-06-22,48,19,64826.48,33765.86240061638,32501.938251092794,36460.805
2024-06-29,48,19,66790.99,37056.038758233364,42317.64380488443,38459.16
2024-07-06,48,19,17082.53,42201.396328382936,52569.20822255502,58286.93
2024-07-13,48,19,60225.24,29711.931862615602,37939.20244190774,37683.688
2024-07-20,48,19,72311.24,42202.958870102426,39280.65342981563,38841.492
2024-07-27,48,19,71241.49,37011.15208676341,36740.93334428597,40726.59
2024-08-03,48,19,68291.46,35811.773701029444,39370.30474873488,40728.145
2024-08-10,48,19,26036.98,46695.40538980185,42078.58100579902,42134.793
2024-08-17,48,19,56015.4,45915.652775703915,43539.63465395762,43169.453
2024-08-24,48,19,28684.71,47402.059989110545,40908.02600452551,43141.047
2024-08-31,48,19,21032.07,47428.47433009518,38331.76739223884,42533.695
2024-06-01,48,20,52826.24,32907.86991027671,39741.810405226446,41305.25
2024-06-08,48,20,50606.08,39696.01104280414,38915.08330616467,41975.99
2024-06-15,48,20,10870.86,39132.891570976804,38764.01103588723,39860.31
2024-06-22,48,20,55937.54,37354.09716398353,37544.00337028774,41917.742
2024-06-29,48,20,43109.9,38302.10965253256,37719.56496609146,41590.55
2024-07-06,48,20,27308.46,43197.46885312254,50488.63845138627,52057.41
2024-07-13,48,20,60000.58,32861.05879634712,37676.36692712497,40754.047
2024-07-20,48,20,38842.14,44356.60262602903,38491.10676264874,39099.137
2024-07-27,48,20,65628.55,35141.59002121395,37426.033652834914,39918.56
2024-08-03,48,20,74720.96,32661.594900618067,40802.857288527855,41950.54
2024-08-10,48,20,46915.0,44306.822673448914,40960.283932609105,41016.875
2024-08-17,48,20,56135.06,42289.048677474544,40107.8158150833,41174.98
2024-08-24,48,20,27436.91,43751.534000488464,40453.75301781564,40669.297
2024-08-31,48,20,33397.43,46582.63266726568,38777.232699108106,43135.332
2024-06-01,49,1,31954.01,26341.58988169887,25591.567985074944,25552.953
2024-06-08,49,1,19705.37,32134.738034970083,25120.20979528958,25669.607
2024-06-15,49,1,36550.69,32487.747016391673,27991.671659242405,24767.021
2024-06-22,49,1,11499.11,32740.468811159495,25391.09510472836,25175.521
2024-06-29,49,1,39299.67,33674.462826116265,25807.838180982086,24447.07
2024-07-06,49,1,20352.99,47302.82358608235,45594.82429929554,33827.96
2024-07-13,49,1,6512.64,32065.052905409524,24453.22122015219,25711.441
2024-07-20,49,1,20322.8,33491.99537811967,25481.53599529648,26138.51
2024-07-27,49,1,33087.09,30963.50818905999,25807.430531324913,24795.95
2024-08-03,49,1,13832.62,36950.84425261069,26224.65449611129,25436.803
2024-08-10,49,1,20889.56,34431.77794201217,25736.829039108852,24976.693
2024-08-17,49,1,32234.79,32052.576314572558,25771.933489495557,23480.117
2024-08-24,49,1,41049.14,39249.90011312102,26077.014414759356,24481.307
2024-08-31,49,1,9897.68,29137.020406383126,26019.019087904493,26263.686
2024-06-01,49,2,17843.23,32326.60298901886,32069.725523652858,26836.838
2024-06-08,49,2,34315.2,36536.105359151035,31937.01208836417,28815.67
2024-06-15,49,2,39243.62,40500.27457670705,32841.31796820552,28064.59
2024-06-22,49,2,31165.6,38999.70116082685,31299.233217986985,27188.688
2024-06-29,49,2,24004.08,38515.22796491293,31077.82384444857,27156.91
2024-07-06,49,2,46169.25,48449.419499522635,44784.920158495064,39656.332
2024-07-13,49,2,46871.74,33188.74578941765,30634.39718030806,26974.06
2024-07-20,49,2,17556.61,38228.439807542105,31234.722221604494,26674.977
2024-07-27,49,2,25271.17,34998.45153719703,32359.692183155847,28399.6
2024-08-03,49,2,27530.07,42350.72088507667,33149.91347305275,27866.893
2024-08-10,49,2,6582.0,40149.59944201977,33548.606916085446,26484.145
2024-08-17,49,2,11343.07,36419.50691893913,26860.514808527223,25834.584
2024-08-24,49,2,9727.28,41062.228672909994,26396.244942630008,25871.115
2024-08-31,49,2,31399.63,29831.726148329108,25206.367194359093,26980.85
2024-06-01,49,3,13454.97,31120.361022822195,31100.043491613134,28774.523
2024-06-08,49,3,41611.63,36767.23083878606,30316.056660238966,28594.42
2024-06-15,49,3,37888.94,39214.03471628622,31009.3891751191,28786.969
2024-06-22,49,3,51004.56,37513.564017801065,31698.750553839378,29380.629
2024-06-29,49,3,47886.27,40267.4359489129,32100.86962808804,30213.447
2024-07-06,49,3,57876.13,50862.45496125917,45228.57631729461,40569.38
2024-07-13,49,3,28165.08,37216.598518690334,36443.04092802764,30459.4
2024-07-20,49,3,48850.95,39962.270039107956,34328.10673318051,29517.354
2024-07-27,49,3,6343.42,39374.25289261497,36797.43864057808,31112.79
2024-08-03,49,3,22099.91,47507.64155657289,35962.19633188642,32205.365
2024-08-10,49,3,9951.31,43779.25614055402,33030.08579387555,30234.299
2024-08-17,49,3,28319.03,41750.50217190459,31085.68603414054,29444.186
2024-08-24,49,3,25240.86,43895.68895568964,32904.67350970444,28839.285
2024-08-31,49,3,20250.62,31498.402845897137,27556.732452039236,26722.553
2024-06-01,49,4,29522.01,31269.65953944165,33660.168202891735,30728.592
2024-06-08,49,4,4440.13,35513.959158811034,28787.4011729192,26618.69
2024-06-15,49,4,35389.37,35315.44174632012,26700.105580079126,27170.377
2024-06-22,49,4,47067.2,33997.40094169271,27337.28083176591,28574.467
2024-06-29,49,4,28837.67,37234.57180596965,28611.719155651932,28763.28
2024-07-06,49,4,12742.57,48863.125281142806,48501.474221479075,34275.664
2024-07-13,49,4,16949.46,29772.250694854905,28816.0328878385,26344.328
2024-07-20,49,4,18249.06,32850.801944915336,27513.13829720285,26967.057
2024-07-27,49,4,23497.74,30343.414174935053,26902.621523528996,27303.62
2024-08-03,49,4,13708.57,35898.760194280934,27048.271025778497,27682.635
2024-08-10,49,4,36547.37,34578.519787240315,27472.635036494412,27491.898
2024-08-17,49,4,16643.87,34440.53779059895,27023.47487406461,26674.375
2024-08-24,49,4,49071.68,37914.97531313966,26812.50880569704,25971.834
2024-08-31,49,4,35150.3,29805.870264710284,28698.315439149515,27988.887
2024-06-01,49,5,53174.73,29485.39619432667,28696.668424486576,29209.033
2024-06-08,49,5,8225.04,38142.1071662685,33142.671341746645,30515.744
2024-06-15,49,5,20141.1,40610.937489170086,35375.59969182694,31173.555
2024-06-22,49,5,33794.72,37819.89099318813,32253.142689575747,30365.898
2024-06-29,49,5,10426.46,39553.70438496472,32064.556204765922,30341.104
2024-07-06,49,5,40667.82,48484.24448279401,45089.704828264395,38736.094
2024-07-13,49,5,14781.07,32270.492726495846,28757.303952768798,29540.63
2024-07-20,49,5,55163.81,35598.697507369994,27897.105900337407,28222.223
2024-07-27,49,5,27678.3,34687.52347329523,28561.14080442009,28273.535
2024-08-03,49,5,30784.16,38944.24815935845,28546.33568910107,28653.027
2024-08-10,49,5,5027.28,38348.89060384472,28524.10946789931,28998.775
2024-08-17,49,5,20576.08,37676.72038709176,27892.564082617933,27978.99
2024-08-24,49,5,45792.03,41184.86082005026,27930.34156711852,29575.38
2024-08-31,49,5,12271.19,34098.9704709037,28659.104224932675,28161.39
2024-06-01,49,6,47316.76,32901.09195302415,33631.23324641789,32418.385
2024-06-08,49,6,51225.88,38217.968649652175,33801.04294501507,33720.066
2024-06-15,49,6,21539.2,40047.43350216094,32204.045145409793,30669.07
2024-06-22,49,6,52813.31,38148.22864505218,33818.880845792315,32739.447
2024-06-29,49,6,56705.35,40209.737905434704,33832.20111718708,32053.547
2024-07-06,49,6,50654.35,53817.62354601942,44088.09953981029,49583.324
2024-07-13,49,6,51226.9,39808.5606637046,38347.27465215959,35370.125
2024-07-20,49,6,39217.01,41297.948743298184,38902.72247290331,35263.496
2024-07-27,49,6,22400.29,41251.010497983734,40991.288705165374,34921.39
2024-08-03,49,6,48389.71,47304.33579408612,39756.16948990364,35398.414
2024-08-10,49,6,27396.62,45771.474942154535,38835.51794235224,35050.51
2024-08-17,49,6,47048.72,44878.461706252,40025.02388605942,35385.082
2024-08-24,49,6,46224.02,49907.01768783475,39788.164248137866,35288.918
2024-08-31,49,6,27640.08,38416.69416451813,37946.40314024313,34074.5
2024-06-01,49,7,14743.01,31946.156012390304,30979.236492117074,32779.11
2024-06-08,49,7,41589.36,36462.68283052568,31921.263866809582,32926.473
2024-06-15,49,7,19606.48,38802.69716313878,31780.876788970287,32906.207
2024-06-22,49,7,37282.38,37592.85154227497,33314.474460588244,32770.82
2024-06-29,49,7,48088.02,38208.97046146005,33431.9390092835,32540.174
2024-07-06,49,7,70318.68,49984.142198012,44400.00636761956,43175.758
2024-07-13,49,7,45223.51,37392.16275462353,37838.87934554396,34231.582
2024-07-20,49,7,40928.3,39863.77415319496,36391.2992655192,34176.945
2024-07-27,49,7,13766.64,38310.40232101068,37884.028306582826,35040.92
2024-08-03,49,7,18495.19,47087.09443652938,38258.113596217765,36719.67
2024-08-10,49,7,39008.01,43201.58060305175,35204.57670115192,33846.633
2024-08-17,49,7,19919.93,43458.54712896682,36221.180626081994,34529.496
2024-08-24,49,7,31490.08,46894.54367537552,33454.86007931358,33690.367
2024-08-31,49,7,23964.78,34928.52538396178,37972.16002226696,34782.977
2024-06-01,49,8,35719.55,30724.778162281975,29714.430308092367,32442.89
2024-06-08,49,8,18438.62,36972.59293115579,33572.97198899325,32897.207
2024-06-15,49,8,55903.03,36122.357575923284,28745.487544425036,31146.102
2024-06-22,49,8,12968.68,38738.90889263868,34132.42004547644,33695.805
2024-06-29,49,8,8626.95,38994.57897960871,34268.87421820882,33966.05
2024-07-06,49,8,43670.86,48916.48915421106,50831.0335420727,40317.625
2024-07-13,49,8,21032.1,33105.027769935296,28964.574465429356,32071.895
2024-07-20,49,8,18380.97,34782.76316479821,28821.12646141159,32001.996
2024-07-27,49,8,16548.19,32397.564291689945,28513.913896091217,30715.344
2024-08-03,49,8,30466.4,37787.65062559594,27337.893746266112,30415.955
2024-08-10,49,8,26098.72,35565.59974827284,28398.667727217482,30534.375
2024-08-17,49,8,21687.34,32591.976143141663,26615.73660555256,29767.135
2024-08-24,49,8,36046.47,38521.52189919843,28148.684481717428,30256.518
2024-08-31,49,8,29776.17,30047.63959022629,28422.24247277824,30961.885
2024-06-01,49,9,18656.8,29376.463516433563,29560.062086160007,32977.754
2024-06-08,49,9,42411.14,34811.12123398958,29135.75801566095,32542.518
2024-06-15,49,9,41167.57,38246.78982596649,29897.849634019272,33731.242
2024-06-22,49,9,24149.73,38435.72858185321,34089.57876468999,33630.23
2024-06-29,49,9,25129.89,38725.28821511256,33263.31833307634,35145.438
2024-07-06,49,9,27197.64,50739.770150112694,46721.32804139318,45286.344
2024-07-13,49,9,22302.18,33209.76254798357,32170.332455781983,33613.727
2024-07-20,49,9,54146.67,35159.31347542193,31985.83278452998,33508.78
2024-07-27,49,9,54337.5,35298.140820206696,34016.973983848395,34861.26
2024-08-03,49,9,61015.8,43961.24168611011,35590.51596955026,35277.86
2024-08-10,49,9,32057.78,42869.30984185322,36453.58394787714,35911.574
2024-08-17,49,9,61739.27,40801.35836160334,34956.85403514099,35054.656
2024-08-24,49,9,24769.94,49336.008163326194,40061.8467712776,37841.51
2024-08-31,49,9,8918.73,40277.72040150908,39962.61845055725,38740.29
2024-06-01,49,10,67732.35,34558.09961846975,34714.3400045463,36712.844
2024-06-08,49,10,53119.14,43322.30181736066,42241.45580510266,38989.676
2024-06-15,49,10,7299.03,46173.534373280156,41530.30270068572,39049.812
2024-06-22,49,10,51622.44,42562.02193796926,38560.77110668758,39056.938
2024-06-29,49,10,20729.98,44888.91618412282,39728.77948154837,38958.285
2024-07-06,49,10,36980.15,55074.62178652507,45112.06852262769,51535.617
2024-07-13,49,10,23817.11,38685.6584285661,36958.42709291337,38216.453
2024-07-20,49,10,60110.18,40133.360737890485,34181.34495507007,34899.008
2024-07-27,49,10,53467.7,39938.226517174255,39506.282352117356,38245.22
2024-08-03,49,10,46964.67,44802.54277445201,35562.876248133536,36508.94
2024-08-10,49,10,16987.85,42245.34116481611,35405.071211633884,36591.62
2024-08-17,49,10,5669.26,42906.98493750187,35687.29299736024,36138.684
2024-08-24,49,10,55291.14,46872.133361786764,36624.04348937776,36529.934
2024-08-31,49,10,43259.44,39340.123105708546,37447.76133629968,37890.98
2024-06-01,49,11,39129.31,34175.73747409601,35783.98292582629,36532.633
2024-06-08,49,11,54589.78,40567.077069820494,39449.23195707671,37765.473
2024-06-15,49,11,9699.14,44319.962836914485,40533.75452232094,39314.797
2024-06-22,49,11,8756.76,43390.14657157333,39116.63443010847,39329.91
2024-06-29,49,11,13692.25,42757.94252190112,36344.42883174449,37969.34
2024-07-06,49,11,21238.62,54242.77422002862,51165.4762785803,46769.523
2024-07-13,49,11,30773.92,33044.49551469145,32684.926425860293,34275.793
2024-07-20,49,11,42956.48,35109.02029300996,28554.7333437607,32294.656
2024-07-27,49,11,45319.26,32454.72077391483,28874.80139993919,32237.803
2024-08-03,49,11,28184.26,38540.46463932039,28486.33573371801,32605.297
2024-08-10,49,11,40683.07,34662.3159874911,29752.615947503396,32028.44
2024-08-17,49,11,28287.81,35944.35107225949,29646.537380927526,32307.217
2024-08-24,49,11,28757.63,43245.339033768825,32247.923395398244,34624.83
2024-08-31,49,11,53456.64,33525.7204187045,32135.5234240901,35640.137
2024-06-01,49,12,49519.19,39593.933239685684,42286.560335202645,41728.23
2024-06-08,49,12,35471.57,45004.80577636898,43218.468043168796,41546.715
2024-06-15,49,12,67100.32,48146.812999331574,41795.34409666221,40749.016
2024-06-22,49,12,69077.76,46707.49881630863,44104.79233386658,41591.832
2024-06-29,49,12,68637.14,47740.90042177308,42237.37843547056,41817.418
2024-07-06,49,12,54721.54,61131.98901469478,69692.58607902621,58142.387
2024-07-13,49,12,11213.02,45864.587569854586,41294.59670368859,42501.01
2024-07-20,49,12,41706.77,49989.94193117748,44418.274086277255,41653.434
2024-07-27,49,12,39004.71,46670.316897285906,43201.40038197418,42040.133
2024-08-03,49,12,71507.07,51694.00240971405,41397.42053736558,41364.23
2024-08-10,49,12,42985.6,52410.97186974614,44721.751825823325,42540.086
2024-08-17,49,12,36113.71,47933.878173577505,43589.67076274416,40429.867
2024-08-24,49,12,30116.8,51294.45948819197,41305.46416504418,40959.63
2024-08-31,49,12,9788.38,39503.74925528063,38813.65907961246,38994.496
2024-06-01,49,13,37815.33,40401.28220931682,43037.79445249913,42465.73
2024-06-08,49,13,25917.13,46767.93501399353,44480.06190619194,42028.094
2024-06-15,49,13,62905.05,49170.04849849182,42034.03842343592,41823.16
2024-06-22,49,13,30395.06,46011.59058447342,42323.23394535642,41916.605
2024-06-29,49,13,66825.02,45428.26920633527,41754.176706842874,41986.863
2024-07-06,49,13,53931.89,58968.501802703984,48154.26591113207,53098.188
2024-07-13,49,13,48669.38,40964.25233337059,40029.077068642764,41025.8
2024-07-20,49,13,30417.12,42286.83678962452,40056.67534552048,40391.523
2024-07-27,49,13,54111.5,41684.800573495035,40289.06623539993,40799.453
2024-08-03,49,13,61693.41,48907.32281867459,41311.779040275636,40423.95
2024-08-10,49,13,9116.79,49663.047129139806,40717.448630942556,40410.004
2024-08-17,49,13,31362.95,46706.760409490395,41955.99526473434,42942.094
2024-08-24,49,13,48241.84,52797.58315906363,42110.01235677785,42801.45
2024-08-31,49,13,22541.33,41527.771211522035,40418.006723163424,41930.504
2024-06-01,49,14,43976.61,37135.41572306084,38928.47739055168,40894.56
2024-06-08,49,14,74640.5,42613.26665784362,39860.467216842335,40487.656
2024-06-15,49,14,64414.32,50041.67928491608,45574.85104280624,43356.957
2024-06-22,49,14,68601.17,48533.08334187122,44713.57830233607,44385.43
2024-06-29,49,14,13348.58,49541.91123789269,42849.327055904316,45085.344
2024-07-06,49,14,13317.26,61649.27957784301,63081.80176251314,54894.36
2024-07-13,49,14,10905.61,44815.0689638554,43849.893642090035,44828.23
2024-07-20,49,14,66538.96,44215.39961215463,38872.47937580521,40662.67
2024-07-27,49,14,58637.03,44671.13765903727,42514.5783365744,44124.99
2024-08-03,49,14,28638.94,51338.68918855463,43856.121163131334,44337.438
2024-08-10,49,14,44280.32,45197.155067397434,40088.08373411537,41800.324
2024-08-17,49,14,60378.12,41957.3402446089,39413.17730443856,38408.49
2024-08-24,49,14,46531.06,47008.475002862426,35669.99158200955,37272.75
2024-08-31,49,14,6818.01,38240.04890080462,38938.60429729667,41131.07
2024-06-01,49,15,25363.59,39692.69889801941,42286.64258167583,41506.78
2024-06-08,49,15,48115.34,43316.40714088889,42321.612019480664,42905.727
2024-06-15,49,15,79339.36,46568.275956657824,42600.45773264753,42330.23
2024-06-22,49,15,34414.16,49338.646141132944,45329.55089940913,44351.4
2024-06-29,49,15,27970.49,48352.746226092444,44339.634762688016,44666.188
2024-07-06,49,15,25739.39,58709.710673489164,48240.84358301322,57989.64
2024-07-13,49,15,51762.68,43206.43911588566,42259.2220065332,43483.42
2024-07-20,49,15,32661.9,44252.49275121406,40984.52584864564,42118.89
2024-07-27,49,15,16332.81,39428.25746907542,37107.64870589698,40649.22
2024-08-03,49,15,35383.04,45637.00152527148,39069.038275236315,41367.594
2024-08-10,49,15,15375.63,43307.6070398694,38274.567426144,40194.734
2024-08-17,49,15,53089.35,37558.447424598955,30064.35995645316,35285.953
2024-08-24,49,15,71447.87,45243.26891634738,35307.8675548527,37447.363
2024-08-31,49,15,38668.63,38504.63948713092,38907.81875750961,41187.254
2024-06-01,49,16,38506.87,43122.44156906501,46823.668375568326,44847.152
2024-06-08,49,16,60668.06,44698.1697022549,44131.93869079757,44546.445
2024-06-15,49,16,58695.81,47611.17689480393,42659.77938529768,43174.094
2024-06-22,49,16,28287.27,44943.1588469117,42937.77701545456,44867.49
2024-06-29,49,16,57393.7,45992.353673948484,42154.38625355651,43998.414
2024-07-06,49,16,84559.59,60275.183526657675,46898.82605349545,55728.31
2024-07-13,49,16,26760.12,48933.13722828149,41900.88953708598,45155.953
2024-07-20,49,16,71966.75,50199.25357736996,44520.87803232704,47407.035
2024-07-27,49,16,14055.0,47605.70438149236,44746.31893256729,45218.137
2024-08-03,49,16,35799.17,54617.32576331436,45110.324334993486,45400.42
2024-08-10,49,16,62427.11,49567.17974172197,41323.16533852318,44279.8
2024-08-17,49,16,37549.52,49787.86945945079,44791.302944348354,44504.93
2024-08-24,49,16,37413.23,53959.39316160726,43136.34702562031,45120.676
2024-08-31,49,16,8300.97,40943.025033091326,46573.090295524795,43737.656
2024-06-01,49,17,21722.29,43559.053155435395,45509.4834867794,47900.38
2024-06-08,49,17,7392.53,45469.56171754811,45372.564932382156,45183.496
2024-06-15,49,17,79973.95,44841.65799380465,37682.176406456405,42396.598
2024-06-22,49,17,31944.96,46756.84198762938,44162.08568108124,46877.94
2024-06-29,49,17,44596.71,45611.05799252128,42169.7294532246,46583.63
2024-07-06,49,17,66237.17,55790.97908180889,54960.532656788135,56133.17
2024-07-13,49,17,13035.48,40793.31381728349,42330.55973648479,44259.81
2024-07-20,49,17,79411.52,40331.61741936041,37077.150344548674,43038.234
2024-07-27,49,17,45781.35,43074.219749166296,46727.10456660995,44505.344
2024-08-03,49,17,83514.03,51398.48204009815,45393.941308107016,45958.83
2024-08-10,49,17,47369.41,54182.06251467091,44628.16508843915,49005.773
2024-08-17,49,17,82466.91,49497.61856870009,44904.758610291734,46151.977
2024-08-24,49,17,44433.33,58221.4016509836,44604.20972925618,47613.88
2024-08-31,49,17,46368.76,48343.888032043986,43079.099528851286,47792.793
2024-06-01,49,18,49850.57,39056.389057683606,44511.190732407595,47284.945
2024-06-08,49,18,86500.61,41051.88874687457,41910.54607236298,44728.824
2024-06-15,49,18,28756.04,48976.58582378677,49919.035331775856,48592.258
2024-06-22,49,18,55127.17,44476.33033846755,45721.667282170674,48839.848
2024-06-29,49,18,77530.95,47697.85380211925,45424.37903184956,46459.652
2024-07-06,49,18,26806.47,60331.011704946846,54121.53274689343,65561.95
2024-07-13,49,18,45348.78,41383.76378444116,42590.868832269625,48394.465
2024-07-20,49,18,58218.08,46780.183007112966,42678.592328763356,47095.305
2024-07-27,49,18,75097.25,48038.40927208223,45868.34114852217,47474.035
2024-08-03,49,18,44372.52,55005.73003155334,43359.912723597496,48385.53
2024-08-10,49,18,56117.17,49369.49802039208,42994.86412529319,47497.836
2024-08-17,49,18,47258.65,50109.754500998686,52049.9097874235,50538.223
2024-08-24,49,18,57287.81,55659.81447745319,45923.21219687206,47694.24
2024-08-31,49,18,36494.6,42787.32187214366,44994.60486856036,46139.285
2024-06-01,49,19,12350.37,44367.69167118955,44363.06657005267,48803.8
2024-06-08,49,19,17597.25,47922.06698441646,45497.933227676105,47637.91
2024-06-15,49,19,55147.56,48040.02041738187,42915.828861641785,48387.64
2024-06-22,49,19,70738.66,44354.39548109805,42217.557471736945,45016.473
2024-06-29,49,19,72640.39,48456.66277862706,47403.02838279454,48753.08
2024-07-06,49,19,76762.16,57649.289548760826,51091.44524587227,64601.492
2024-07-13,49,19,24802.87,41455.458953854955,42478.808244041225,44994.754
2024-07-20,49,19,42171.17,44661.46755367332,43167.510413085154,46980.47
2024-07-27,49,19,34779.62,44417.694213093455,45301.24704917054,48239.473
2024-08-03,49,19,77633.97,52825.6862152506,45867.96223949365,48924.703
2024-08-10,49,19,77454.16,54486.19322572958,41960.250298116465,48220.727
2024-08-17,49,19,85233.64,54289.86423696009,52221.227934551636,49916.812
2024-08-24,49,19,69205.48,59900.80797926368,44883.028343843485,50452.582
2024-08-31,49,19,57994.93,46729.07681876297,43837.61615016156,48062.832
2024-06-01,49,20,57046.67,42638.32138928082,48377.39399991767,52476.66
2024-06-08,49,20,85213.09,46339.62220014102,46710.774247902176,48383.86
2024-06-15,49,20,17347.37,51839.42750464923,44898.67880600221,54858.4
2024-06-22,49,20,18167.84,50624.117968449726,47619.68342282071,51412.61
2024-06-29,49,20,23930.25,51590.85300987404,49753.787256572636,49414.81
2024-07-06,49,20,90781.35,61737.90195716959,56301.9688673967,65296.562
2024-07-13,49,20,57964.55,45779.68801965695,50741.6228788501,52923.492
2024-07-20,49,20,16644.32,48068.59160301618,47076.95376155582,51804.902
2024-07-27,49,20,79683.47,44561.3169571072,49401.029852339154,50774.066
2024-08-03,49,20,19644.37,53133.367490110315,53038.9523512575,51334.586
2024-08-10,49,20,86432.53,46951.20562629072,42656.1612939831,49006.727
2024-08-17,49,20,53996.0,51205.15474162042,52860.03393340215,54525.758
2024-08-24,49,20,23774.78,58343.063470986635,50579.51201955528,55688.273
2024-08-31,49,20,74366.47,47334.11396360667,47864.231677664815,53682.703
2024-06-01,50,1,64765.93,37761.17652975469,36220.38753522064,37035.87
2024-06-08,50,1,58078.24,40608.940909335346,35255.79757930865,37804.14
2024-06-15,50,1,18295.44,40018.9446524011,31229.570212214057,35962.027
2024-06-22,50,1,30129.08,40045.38305259246,34822.3197512118,37448.79
2024-06-29,50,1,26808.79,42892.4991425802,33268.16968138627,35758.406
2024-07-06,50,1,42983.15,56875.33147221353,56691.18028655445,45365.258
2024-07-13,50,1,56304.84,49306.488998456196,40757.3560917864,38685.12
2024-07-20,50,1,30427.84,45511.18979498809,36941.68497695341,37281.1
2024-07-27,50,1,58121.17,50119.33829518279,37536.79880857829,35826.12
2024-08-03,50,1,50016.09,54250.42887922924,38160.241152882365,32394.584
2024-08-10,50,1,26006.34,49426.23533714013,33909.70911470652,37054.566
2024-08-17,50,1,32821.82,48179.33475966834,37278.27991390329,37343.848
2024-08-24,50,1,11155.37,50138.887938299646,36838.51597396508,36477.957
2024-08-31,50,1,58910.28,50709.478283966375,39661.14813755523,38200.92
2024-06-01,50,2,36043.78,44209.54782017666,39544.34142255402,41509.246
2024-06-08,50,2,36064.03,43334.3280561947,38421.47891479347,40962.44
2024-06-15,50,2,29623.87,40845.565547223916,40119.79166828903,41463.605
2024-06-22,50,2,32409.51,40650.975649818545,37786.73524595288,40818.01
2024-06-29,50,2,68084.73,41977.29427756111,38407.83640880692,40358.723
2024-07-06,50,2,61560.96,59313.32912879112,55945.669263024494,56294.97
2024-07-13,50,2,31868.61,51633.285860350115,38718.22591910137,39206.3
2024-07-20,50,2,12747.97,45781.583966750666,39715.832482194994,41129.207
2024-07-27,50,2,48859.95,51312.76686964281,38109.80491796466,39854.855
2024-08-03,50,2,21543.42,56717.10216815551,38760.47625534609,40122.152
2024-08-10,50,2,21301.55,50205.57238804078,39669.525109916314,41878.64
2024-08-17,50,2,15030.59,47430.25378997994,38115.33810610951,41197.195
2024-08-24,50,2,54641.23,47790.59702753283,38571.069469705995,39718.297
2024-08-31,50,2,30400.69,47996.692600531045,37834.88098498616,39603.953
2024-06-01,50,3,73219.27,45983.92426808385,46036.49882730905,43816.246
2024-06-08,50,3,66844.84,45879.42515250085,45164.66055487622,42811.04
2024-06-15,50,3,69114.56,43292.00477682437,46396.31777035944,42191.008
2024-06-22,50,3,75364.52,47561.18542950891,47871.87486460174,41484.68
2024-06-29,50,3,32038.08,51850.318671703535,51266.16607012875,44850.375
2024-07-06,50,3,15628.14,69723.82081755524,66964.57168513854,59600.07
2024-07-13,50,3,25988.8,61918.84612045845,54496.44244351953,46138.203
2024-07-20,50,3,23129.35,56149.64841334326,53001.29207800904,47389.63
2024-07-27,50,3,67463.87,54068.21750418994,48702.47905334195,46228.402
2024-08-03,50,3,63961.49,60406.71235685569,48659.92518479737,46302.188
2024-08-10,50,3,13492.13,54966.262454786855,47689.89757453434,45365.504
2024-08-17,50,3,18713.86,49321.3059708498,46833.03990696466,43193.773
2024-08-24,50,3,77025.5,48038.2107970181,44954.940588174715,39646.973
2024-08-31,50,3,64109.29,53121.77119787911,45801.687754251136,44626.082
2024-06-01,50,4,70702.74,50144.65533229602,46285.05412480079,45893.85
2024-06-08,50,4,59138.92,50287.08363519035,50333.86015035863,48008.883
2024-06-15,50,4,17310.72,45531.26222351201,46831.47707308771,42747.28
2024-06-22,50,4,80438.73,45391.74468057227,46489.52006350678,46481.94
2024-06-29,50,4,78954.4,50770.6525874289,48674.84124812527,44224.035
2024-07-06,50,4,28244.33,67845.35379953819,64094.767482640884,58388.957
2024-07-13,50,4,28889.71,60703.46280546014,54827.94388116244,49581.324
2024-07-20,50,4,39718.12,52247.67292555437,48547.65738464369,44909.074
2024-07-27,50,4,61325.83,58005.97884744782,48934.74885909608,45263.62
2024-08-03,50,4,29677.16,60148.83961503767,47859.77185631933,45916.99
2024-08-10,50,4,53965.96,53413.39977753988,47081.58868061563,47873.68
2024-08-17,50,4,70677.48,53470.739630013406,47539.798956230006,45450.457
2024-08-24,50,4,52043.3,54545.64886326786,48669.49588931894,44524.82
2024-08-31,50,4,57861.58,53113.401569869566,47349.25599348776,46761.97
2024-06-01,50,5,53910.52,54942.18126062245,49120.52130515781,45958.574
2024-06-08,50,5,18041.98,49809.97153494351,49257.796318576315,47901.97
2024-06-15,50,5,33702.63,45512.3020148058,49322.98032055056,47990.3
2024-06-22,50,5,69671.42,46577.89047978607,48212.938567712474,47552.027
2024-06-29,50,5,14096.38,49170.63287190916,47737.74276604154,45969.65
2024-07-06,50,5,49505.97,58672.94504364633,68376.21183375108,61193.37
2024-07-13,50,5,7484.6,52116.285197481375,47513.69495842993,46266.9
2024-07-20,50,5,24625.64,45714.062795070364,44849.50521663809,44063.773
2024-07-27,50,5,67664.56,47896.96818122028,47560.28343296331,41895.035
2024-08-03,50,5,54530.54,55153.69445548957,46607.04934801425,43836.64
2024-08-10,50,5,32028.13,52152.53369243007,48633.16330258015,45988.215
2024-08-17,50,5,10599.51,48250.30917635987,47790.225780730245,44326.234
2024-08-24,50,5,7278.75,47459.92639963849,46303.08926276593,42105.945
2024-08-31,50,5,24520.87,48156.80532216015,47036.67954012599,40508.777
2024-06-01,50,6,78903.03,60104.36496197161,53747.79874826951,49680.414
2024-06-08,50,6,25258.99,58495.16629843182,52758.04259236432,50080.188
2024-06-15,50,6,61967.53,55177.807562870505,54747.557256979475,49471.543
2024-06-22,50,6,16342.53,56618.87881273009,56685.400813351356,51467.566
2024-06-29,50,6,80033.38,55395.92662027971,50533.13661831596,49919.42
2024-07-06,50,6,14561.33,68430.15479497035,72003.76656136218,64104.055
2024-07-13,50,6,69827.03,57044.78996631437,49760.38841689272,48832.43
2024-07-20,50,6,74471.91,52645.61708355521,51092.61288934117,49607.656
2024-07-27,50,6,14877.93,59358.99029294456,50657.57268332693,46642.418
2024-08-03,50,6,18812.22,59572.49381311662,51153.54377732097,49626.66
2024-08-10,50,6,36755.3,55370.34663128203,48295.16440134137,46955.83
2024-08-17,50,6,59517.91,52003.49932540267,48007.13191370429,51561.914
2024-08-24,50,6,59960.74,54039.20759776516,51367.26895868397,52427.816
2024-08-31,50,6,77336.16,53047.448269534325,50020.7961588272,49190.457
2024-06-01,50,7,86703.27,56785.73521520977,53956.03017480265,51307.75
2024-06-08,50,7,10947.85,58126.4901172068,54966.77250878577,52837.656
2024-06-15,50,7,58632.94,53204.637146177374,55720.38814534023,55943.84
2024-06-22,50,7,54730.88,58185.453134735675,54326.709519395066,55470.066
2024-06-29,50,7,23017.43,57381.457227615836,53324.917631759585,52461.14
2024-07-06,50,7,40624.16,65872.71774194762,64449.84597766456,65964.79
2024-07-13,50,7,27842.34,55561.04533018637,50353.56120508275,49943.9
2024-07-20,50,7,64230.31,49673.896855281775,50127.8528978797,51071.94
2024-07-27,50,7,53266.02,53848.2416445358,50469.030606413115,50982.125
2024-08-03,50,7,49397.28,55776.16991436821,49519.36481060613,47782.094
2024-08-10,50,7,51575.36,53163.237514249115,50494.480217679295,50598.53
2024-08-17,50,7,80439.53,49598.281144240005,50325.21828555609,49245.156
2024-08-24,50,7,10096.7,53829.345791665044,51910.88113378613,49747.727
2024-08-31,50,7,61743.25,56262.19185225368,50804.608069967384,50944.855
2024-06-01,50,8,58032.1,45833.75862592997,47846.459983343484,48766.676
2024-06-08,50,8,54179.93,44431.14882783375,49439.36929072043,49107.79
2024-06-15,50,8,18444.31,38331.00967656596,48182.3325333892,47395.895
2024-06-22,50,8,60300.53,42884.5040663358,45782.84392371818,47417.16
2024-06-29,50,8,76698.82,46981.29259054671,46967.4075896272,49541.17
2024-07-06,50,8,26372.6,66139.0880036355,63458.19161130937,63709.918
2024-07-13,50,8,38316.55,58519.91863241622,50568.515787392884,52427.844
2024-07-20,50,8,82174.8,51741.210121414966,50322.31984294618,50932.08
2024-07-27,50,8,64929.98,58867.74023999554,50967.67341242643,50607.37
2024-08-03,50,8,94598.21,62624.1366924354,50985.20087344786,52013.14
2024-08-10,50,8,43946.22,60189.10871877659,56050.694116425,53315.203
2024-08-17,50,8,89592.58,59726.09509338838,52990.597963602624,53041.137
2024-08-24,50,8,30107.36,63082.82710511577,55758.30976006084,52438.027
2024-08-31,50,8,63655.78,63287.152870227284,54721.19294525414,54204.008
2024-06-01,50,9,100108.49,53761.20730177171,50559.27642344074,54517.87
2024-06-08,50,9,65933.09,53078.69698643988,53457.73201145913,53639.7
2024-06-15,50,9,38751.39,49704.21950210272,53281.671676910926,53713.293
2024-06-22,50,9,91050.78,51668.74156758098,50806.34566058664,51976.816
2024-06-29,50,9,21081.57,57326.99264260248,55215.15537809188,54160.402
2024-07-06,50,9,121059.73,72398.20430869272,68301.99689552936,74276.266
2024-07-13,50,9,24399.54,72687.66255033104,65180.0337492764,60504.496
2024-07-20,50,9,83685.31,63852.25203217491,58305.778063216654,57827.46
2024-07-27,50,9,37796.36,69618.56417604856,62618.86088514091,59344.94
2024-08-03,50,9,36061.98,70748.55322892772,57947.39393008454,59395.41
2024-08-10,50,9,68739.27,60946.39959198563,56250.282670886445,55794.68
2024-08-17,50,9,52666.59,61048.107614584726,54176.01980660419,55582.145
2024-08-24,50,9,36429.99,58058.24505808329,54085.53700182776,55415.9
2024-08-31,50,9,99461.87,59469.83199046099,56382.53525302904,58316.56
2024-06-01,50,10,41557.4,50344.988146008436,51454.457293232044,54683.41
2024-06-08,50,10,23728.47,48609.365511071876,49646.739624439404,51419.03
2024-06-15,50,10,16462.51,45187.05524941872,50321.61016059982,53449.242
2024-06-22,50,10,83481.78,48452.77365326261,48243.853027038735,52101.418
2024-06-29,50,10,78616.7,53476.384629321,51518.62225910009,54357.402
2024-07-06,50,10,116946.3,70723.69509916159,73618.65898294434,71384.25
2024-07-13,50,10,19363.65,63925.10155759677,60286.354165522105,58181.047
2024-07-20,50,10,85769.86,57290.29217406075,56467.09325623064,59116.08
2024-07-27,50,10,20064.21,63234.650051254364,57435.046173439274,58492.523
2024-08-03,50,10,101111.21,69192.4801290321,56150.16056076212,58242.19
2024-08-10,50,10,35215.27,68259.32226882054,64324.96086667878,60770.59
2024-08-17,50,10,96520.81,67043.79223250973,60710.8809419091,60254.53
2024-08-24,50,10,38403.16,68577.18698131558,64579.201087190806,59495.78
2024-08-31,50,10,101911.01,66390.23702345748,55669.13548501998,59283.305
2024-06-01,50,11,35879.84,54852.044292158906,54910.57676434631,54899.68
2024-06-08,50,11,62839.96,54683.8949174884,54214.592191997304,57020.44
2024-06-15,50,11,22740.85,56417.37083237334,54691.01657637619,57440.438
2024-06-22,50,11,72137.87,52710.80109476316,56639.15516726617,57084.797
2024-06-29,50,11,32673.0,56235.0348797876,55273.58947850565,57096.33
2024-07-06,50,11,111220.36,69653.21990541506,66008.2965126906,71461.53
2024-07-13,50,11,103642.93,65612.68235883518,60285.32523420249,61299.81
2024-07-20,50,11,69614.25,58834.530306057095,58106.69198866471,60198.8
2024-07-27,50,11,22433.04,64168.7991924982,57608.10700557332,60360.613
2024-08-03,50,11,9383.25,69929.44081506866,55670.93740894462,61763.258
2024-08-10,50,11,77065.09,64145.87149557737,57917.87809809829,60552.855
2024-08-17,50,11,58246.57,64595.134581198865,55858.3659506189,59733.043
2024-08-24,50,11,20663.08,63672.33358665002,56761.51556055558,59370.008
2024-08-31,50,11,71718.08,62822.39098462868,55444.84893050141,59486.207
2024-06-01,50,12,25746.44,68916.200757555,73559.61503352589,64613.56
2024-06-08,50,12,98297.95,66571.42167099027,66184.88750759832,63521.848
2024-06-15,50,12,13653.23,68151.08629697937,66429.61709937651,62838.23
2024-06-22,50,12,34194.5,68366.64342085831,67316.34888740652,62473.59
2024-06-29,50,12,13480.88,62825.16506127042,60180.26732385956,62453.06
2024-07-06,50,12,95710.52,74399.29923037285,70350.92842699878,75565.11
2024-07-13,50,12,110330.87,65178.819814264694,57497.23379215247,61874.72
2024-07-20,50,12,59773.84,61958.22547308292,60968.73003988853,61038.95
2024-07-27,50,12,18287.73,61437.60420184426,58292.67445108555,59468.0
2024-08-03,50,12,111113.13,66119.63207314364,54862.817528586944,57971.082
2024-08-10,50,12,42329.85,64495.619193263345,62034.65529491447,59929.2
2024-08-17,50,12,16602.85,63170.377487766054,55661.383853474734,62971.62
2024-08-24,50,12,86921.05,63789.62723355124,60097.55565641274,61187.97
2024-08-31,50,12,99844.03,70564.07300431497,60907.92152731732,60999.004
2024-06-01,50,13,56603.81,70761.63409919356,67928.70889515325,62602.1
2024-06-08,50,13,103931.52,68238.73294971688,66944.12810886797,64056.555
2024-06-15,50,13,104708.46,69825.65326439319,69888.67206900269,65252.996
2024-06-22,50,13,38161.29,72318.04177719948,69328.70154220289,64150.87
2024-06-29,50,13,26486.62,72843.18835021392,70436.30294313999,64578.19
2024-07-06,50,13,97507.11,84111.57064838186,82659.30152205724,80533.73
2024-07-13,50,13,62292.29,78325.67222026398,64664.0590008567,64808.98
2024-07-20,50,13,113942.94,66862.79867059647,65505.29882331567,64937.867
2024-07-27,50,13,66318.22,71767.31074826134,70053.78267147279,64952.562
2024-08-03,50,13,15344.07,74836.32349009649,67802.60028222362,60889.547
2024-08-10,50,13,52097.5,66986.97509947067,58433.54981912717,62211.58
2024-08-17,50,13,41245.97,63396.963397504784,56545.79828331206,62786.78
2024-08-24,50,13,34559.01,62098.8135962552,54689.2207523757,60689.64
2024-08-31,50,13,33690.63,61745.767728408675,61485.81865190256,64331.055
2024-06-01,50,14,64898.99,56318.52715724169,55625.55395177569,61902.332
2024-06-08,50,14,33103.54,54659.959826775965,53966.67539904001,62275.49
2024-06-15,50,14,42408.06,49664.85817100028,53032.13442852926,61732.27
2024-06-22,50,14,23817.36,48392.53162122414,51674.489730926725,56731.793
2024-06-29,50,14,99913.66,49998.03083071249,51042.17282509088,59004.773
2024-07-06,50,14,41081.08,70554.02582872563,64830.878683953815,76226.47
2024-07-13,50,14,13290.85,61325.428891072595,53342.00339110301,60736.844
2024-07-20,50,14,13242.04,53736.28864560775,51371.51134808516,62831.13
2024-07-27,50,14,22054.77,56093.47157867748,51878.8594871507,57715.645
2024-08-03,50,14,75964.42,53760.81439022642,49845.72136462886,54642.54
2024-08-10,50,14,48536.2,54238.43811015896,52093.01627177842,59003.984
2024-08-17,50,14,118128.28,51484.48987489468,52227.08112584307,57911.816
2024-08-24,50,14,21289.49,59761.92986998271,57273.9275304379,61892.023
2024-08-31,50,14,62272.19,55797.79143586502,51613.938212187284,58638.465
2024-06-01,50,15,26200.07,60003.539922278,58320.54182550673,64366.57
2024-06-08,50,15,50412.95,55029.47074578294,54184.799623728475,62790.453
2024-06-15,50,15,46834.91,49931.29543119617,53568.20078060527,64145.465
2024-06-22,50,15,118209.45,48678.96618192613,50522.39026484037,59893.42
2024-06-29,50,15,96590.47,58921.82975259373,61763.17054804803,66649.14
2024-07-06,50,15,52561.9,76280.89986087076,77723.04943039683,87590.87
2024-07-13,50,15,15631.49,67368.3193929625,58549.9752590594,67291.14
2024-07-20,50,15,41148.4,61611.0502563977,58128.746509571785,65458.414
2024-07-27,50,15,61936.24,62788.128139415545,54339.05142428712,63771.19
2024-08-03,50,15,121288.47,67553.1610049041,53857.81063384024,62567.363
2024-08-10,50,15,83450.71,70550.73976769898,64950.07639743584,66234.19
2024-08-17,50,15,98576.72,67785.25915791301,69133.25162361492,68245.68
2024-08-24,50,15,38285.18,65638.87070553374,68388.7339948403,69656.47
2024-08-31,50,15,80555.53,65572.86395660302,57474.348489449854,66568.516
2024-06-01,50,16,28397.42,65465.517363693994,61542.91961821442,71555.61
2024-06-08,50,16,43071.74,61622.25984307491,62351.73847158902,65771.016
2024-06-15,50,16,85295.36,55664.93472474174,54578.7134130778,65172.94
2024-06-22,50,16,98369.38,60260.63004466856,58333.60244444931,67982.81
2024-06-29,50,16,78141.82,65189.41939504745,67631.52038815107,72496.56
2024-07-06,50,16,159761.06,74691.23192338107,76003.19838275257,89630.64
2024-07-13,50,16,112744.2,73905.9766758075,65480.199907385344,70148.24
2024-07-20,50,16,101981.49,68676.10242259974,67572.25856140282,71422.12
2024-07-27,50,16,119968.2,76440.80348737241,71574.36636674315,73424.5
2024-08-03,50,16,10563.99,87133.5896594103,72972.77696262131,62333.93
2024-08-10,50,16,39193.87,85294.26771408756,70410.27975204511,70379.13
2024-08-17,50,16,84423.31,81592.96784464124,70377.41616074168,73150.32
2024-08-24,50,16,122550.44,82594.01296844045,73445.17462752652,70286.67
2024-08-31,50,16,53725.7,84379.28392058678,73489.58943039743,67536.17
2024-06-01,50,17,17971.33,60579.15253353204,57475.95689088067,67578.01
2024-06-08,50,17,96307.26,53067.35276783721,55408.574054878634,65288.953
2024-06-15,50,17,27359.38,54222.77596224221,60857.37361719372,69868.38
2024-06-22,50,17,32637.92,54871.93130111145,56165.41905692096,68197.57
2024-06-29,50,17,75469.21,56495.89472251756,57357.246473134386,69123.37
2024-07-06,50,17,117921.5,70653.29587502265,87388.26716698022,91017.35
2024-07-13,50,17,75767.23,68491.74722681488,61701.83115696585,67536.734
2024-07-20,50,17,109786.2,58877.540178722564,57237.12271892708,67661.61
2024-07-27,50,17,130781.98,65106.97278176275,60948.393973704355,67427.68
2024-08-03,50,17,58648.06,77527.47994503638,70624.47548973076,71038.51
2024-08-10,50,17,44247.46,71821.19217601098,71345.67800958727,70517.586
2024-08-17,50,17,110041.89,73630.63144329042,73886.35392894165,73664.234
2024-08-24,50,17,124656.75,81197.02523233648,71692.05937557529,72114.05
2024-08-31,50,17,100777.5,83782.97955936292,71828.69202931669,73237.086
2024-06-01,50,18,14026.89,61937.69648354094,68457.26914167209,71878.28
2024-06-08,50,18,40515.95,60059.11409835416,63974.7928975516,70962.05
2024-06-15,50,18,102714.26,48298.042899593296,60688.296089349904,65683.79
2024-06-22,50,18,107927.14,57755.11597974494,67703.53377871368,70229.48
2024-06-29,50,18,16978.66,62857.56647964613,64141.523591959354,68121.43
2024-07-06,50,18,159067.38,70850.9664149743,81113.0604549547,83516.33
2024-07-13,50,18,126615.4,68869.48531262935,75669.8801939845,77175.336
2024-07-20,50,18,40861.87,69496.77185452156,69607.03054042676,76090.84
2024-07-27,50,18,134618.92,75288.85196912213,71458.02141939518,74764.69
2024-08-03,50,18,122201.25,87286.80969765226,73533.51154111393,67847.18
2024-08-10,50,18,100061.09,86904.1213431617,73763.9341680932,74099.305
2024-08-17,50,18,55438.47,82792.57107799457,73169.35566515147,76169.88
2024-08-24,50,18,86274.36,80995.60418410282,81820.76168230407,75150.98
2024-08-31,50,18,62173.52,86007.20690742094,69420.32769968874,73330.664
2024-06-01,50,19,106410.54,67232.29965678541,66419.75018394686,72763.055
2024-06-08,50,19,58037.76,69444.87976253807,72577.94767353266,76080.26
2024-06-15,50,19,22591.04,63483.58090832136,75139.92624211237,72695.63
2024-06-22,50,19,50310.43,69126.43082806983,68543.77358588386,71099.48
2024-06-29,50,19,56589.16,67877.95646788736,69312.05615405165,73325.91
2024-07-06,50,19,187287.99,76589.53540967431,86811.06427672997,99046.43
2024-07-13,50,19,95393.89,82876.28849981131,72848.8932369919,76869.84
2024-07-20,50,19,109380.78,75985.63508670364,73899.54615430949,75510.86
2024-07-27,50,19,66760.73,77508.62015615284,70826.5576906171,77340.59
2024-08-03,50,19,95790.31,81313.91589532464,73282.29826466624,71950.805
2024-08-10,50,19,112075.88,74353.84032623834,77735.99864117352,78290.65
2024-08-17,50,19,47664.21,79133.49502540618,72703.47709866245,75070.875
2024-08-24,50,19,88234.55,81165.09014865052,75734.95607666939,76757.93
2024-08-31,50,19,101038.84,84017.3283959984,74335.10242241334,82128.15
2024-06-01,50,20,66139.72,78314.04141561742,71776.14676806549,78852.76
2024-06-08,50,20,93189.32,70622.54889452545,73341.70129034141,73429.42
2024-06-15,50,20,101167.9,66999.86639086637,70521.85827064187,75471.664
2024-06-22,50,20,90572.51,73694.96674388082,73279.0887343038,69435.38
2024-06-29,50,20,130417.87,71188.6459097646,76898.45234500708,75251.695
2024-07-06,50,20,23113.65,84995.27611303065,98930.02083469022,96553.54
2024-07-13,50,20,129933.96,77475.21031488504,66958.52148570499,65146.09
2024-07-20,50,20,106125.06,74637.01865677073,69476.78676262677,77805.86
2024-07-27,50,20,128395.06,83742.76998268781,73125.5801077748,76748.78
2024-08-03,50,20,74998.44,90523.57781045698,74816.87076922168,71701.195
2024-08-10,50,20,117098.49,81392.46873839473,72888.68934414857,70410.71
2024-08-17,50,20,12829.27,80296.85781010464,71593.44214085973,73061.72
2024-08-24,50,20,68927.54,81959.77511970885,67760.36311825269,71190.37
2024-08-31,50,20,80052.07,78232.56455279753,73135.85272545529,81325.02
